player_id,season,appearances,minutes_played,goals,assists,yellow_cards,red_cards,name,date_of_birth,sub_position,position,foot,height_in_cm,age_at_season_end,market_value_eur
2857,2016,22,1980,0,0,0,0,Eldin Jakupovic,1984-10-02,Goalkeeper,Goalkeeper,right,191.0,32.7419575633128,1000000.0
2998,2016,33,2929,2,2,9,0,Robert Huth,1984-08-18,Centre-Back,Defender,,,32.865160848733744,5000000.0
3146,2016,5,450,0,0,1,0,Shay Given,1976-04-20,Goalkeeper,Goalkeeper,right,185.0,41.1937029431896,250000.0
3160,2016,9,492,1,0,1,0,John Terry,1980-12-07,Centre-Back,Defender,right,187.0,36.56125941136208,1000000.0
3291,2016,33,2113,2,1,10,0,Gareth Barry,1981-02-23,Defensive Midfield,Midfield,left,184.0,36.34770704996578,1500000.0
3292,2016,14,1104,1,0,4,0,Joey Barton,1982-09-02,Central Midfield,Midfield,right,180.0,34.82546201232033,1000000.0
3306,2016,23,1296,4,2,1,0,Jonathan Walters,1983-09-20,Right Winger,Attack,right,183.0,33.776865160848736,2500000.0
3332,2016,25,1540,5,5,8,0,Wayne Rooney,1985-10-24,Centre-Forward,Attack,right,176.0,31.682409308692677,15000000.0
3333,2016,36,3159,7,3,5,0,James Milner,1986-01-04,Central Midfield,Midfield,right,175.0,31.485284052019164,12000000.0
3455,2016,28,2437,17,5,7,0,Zlatan Ibrahimović,1981-10-03,Centre-Forward,Attack,right,195.0,35.73990417522245,10000000.0
3540,2016,28,2160,0,1,5,0,John O'Shea,1981-04-30,Centre-Back,Defender,right,192.0,36.167008898015055,1000000.0
3547,2016,38,3235,2,3,0,0,Darren Fletcher,1984-02-01,Central Midfield,Midfield,right,184.0,33.40999315537303,2000000.0
3630,2016,3,270,0,0,0,0,Paul Robinson,1979-10-15,Goalkeeper,Goalkeeper,right,193.0,37.70841889117043,250000.0
3875,2016,37,3323,15,2,1,0,Jermain Defoe,1982-10-07,Centre-Forward,Attack,right,171.0,34.729637234770706,5000000.0
3878,2016,23,1599,0,0,2,0,Michael Carrick,1981-07-28,Defensive Midfield,Midfield,right,189.0,35.9233401779603,1500000.0
3881,2016,23,1955,0,0,1,0,Glen Johnson,1984-08-23,Right-Back,Defender,both,182.0,32.851471594798085,5000000.0
4055,2016,21,1770,1,2,7,0,Dean Marney,1984-01-31,Central Midfield,Midfield,right,183.0,33.412731006160165,1000000.0
4063,2016,30,2212,1,3,1,0,Stewart Downing,1984-07-22,Left Winger,Attack,left,180.0,32.93908281998631,3500000.0
4072,2016,27,1335,7,3,3,0,Peter Crouch,1981-01-30,Centre-Forward,Attack,right,201.0,36.41341546885695,1500000.0
4233,2016,2,180,0,0,1,0,Adam Federici,1985-01-31,Goalkeeper,Goalkeeper,right,188.0,32.41067761806981,1000000.0
4241,2016,2,123,0,0,0,0,Joleon Lescott,1982-08-16,Centre-Back,Defender,left,191.0,34.87200547570158,1000000.0
4311,2016,19,1684,0,0,2,0,Maarten Stekelenburg,1982-09-22,Goalkeeper,Goalkeeper,right,197.0,34.770704996577685,2000000.0
4321,2016,15,808,0,0,7,0,Steven Pienaar,1982-03-17,Left Midfield,Midfield,both,170.0,35.28815879534565,1000000.0
5658,2016,35,3098,0,0,2,0,Petr Cech,1982-05-20,Goalkeeper,Goalkeeper,left,196.0,35.1129363449692,7000000.0
6636,2016,36,3103,2,4,10,0,Christian Fuchs,1986-04-07,Left-Back,Defender,left,187.0,31.23066392881588,6000000.0
6710,2016,1,37,0,0,0,0,Per Mertesacker,1984-09-29,Centre-Back,Defender,right,200.0,32.7501711156742,6000000.0
7449,2016,25,2125,1,0,2,0,Gaël Clichy,1985-07-26,Left-Back,Defender,left,176.0,31.928815879534564,7000000.0
7589,2016,28,2520,0,0,1,0,Víctor Valdés,1982-01-14,Goalkeeper,Goalkeeper,right,183.0,35.45790554414784,2000000.0
8552,2016,6,72,0,0,0,0,Arouna Koné,1983-11-11,Centre-Forward,Attack,right,181.0,33.634496919917865,1500000.0
8806,2016,29,1328,5,12,8,0,Cesc Fàbregas,1987-05-04,Central Midfield,Midfield,right,179.0,30.157426420260094,35000000.0
9500,2016,16,1440,0,0,0,0,David Marshall,1985-03-05,Goalkeeper,Goalkeeper,right,187.0,32.32032854209446,3000000.0
9508,2016,9,278,1,2,0,0,Shaun Maloney,1983-01-24,Attacking Midfield,Midfield,right,171.0,34.431211498973305,1000000.0
9594,2016,11,823,3,0,5,0,Vincent Kompany,1986-04-10,Centre-Back,Defender,right,190.0,31.222450376454482,22000000.0
9988,2016,22,1721,3,0,4,0,Michael Dawson,1983-11-18,Centre-Back,Defender,right,189.0,33.61533196440794,2500000.0
10003,2016,27,2430,1,1,3,0,Wes Morgan,1984-01-21,Centre-Back,Defender,right,185.0,33.440109514031484,3000000.0
11111,2016,23,1539,0,1,0,0,Ramiro Funes Mori,1991-03-05,Centre-Back,Defender,left,187.0,26.321697467488022,12000000.0
12124,2016,30,2278,0,1,5,0,Glenn Whelan,1984-01-13,Defensive Midfield,Midfield,right,180.0,33.46201232032854,2500000.0
12282,2016,23,1829,1,2,2,0,Daley Blind,1990-03-09,Centre-Back,Defender,left,180.0,27.310061601642712,22000000.0
12691,2016,22,1654,2,0,3,0,James Collins,1983-08-23,Centre-Back,Defender,right,188.0,33.85352498288843,2000000.0
13091,2016,25,1948,5,0,4,0,Yaya Touré,1983-05-13,Central Midfield,Midfield,right,188.0,34.13278576317591,8000000.0
13460,2016,28,2520,0,0,1,0,Lee Grant,1983-01-27,Goalkeeper,Goalkeeper,right,193.0,34.42299794661191,1000000.0
13465,2016,31,2024,1,1,5,1,Tom Huddlestone,1986-12-28,Defensive Midfield,Midfield,right,188.0,30.50513347022587,5000000.0
13507,2016,32,2821,2,4,4,0,Leighton Baines,1984-12-11,Left-Back,Defender,left,170.0,32.550308008213555,12000000.0
13520,2016,27,2251,3,1,6,0,Phil Jagielka,1982-08-17,Centre-Back,Defender,right,180.0,34.86926762491444,2000000.0
13572,2016,38,3420,0,0,2,0,Ben Foster,1983-04-03,Goalkeeper,Goalkeeper,left,193.0,34.24229979466119,4000000.0
13573,2016,34,2940,0,1,4,1,Simon Francis,1985-02-16,Right-Back,Defender,right,191.0,32.3668720054757,2500000.0
13796,2016,13,707,1,0,1,0,Grant Leadbitter,1986-01-07,Central Midfield,Midfield,right,177.0,31.477070499657767,2000000.0
14066,2016,27,1928,3,1,1,0,Wayne Routledge,1985-01-07,Left Winger,Attack,right,170.0,32.47638603696099,2500000.0
14081,2016,4,51,0,0,0,1,Ben Watson,1985-07-09,Central Midfield,Midfield,right,178.0,31.975359342915812,1000000.0
14086,2016,12,758,0,1,2,0,Ashley Young,1985-07-09,Right-Back,Defender,both,175.0,31.975359342915812,5000000.0
14221,2016,11,509,0,1,0,0,Aaron Lennon,1987-04-16,Right Winger,Attack,right,165.0,30.206707734428473,5000000.0
15220,2016,35,3150,0,0,2,0,Artur Boruc,1980-02-20,Goalkeeper,Goalkeeper,right,193.0,37.35797399041752,1000000.0
15760,2016,12,377,0,0,0,0,Ibrahim Afellay,1986-04-02,Attacking Midfield,Midfield,right,181.0,31.24435318275154,3000000.0
15773,2016,15,1171,0,0,6,0,Phil Bardsley,1985-06-28,Right-Back,Defender,right,180.0,32.00547570157426,1500000.0
15799,2016,8,619,2,2,2,0,Santi Cazorla,1984-12-13,Central Midfield,Midfield,both,168.0,32.544832306639286,12000000.0
15956,2016,24,1057,0,2,2,0,Jesús Navas,1985-11-21,Right Midfield,Midfield,right,170.0,31.60574948665298,12000000.0
16911,2016,30,2667,0,0,1,0,Kasper Schmeichel,1986-11-05,Goalkeeper,Goalkeeper,right,189.0,30.650239561943874,10000000.0
16947,2016,1,90,0,0,0,0,Marcin Wasilewski,1980-06-09,Centre-Back,Defender,right,186.0,37.05681040383299,50000.0
17396,2016,10,269,0,0,0,0,Mathieu Flamini,1984-03-07,Defensive Midfield,Midfield,right,178.0,33.31416837782341,2000000.0
17965,2016,34,3005,0,0,0,0,Hugo Lloris,1986-12-26,Goalkeeper,Goalkeeper,left,188.0,30.510609171800137,24000000.0
18227,2016,26,2137,0,2,4,0,Curtis Davies,1985-03-15,Centre-Back,Defender,right,188.0,32.29295003422313,2500000.0
18644,2016,36,2879,9,4,5,0,Álvaro Negredo,1985-08-20,Centre-Forward,Attack,left,186.0,31.860369609856264,7500000.0
18935,2016,1,15,0,0,0,0,Samir Nasri,1987-06-26,Attacking Midfield,Midfield,right,177.0,30.012320328542096,16000000.0
19059,2016,38,3339,0,0,1,0,Heurelho Gomes,1981-02-15,Goalkeeper,Goalkeeper,right,191.0,36.369609856262834,1000000.0
19368,2016,30,2065,1,2,5,0,Mousa Dembélé,1987-07-16,Central Midfield,Midfield,left,185.0,29.95756331279945,18000000.0
19948,2016,17,1451,0,0,0,0,Willy Caballero,1981-09-28,Goalkeeper,Goalkeeper,right,186.0,35.75359342915811,1500000.0
20007,2016,20,1059,1,1,2,0,Pablo Zabaleta,1985-01-16,Right-Back,Defender,right,176.0,32.4517453798768,7000000.0
21327,2016,9,753,0,0,0,0,Ron-Robert Zieler,1989-02-12,Goalkeeper,Goalkeeper,right,188.0,28.37782340862423,7000000.0
21905,2016,27,2036,0,0,7,0,Valon Behrami,1985-04-19,Defensive Midfield,Midfield,right,184.0,32.19712525667351,2500000.0
22614,2016,35,2550,7,5,2,0,Robert Snodgrass,1987-09-07,Right Winger,Attack,left,182.0,29.812457221081452,8000000.0
23951,2016,9,810,0,0,0,0,Steve Mandanda,1985-03-28,Goalkeeper,Goalkeeper,right,187.0,32.257357973990416,8000000.0
24634,2016,1,87,0,0,1,0,David Jones,1984-11-04,Central Midfield,Midfield,left,183.0,32.65160848733744,1500000.0
25248,2016,7,591,0,0,3,0,Jonas Olsson,1983-03-10,Centre-Back,Defender,left,193.0,34.30800821355236,1100000.0
25366,2016,5,103,0,0,0,0,Michael Kightly,1986-01-24,Left Winger,Attack,right,173.0,31.430527036276523,1000000.0
26267,2016,32,2755,2,1,4,2,Fernandinho,1985-05-04,Defensive Midfield,Midfield,right,179.0,32.15605749486653,18000000.0
26276,2016,5,415,0,0,0,0,Michel Vorm,1983-10-20,Goalkeeper,Goalkeeper,right,183.0,33.69472963723477,4000000.0
26399,2016,31,2406,20,4,4,1,Sergio Agüero,1988-06-02,Centre-Forward,Attack,right,173.0,29.075975359342916,65000000.0
26456,2016,3,206,0,1,0,0,Mauro Zárate,1987-03-18,Centre-Forward,Attack,right,175.0,30.286105407255306,2000000.0
26669,2016,20,1408,0,0,3,0,Ragnar Klavan,1985-10-30,Centre-Back,Defender,left,187.0,31.665982203969882,3500000.0
26764,2016,17,1345,0,1,2,0,Bacary Sagna,1983-02-14,Right-Back,Defender,right,176.0,34.37371663244353,4000000.0
27114,2016,23,1915,2,0,2,0,Younès Kaboul,1986-01-04,Centre-Back,Defender,right,192.0,31.485284052019164,2500000.0
27306,2016,1,16,0,0,0,0,Mathieu Debuchy,1985-07-28,Centre-Back,Defender,right,177.0,31.923340177960302,3500000.0
27511,2016,37,3298,6,0,5,0,Gary Cahill,1985-12-19,Centre-Back,Defender,right,193.0,31.529089664613277,16000000.0
27614,2016,31,1734,5,2,3,0,James Morrison,1986-05-25,Central Midfield,Midfield,right,183.0,31.09924709103354,5000000.0
28140,2016,11,125,0,0,3,0,Max Gradel,1987-11-30,Left Winger,Attack,right,175.0,29.582477754962355,7000000.0
28260,2016,3,256,0,0,3,0,Álvaro Arbeloa,1983-01-17,Right-Back,Defender,right,184.0,34.450376454483234,1500000.0
28336,2016,1,90,0,0,0,0,Mile Jedinak,1984-08-03,Defensive Midfield,Midfield,right,187.0,32.90622861054072,4500000.0
28973,2016,32,2644,0,3,3,0,Steven Davis,1985-01-01,Central Midfield,Midfield,right,172.0,32.492813141683776,6000000.0
28990,2016,24,1495,1,4,7,0,Charlie Adam,1985-12-10,Central Midfield,Midfield,left,185.0,31.55373032169747,3500000.0
29434,2016,32,2133,4,3,7,0,Yohan Cabaye,1986-01-14,Central Midfield,Midfield,right,173.0,31.457905544147845,15000000.0
29692,2016,37,3330,0,0,1,0,Lukasz Fabianski,1985-04-18,Goalkeeper,Goalkeeper,right,190.0,32.199863107460644,9000000.0
29975,2016,22,1802,0,2,3,0,Andrew Surman,1986-08-20,Central Midfield,Midfield,left,178.0,30.861054072553046,2000000.0
30456,2016,4,256,0,0,3,0,Marc Wilson,1987-08-17,Centre-Back,Defender,both,188.0,29.869952087611225,2500000.0
30690,2016,2,180,0,0,0,0,Sergio Romero,1987-02-22,Goalkeeper,Goalkeeper,right,192.0,30.351813826146476,6000000.0
31642,2016,19,1628,0,1,1,0,Geoff Cameron,1985-07-11,Centre-Back,Defender,right,190.0,31.969883641341546,3000000.0
31720,2016,21,1471,0,1,4,1,Sebastian Larsson,1985-06-06,Central Midfield,Midfield,right,178.0,32.06570841889117,2500000.0
31835,2016,30,2398,3,0,10,0,Mark Noble,1987-05-08,Central Midfield,Midfield,right,180.0,30.146475017111566,7000000.0
32522,2016,26,2196,0,0,5,0,Antonio Barragán,1987-06-12,Right-Back,Defender,right,186.0,30.050650239561943,3000000.0
33507,2016,2,11,0,0,0,0,Lukas Jutkiewicz,1989-03-28,Centre-Forward,Attack,left,185.0,28.257357973990416,1500000.0
33544,2016,28,2483,1,3,5,0,Antonio Valencia,1985-08-04,Right-Back,Defender,right,180.0,31.904175222450377,10000000.0
33639,2016,35,2080,4,7,2,0,Kevin Mirallas,1987-10-05,Attacking Midfield,Midfield,right,182.0,29.73579739904175,13000000.0
33713,2016,28,1924,10,2,1,0,Theo Walcott,1989-03-16,Right Winger,Attack,both,175.0,28.290212183436,20000000.0
33781,2016,9,810,0,0,0,0,Vito Mannone,1988-03-02,Goalkeeper,Goalkeeper,right,188.0,29.32785763175907,2500000.0
33829,2016,33,2935,0,0,4,0,José Fonte,1983-12-22,Centre-Back,Defender,right,191.0,33.52224503764545,7000000.0
33866,2016,21,1078,1,3,1,0,Steven Defour,1988-04-15,Defensive Midfield,Midfield,right,175.0,29.207392197125255,6000000.0
33873,2016,2,180,0,0,0,0,Asmir Begovic,1987-06-20,Goalkeeper,Goalkeeper,right,199.0,30.028747433264886,8000000.0
33963,2016,4,40,0,0,0,0,David Nugent,1985-05-02,Centre-Forward,Attack,right,180.0,32.16153319644079,3000000.0
34130,2016,35,3150,0,0,1,0,Tom Heaton,1986-04-15,Goalkeeper,Goalkeeper,right,188.0,31.208761122518823,4000000.0
34409,2016,18,1161,1,0,1,0,Joe Ledley,1987-01-23,Central Midfield,Midfield,left,183.0,30.43394934976044,3500000.0
34691,2016,37,3232,1,1,5,0,Stephen Ward,1985-08-20,Left-Back,Defender,left,184.0,31.860369609856264,1500000.0
35249,2016,19,955,4,0,5,0,Stefano Okaka,1989-08-09,Centre-Forward,Attack,right,186.0,27.890485968514717,6000000.0
35413,2016,3,57,0,1,0,0,Lewis Grabban,1988-01-12,Centre-Forward,Attack,right,183.0,29.464750171115675,3000000.0
35518,2016,34,2768,4,8,6,0,David Silva,1986-01-08,Attacking Midfield,Midfield,left,170.0,31.474332648870636,30000000.0
35564,2016,33,2454,15,1,2,0,Fernando Llorente,1985-02-26,Centre-Forward,Attack,right,195.0,32.33949349760438,6000000.0
35664,2016,33,2847,8,11,2,0,Mesut Özil,1988-10-15,Attacking Midfield,Midfield,left,180.0,28.706365503080082,50000000.0
36139,2016,33,2426,3,6,4,0,Dušan Tadić,1988-11-20,Right Winger,Attack,left,181.0,28.607802874743328,17000000.0
36814,2016,31,2478,3,4,5,0,Chris Brunt,1984-12-14,Central Midfield,Midfield,left,187.0,32.54209445585216,4000000.0
36827,2016,13,584,0,0,2,0,Branislav Ivanovic,1984-02-22,Right-Back,Defender,right,185.0,33.35249828884326,5000000.0
36861,2016,30,2007,0,2,8,0,Damien Delaney,1981-07-20,Centre-Back,Defender,left,190.0,35.945242984257355,1000000.0
36866,2016,27,2271,1,0,8,0,Billy Jones,1987-03-24,Right-Back,Defender,right,182.0,30.269678302532512,1500000.0
36939,2016,21,1332,2,3,1,0,Marc Pugh,1987-04-02,Left Winger,Attack,right,180.0,30.245037645448324,2000000.0
37011,2016,8,211,0,1,0,0,Nathan Dyer,1987-11-29,Right Winger,Attack,right,165.0,29.585215605749486,3500000.0
37171,2016,9,213,0,1,1,0,Craig Gardner,1986-11-25,Central Midfield,Midfield,right,176.0,30.595482546201232,3500000.0
37304,2016,32,1249,3,2,2,0,Shane Long,1987-01-22,Centre-Forward,Attack,both,180.0,30.43668720054757,9000000.0
37363,2016,8,640,0,0,4,0,Lee Cattermole,1988-03-21,Defensive Midfield,Midfield,right,178.0,29.27583846680356,3000000.0
37442,2016,35,2990,0,2,12,0,Danny Simpson,1987-01-04,Right-Back,Defender,right,176.0,30.48596851471595,5000000.0
37526,2016,30,2590,2,3,10,0,Winston Reid,1988-07-03,Centre-Back,Defender,right,191.0,28.99110198494182,10000000.0
37647,2016,18,1515,2,7,2,0,Dimitri Payet,1987-03-29,Attacking Midfield,Midfield,right,175.0,30.255989048596852,26000000.0
37838,2016,29,2554,2,1,6,0,Dejan Lovren,1989-07-05,Centre-Back,Defender,right,188.0,27.98631074606434,17000000.0
37920,2016,15,1147,0,5,1,0,Kamil Grosicki,1988-06-08,Left Winger,Attack,right,180.0,29.059548254620122,7000000.0
37941,2016,21,814,1,1,1,0,Camilo Zúñiga,1985-12-14,Right-Back,Defender,right,172.0,31.54277891854894,1500000.0
37981,2016,33,2772,1,2,12,0,Sebastian Prödl,1987-06-21,Centre-Back,Defender,right,194.0,30.026009582477755,4000000.0
38073,2016,15,1253,2,0,2,0,Martin Olsson,1988-05-17,Left-Back,Defender,left,178.0,29.11978097193703,5000000.0
38145,2016,7,561,0,0,0,0,Adrian Mariappa,1986-10-03,Centre-Back,Defender,right,179.0,30.740588637919235,1000000.0
38497,2016,2,68,0,0,0,0,Jeremain Lens,1987-11-24,Right Winger,Attack,right,178.0,29.598904859685145,11000000.0
39471,2016,10,900,0,0,0,0,Brad Guzan,1984-09-09,Goalkeeper,Goalkeeper,left,193.0,32.80492813141684,1000000.0
39532,2016,18,1216,3,1,2,0,Victor Anichebe,1988-04-23,Centre-Forward,Attack,right,190.0,29.1854893908282,1500000.0
39679,2016,28,1599,1,0,9,1,Marouane Fellaini,1987-11-22,Central Midfield,Midfield,right,194.0,29.60438056125941,12000000.0
39908,2016,16,525,1,0,3,0,Rudy Gestede,1988-10-10,Centre-Forward,Attack,right,193.0,28.720054757015742,7000000.0
40043,2016,16,1177,0,0,3,0,Leon Britton,1982-09-16,Central Midfield,Midfield,right,167.0,34.78713210130048,1000000.0
40423,2016,22,1969,0,0,0,0,Claudio Bravo,1983-04-13,Goalkeeper,Goalkeeper,right,184.0,34.21492128678987,8000000.0
40433,2016,38,3224,24,11,6,0,Alexis Sánchez,1988-12-19,Second Striker,Attack,right,169.0,28.528405201916495,65000000.0
40567,2016,36,3143,6,1,5,0,Gareth McAuley,1979-12-05,Centre-Back,Defender,right,191.0,37.568788501026695,1000000.0
40611,2016,28,2508,2,5,3,0,Ryan Bertrand,1989-08-05,Left-Back,Defender,left,179.0,27.901437371663246,20000000.0
40613,2016,30,2233,0,0,7,0,Jack Cork,1989-06-25,Defensive Midfield,Midfield,right,185.0,28.01368925393566,5000000.0
41112,2016,33,2910,2,4,14,0,Jose Cholevas,1984-06-27,Left-Back,Defender,left,184.0,33.007529089664615,2000000.0
41384,2016,32,2725,6,5,9,1,Marko Arnautovic,1989-04-19,Centre-Forward,Attack,both,192.0,28.197125256673512,15000000.0
41414,2016,24,1105,0,3,4,0,Lucas Leiva,1987-01-09,Defensive Midfield,Midfield,right,179.0,30.472279260780287,7000000.0
41416,2016,29,2009,5,3,5,0,James McArthur,1987-10-07,Central Midfield,Midfield,both,178.0,29.730321697467488,7000000.0
42234,2016,16,956,0,1,2,0,Havard Nordtveit,1990-06-21,Centre-Back,Defender,right,188.0,27.025325119780973,5000000.0
42411,2016,12,154,1,0,0,0,Fraizer Campbell,1987-09-13,Centre-Forward,Attack,right,172.0,29.796030116358658,2000000.0
42412,2016,31,2638,2,1,8,0,Jonny Evans,1988-01-03,Centre-Back,Defender,both,188.0,29.489390828199863,7000000.0
42413,2016,12,641,0,0,4,0,Darron Gibson,1987-10-25,Central Midfield,Midfield,right,183.0,29.68104038329911,1500000.0
42710,2016,30,2603,1,0,1,0,Toby Alderweireld,1989-03-02,Centre-Back,Defender,right,187.0,28.32854209445585,35000000.0
43003,2016,36,3153,0,2,5,0,Nacho Monreal,1986-02-26,Left-Back,Defender,left,179.0,31.340177960301162,13000000.0
43250,2016,33,2897,0,0,5,0,Jan Vertonghen,1987-04-24,Centre-Back,Defender,left,189.0,30.184804928131417,28000000.0
43530,2016,31,2348,8,7,3,0,Adam Lallana,1988-05-10,Attacking Midfield,Midfield,both,172.0,29.138945927446954,25000000.0
43763,2016,36,3151,0,1,4,0,Erik Pieters,1988-08-07,Centre-Back,Defender,left,183.0,28.895277207392198,7000000.0
44068,2016,25,1628,6,3,3,0,Juan Mata,1988-04-28,Attacking Midfield,Midfield,left,170.0,29.17180013689254,30000000.0
44327,2016,16,1329,2,2,2,0,Andrea Ranocchia,1988-02-16,Centre-Back,Defender,right,195.0,29.36892539356605,5000000.0
44624,2016,12,763,0,2,0,0,Dieumerci Mbokani,1985-11-22,Centre-Forward,Attack,right,185.0,31.603011635865844,5000000.0
44675,2016,9,475,3,0,1,0,Bojan Krkic,1990-08-28,Second Striker,Attack,right,173.0,26.83915126625599,5000000.0
44779,2016,35,3090,20,8,10,0,Diego Costa,1988-10-07,Centre-Forward,Attack,right,186.0,28.72826830937714,50000000.0
44792,2016,11,703,0,1,3,0,Kieran Gibbs,1989-09-26,Left-Back,Defender,left,181.0,27.759069130732374,10000000.0
44983,2016,27,1357,2,0,6,0,Dan Gosling,1990-02-01,Central Midfield,Midfield,right,180.0,27.408624229979466,3000000.0
45121,2016,5,131,0,0,0,0,Loïc Rémy,1987-01-02,Centre-Forward,Attack,right,185.0,30.491444216290212,9000000.0
45330,2016,33,2422,0,0,9,0,Claudio Yacob,1987-07-18,Defensive Midfield,Midfield,right,182.0,29.95208761122519,4000000.0
45333,2016,12,613,1,1,2,0,James McCarthy,1990-11-12,Central Midfield,Midfield,right,180.0,26.63107460643395,15000000.0
45403,2016,25,1442,6,3,1,0,André Ayew,1989-12-17,Centre-Forward,Attack,left,175.0,27.534565366187543,18000000.0
45494,2016,29,2610,0,0,1,0,Wayne Hennessey,1987-01-24,Goalkeeper,Goalkeeper,right,198.0,30.431211498973305,4000000.0
45623,2016,36,2845,2,1,3,0,George Boyd,1985-10-02,Left Winger,Attack,left,186.0,31.742642026009584,4000000.0
45861,2016,35,3150,1,2,6,0,Ryan Shawcross,1987-10-04,Centre-Back,Defender,right,191.0,29.738535249828885,11000000.0
46001,2016,25,903,0,3,3,0,Moussa Sissoko,1989-08-16,Central Midfield,Midfield,right,187.0,27.871321013004792,20000000.0
46156,2016,29,2533,1,1,6,0,Aleksandar Kolarov,1985-11-10,Left-Back,Defender,left,187.0,31.63586584531143,10000000.0
46741,2016,33,2956,1,0,6,0,David Luiz,1987-04-22,Centre-Back,Defender,right,189.0,30.190280629705683,30000000.0
46791,2016,7,136,0,0,0,0,Bakary Sako,1988-04-26,Left Winger,Attack,left,183.0,29.177275838466805,6000000.0
47082,2016,20,769,3,2,1,0,Daniel Sturridge,1989-09-01,Centre-Forward,Attack,left,182.0,27.82751540041068,20000000.0
47659,2016,2,81,0,0,0,0,Costel Pantilimon,1987-02-01,Goalkeeper,Goalkeeper,right,203.0,30.409308692676248,3000000.0
47713,2016,8,687,0,0,0,0,Mamadou Sakho,1990-02-13,Centre-Back,Defender,left,187.0,27.37577002053388,15000000.0
47995,2016,36,3096,0,5,9,0,Jason Puncheon,1986-06-18,Central Midfield,Midfield,left,173.0,31.033538672142367,5500000.0
48002,2016,20,1755,0,0,2,0,Angelo Ogbonna,1988-05-23,Centre-Back,Defender,left,191.0,29.10335386721424,9000000.0
48066,2016,18,1314,7,1,3,0,Andy Carroll,1989-01-06,Centre-Forward,Attack,left,193.0,28.479123887748116,10000000.0
48078,2016,37,2055,10,3,0,0,Sam Vokes,1989-10-21,Centre-Forward,Attack,right,186.0,27.690622861054074,4500000.0
48950,2016,6,208,0,0,0,0,Jordan Rhodes,1990-02-05,Centre-Forward,Attack,right,185.0,27.397672826830938,10000000.0
49499,2016,36,2978,6,9,2,0,Georginio Wijnaldum,1990-11-11,Central Midfield,Midfield,right,175.0,26.633812457221083,28000000.0
49655,2016,1,12,0,0,0,0,Rickie Lambert,1982-02-16,Centre-Forward,Attack,right,187.0,35.36755646817249,1500000.0
49734,2016,7,437,0,1,1,0,Jan Kirchhoff,1990-10-01,Centre-Back,Defender,right,195.0,26.746064339493497,3000000.0
50057,2016,23,1229,1,5,3,0,Aaron Ramsey,1990-12-26,Central Midfield,Midfield,right,178.0,26.510609171800137,35000000.0
50174,2016,18,1533,2,3,8,0,Danny Rose,1990-07-02,Left-Back,Defender,left,173.0,26.99520876112252,28000000.0
50201,2016,36,3137,15,2,10,0,Christian Benteke,1990-12-03,Centre-Forward,Attack,right,190.0,26.573579739904176,28000000.0
50202,2016,36,3005,16,5,3,0,Eden Hazard,1991-01-07,Left Winger,Attack,right,175.0,26.477754962354553,75000000.0
50219,2016,28,2520,0,0,0,0,Simon Mignolet,1988-03-06,Goalkeeper,Goalkeeper,right,193.0,29.31690622861054,12000000.0
50362,2016,7,220,1,0,1,0,Fabian Delph,1989-11-21,Central Midfield,Midfield,left,174.0,27.60574948665298,8000000.0
50477,2016,11,921,0,0,4,0,Yohan Benalouane,1987-03-28,Centre-Back,Defender,right,185.0,30.258726899383984,1000000.0
51174,2016,15,559,0,0,3,0,Fernando,1987-07-25,Defensive Midfield,Midfield,right,183.0,29.932922655715263,10000000.0
51321,2016,22,1980,0,0,1,0,Darren Randolph,1987-05-12,Goalkeeper,Goalkeeper,right,187.0,30.135523613963038,2500000.0
51452,2016,36,2936,6,3,9,0,Joe Allen,1990-03-14,Central Midfield,Midfield,right,170.0,27.29637234770705,15000000.0
52119,2016,32,2497,5,1,3,0,Patrick van Aanholt,1990-08-29,Left-Back,Defender,left,176.0,26.836413415468858,9000000.0
52570,2016,38,3420,0,0,3,0,Fraser Forster,1988-03-17,Goalkeeper,Goalkeeper,right,201.0,29.286789869952088,15000000.0
52769,2016,34,1530,8,2,3,0,Willian,1988-08-09,Left Winger,Attack,right,175.0,28.889801505817932,32000000.0
53173,2016,2,180,0,0,1,0,Philipp Wollscheid,1989-03-06,Centre-Back,Defender,,,28.317590691307323,2500000.0
53359,2016,11,576,0,0,1,0,Evandro,1986-08-23,Attacking Midfield,Midfield,right,179.0,30.85284052019165,2000000.0
53360,2016,24,882,5,2,0,0,Jay Rodríguez,1989-07-29,Centre-Forward,Attack,right,185.0,27.920602327173167,10000000.0
53622,2016,10,710,3,1,0,0,İlkay Gündoğan,1990-10-24,Central Midfield,Midfield,right,180.0,26.68309377138946,30000000.0
54781,2016,30,2592,1,2,9,0,Nicolás Otamendi,1988-02-12,Centre-Back,Defender,right,182.0,29.37987679671458,30000000.0
54890,2016,16,435,1,0,0,0,Leonardo Ulloa,1986-07-26,Centre-Forward,Attack,right,188.0,30.92950034223135,6000000.0
54906,2016,18,1333,0,0,3,0,Matteo Darmian,1989-12-02,Right-Back,Defender,right,183.0,27.575633127994525,12000000.0
54935,2016,1,90,0,0,0,0,Martín Cáceres,1987-04-07,Centre-Back,Defender,right,180.0,30.23134839151266,4000000.0
55291,2016,31,2107,1,1,3,0,Scott Arfield,1988-11-01,Central Midfield,Midfield,right,178.0,28.659822039698838,3000000.0
55619,2016,29,2100,0,3,4,0,Nordin Amrabat,1987-03-31,Right Winger,Attack,right,178.0,30.250513347022586,4500000.0
55735,2016,24,1349,4,1,1,0,Henrikh Mkhitaryan,1989-01-21,Central Midfield,Midfield,both,177.0,28.438056125941138,35000000.0
55742,2016,35,2960,1,4,13,0,Harry Arter,1989-12-28,Central Midfield,Midfield,left,177.0,27.50444900752909,2500000.0
56818,2016,17,1070,1,0,2,0,Morgan Schneiderlin,1989-11-08,Defensive Midfield,Midfield,right,186.0,27.641341546885695,22000000.0
56872,2016,23,1446,1,0,4,0,Andy King,1988-10-29,Central Midfield,Midfield,right,184.0,28.66803559206023,3000000.0
57079,2016,20,1493,0,1,4,0,Jack Rodwell,1991-03-11,Defensive Midfield,Midfield,right,188.0,26.305270362765228,5000000.0
57162,2016,21,1040,3,3,1,1,Sofiane Feghouli,1989-12-26,Defensive Midfield,Midfield,right,177.0,27.509924709103355,12000000.0
57207,2016,4,50,0,0,0,0,Jordon Mutch,1991-12-02,Central Midfield,Midfield,right,184.0,25.57700205338809,3000000.0
57420,2016,30,2545,1,0,4,0,Lamine Koné,1989-02-01,Centre-Back,Defender,right,188.0,28.407939767282684,7000000.0
57500,2016,38,3420,1,5,4,0,César Azpilicueta,1989-08-28,Centre-Back,Defender,right,178.0,27.838466803559207,30000000.0
59323,2016,23,1362,4,0,4,0,Cristhian Stuani,1986-10-12,Centre-Forward,Attack,right,184.0,30.715947980835043,3500000.0
59377,2016,35,3150,0,0,2,0,David de Gea,1990-11-07,Goalkeeper,Goalkeeper,right,192.0,26.64476386036961,40000000.0
59558,2016,4,322,0,0,0,0,Emilio Nsue,1989-09-30,Right-Back,Defender,right,181.0,27.748117727583846,1750000.0
59606,2016,15,1161,0,1,3,0,Craig Cathcart,1989-02-06,Centre-Back,Defender,right,189.0,28.39425051334702,4000000.0
59631,2016,31,2149,5,5,2,0,Nacer Chadli,1989-08-02,Left Winger,Attack,right,187.0,27.90965092402464,15000000.0
59866,2016,34,2498,3,3,4,0,Victor Moses,1990-12-12,Right Midfield,Midfield,right,177.0,26.548939082819988,18000000.0
60583,2016,4,126,0,0,0,0,Jérémy Pied,1989-02-23,Right-Back,Defender,right,173.0,28.347707049965777,3500000.0
60744,2016,27,1616,2,1,2,0,Daryl Janmaat,1989-07-22,Centre-Back,Defender,right,185.0,27.939767282683093,7000000.0
61560,2016,33,2424,2,6,5,0,Marc Albrighton,1989-11-18,Right Midfield,Midfield,right,175.0,27.613963039014372,6000000.0
61592,2016,24,1976,3,0,4,0,James Tomkins,1989-03-29,Centre-Back,Defender,right,192.0,28.254620123203285,7000000.0
61651,2016,24,2118,1,4,8,0,Jordan Henderson,1990-06-17,Defensive Midfield,Midfield,right,182.0,27.0362765229295,28000000.0
61819,2016,34,3060,4,3,1,0,Charlie Daniels,1986-09-07,Left-Back,Defender,left,178.0,30.811772758384667,3000000.0
61832,2016,37,2977,1,1,5,1,Jake Livermore,1989-11-14,Defensive Midfield,Midfield,right,180.0,27.6249144421629,7000000.0
61834,2016,16,928,1,0,4,0,Ryan Mason,1991-06-13,Central Midfield,Midfield,right,175.0,26.04791238877481,8500000.0
61841,2016,36,3099,1,5,6,0,Adam Smith,1991-04-29,Right-Back,Defender,right,174.0,26.171115674195757,5000000.0
61842,2016,36,2527,3,6,4,0,Andros Townsend,1991-07-16,Right Winger,Attack,left,181.0,25.95756331279945,12000000.0
61891,2016,24,1850,0,0,8,0,Fábio,1990-07-09,Right-Back,Defender,right,172.0,26.976043805612594,2000000.0
62049,2016,27,1382,1,2,3,0,Mame Diouf,1987-12-16,Centre-Forward,Attack,right,185.0,29.53867214236824,7000000.0
62121,2016,18,1292,1,1,1,0,Odion Ighalo,1989-06-16,Centre-Forward,Attack,right,181.0,28.03832991101985,7000000.0
62688,2016,23,1744,3,1,2,0,Scott Dann,1987-02-14,Centre-Back,Defender,right,194.0,30.373716632443532,5000000.0
62945,2016,4,326,0,0,1,0,Luis Hernández,1989-04-14,Centre-Back,Defender,right,182.0,28.210814510609172,3000000.0
63200,2016,28,1777,6,3,8,0,Ashley Barnes,1989-10-30,Centre-Forward,Attack,right,185.0,27.665982203969882,2500000.0
63342,2016,34,2404,6,2,9,0,Leroy Fer,1990-01-05,Defensive Midfield,Midfield,right,188.0,27.482546201232033,8000000.0
63494,2016,37,3213,7,1,5,0,Étienne Capoue,1988-07-11,Defensive Midfield,Midfield,right,189.0,28.969199178644764,9000000.0
64598,2016,11,975,0,0,2,0,Bernardo Espinosa,1989-07-11,Centre-Back,Defender,right,192.0,27.969883641341546,2500000.0
65278,2016,35,2151,9,10,6,0,Pedro,1987-07-28,Right Winger,Attack,both,167.0,29.924709103353866,28000000.0
65477,2016,37,2942,10,4,7,0,Troy Deeney,1988-06-29,Centre-Forward,Attack,right,184.0,29.00205338809035,11000000.0
65976,2016,29,681,3,1,3,0,Hal Robson-Kanu,1989-05-21,Centre-Forward,Attack,left,183.0,28.109514031485283,2500000.0
66100,2016,35,3072,1,1,11,0,Oriol Romeu,1991-09-24,Defensive Midfield,Midfield,right,183.0,25.765913757700204,10000000.0
66219,2016,31,2718,1,0,5,0,Kyle Naughton,1988-11-17,Right-Back,Defender,right,181.0,28.61601642710472,5000000.0
66333,2016,33,2519,0,2,3,1,Ahmed Elmohamady,1987-09-09,Right-Back,Defender,right,182.0,29.806981519507186,4000000.0
66550,2016,18,824,1,0,1,0,Ángel Rangel,1982-11-28,Right-Back,Defender,right,188.0,34.587268993839835,1000000.0
66934,2016,31,2728,1,0,3,0,Cheikhou Kouyaté,1989-12-21,Defensive Midfield,Midfield,right,189.0,27.523613963039015,12000000.0
67063,2016,16,747,2,2,0,0,Danny Welbeck,1990-11-26,Centre-Forward,Attack,right,185.0,26.5927446954141,15000000.0
67355,2016,36,3159,1,3,7,1,Ashley Williams,1984-08-23,Centre-Back,Defender,right,183.0,32.851471594798085,8000000.0
67416,2016,11,922,0,0,1,0,Neil Taylor,1989-02-07,Left-Back,Defender,left,176.0,28.39151266255989,6000000.0
68183,2016,20,954,1,0,2,0,David Meyler,1989-05-29,Central Midfield,Midfield,right,189.0,28.087611225188226,2000000.0
68390,2016,26,2317,4,4,3,0,Séamus Coleman,1988-10-11,Right-Back,Defender,right,177.0,28.71731690622861,17000000.0
69633,2016,36,3167,8,16,0,0,Christian Eriksen,1992-02-14,Attacking Midfield,Midfield,right,182.0,25.374401095140314,40000000.0
70934,2016,19,778,4,2,3,1,Nolito,1986-10-15,Left Winger,Attack,right,175.0,30.70773442847365,12000000.0
71271,2016,16,1440,0,0,1,0,Adrián San Miguel,1987-01-03,Goalkeeper,Goalkeeper,right,190.0,30.48870636550308,8000000.0
72462,2016,13,410,0,3,0,0,Luciano Narsingh,1990-09-13,Attacking Midfield,Midfield,right,175.0,26.795345653661876,5000000.0
73067,2016,34,2806,0,2,10,0,Adam Clayton,1989-01-14,Central Midfield,Midfield,right,175.0,28.45722108145106,3000000.0
73185,2016,11,265,1,0,0,0,Lucas Pérez,1988-09-10,Centre-Forward,Attack,left,180.0,28.802190280629706,15000000.0
73396,2016,2,142,0,0,0,0,David Ospina,1988-08-31,Goalkeeper,Goalkeeper,right,183.0,28.829568788501028,7000000.0
73484,2016,27,1845,0,2,4,0,Tom Cleverley,1989-08-12,Central Midfield,Midfield,right,175.0,27.88227241615332,8000000.0
73491,2016,29,2467,1,1,6,0,Danny Drinkwater,1990-03-05,Central Midfield,Midfield,right,178.0,27.32101300479124,9000000.0
73522,2016,1,1,0,0,0,0,Matty James,1991-07-22,Central Midfield,Midfield,right,181.0,25.94113620807666,1500000.0
74223,2016,29,1950,0,2,4,0,Jack Wilshere,1992-01-01,Central Midfield,Midfield,left,172.0,25.49486652977413,18000000.0
74228,2016,10,648,1,0,2,0,Marc Muniesa,1992-03-27,Centre-Back,Defender,left,180.0,25.259411362080765,3000000.0
74300,2016,14,1227,2,0,4,0,Luka Milivojevic,1991-04-07,Defensive Midfield,Midfield,right,186.0,26.23134839151266,10000000.0
74683,2016,35,2697,1,7,4,0,Nemanja Matić,1988-08-01,Defensive Midfield,Midfield,left,194.0,28.91170431211499,35000000.0
74768,2016,17,857,0,1,2,0,Adlène Guédioura,1985-11-12,Central Midfield,Midfield,right,178.0,31.630390143737166,1000000.0
74810,2016,34,3015,1,1,5,0,Ben Mee,1989-09-21,Centre-Back,Defender,left,180.0,27.772758384668034,6000000.0
74869,2016,29,1785,0,0,5,0,Francis Coquelin,1991-05-13,Defensive Midfield,Midfield,right,177.0,26.132785763175907,15000000.0
75471,2016,14,1052,1,4,3,0,Yannick Bolasie,1989-05-24,Centre-Forward,Attack,right,185.0,28.10130047912389,20000000.0
75890,2016,1,90,0,0,0,0,Kristoffer Nordfeldt,1989-06-23,Goalkeeper,Goalkeeper,right,190.0,28.019164955509925,1500000.0
76277,2016,33,2823,2,1,4,1,Laurent Koscielny,1985-09-10,Centre-Back,Defender,right,186.0,31.802874743326488,22000000.0
76608,2016,24,1428,4,3,0,0,Abel Hernández,1990-08-08,Centre-Forward,Attack,left,185.0,26.89390828199863,8000000.0
76799,2016,27,2284,1,2,10,0,Miguel Britos,1985-07-17,Centre-Back,Defender,left,189.0,31.953456536618756,3500000.0
77274,2016,27,2195,4,8,2,0,Matt Phillips,1991-03-13,Right Winger,Attack,right,183.0,26.299794661190965,9000000.0
77544,2016,24,1960,0,3,4,0,George Friend,1987-10-19,Left-Back,Defender,left,188.0,29.697467488021903,1500000.0
77737,2016,15,1278,1,0,7,0,Alfred N'Diaye,1990-03-06,Defensive Midfield,Midfield,right,189.0,27.318275154004105,5000000.0
77760,2016,36,3015,4,1,10,0,Victor Wanyama,1991-06-25,Defensive Midfield,Midfield,right,184.0,26.015058179329227,25000000.0
77932,2016,13,375,0,1,0,0,Jefferson Montero,1989-09-01,Left Winger,Attack,right,170.0,27.82751540041068,4500000.0
78959,2016,29,2129,0,2,4,0,Martin Kelly,1990-04-27,Right-Back,Defender,right,191.0,27.175906913073238,3000000.0
78966,2016,14,916,1,0,3,0,Daniel Ayala,1990-11-07,Centre-Back,Defender,right,190.0,26.64476386036961,2000000.0
80197,2016,38,2896,8,2,2,0,Salomón Rondón,1989-09-16,Centre-Forward,Attack,right,186.0,27.786447638603697,15000000.0
80444,2016,31,2244,13,7,2,0,Philippe Coutinho,1992-06-12,Attacking Midfield,Midfield,right,172.0,25.048596851471594,45000000.0
81512,2016,16,767,2,0,1,0,Christian Kabasele,1991-02-24,Centre-Back,Defender,right,187.0,26.34633812457221,5500000.0
81789,2016,23,2070,1,1,2,0,Maya Yoshida,1988-08-24,Centre-Back,Defender,right,189.0,28.84873374401095,5000000.0
81796,2016,23,1287,0,1,3,0,Sung-yueng Ki,1989-01-24,Defensive Midfield,Midfield,right,188.0,28.42984257357974,7000000.0
81801,2016,15,466,0,1,0,0,Chung-yong Lee,1988-07-02,Right Winger,Attack,right,180.0,28.993839835728952,1500000.0
81808,2016,10,690,2,0,1,0,Wilfried Bony,1988-12-10,Centre-Forward,Attack,right,183.0,28.553045859000683,18000000.0
82105,2016,29,2456,1,0,3,0,Joel Matip,1991-08-08,Centre-Back,Defender,right,195.0,25.894592744695416,25000000.0
82130,2016,5,239,0,1,0,0,Gökhan Töre,1992-01-20,Right Winger,Attack,left,176.0,25.44284736481862,12000000.0
82442,2016,29,1194,12,4,2,0,Olivier Giroud,1986-09-30,Centre-Forward,Attack,left,192.0,30.748802190280628,22000000.0
83430,2016,2,121,0,0,0,0,Albert Adomah,1987-12-13,Right Winger,Attack,right,185.0,29.54688569472964,2500000.0
85177,2016,37,3324,0,2,0,0,Nathaniel Clyne,1991-04-05,Right-Back,Defender,right,175.0,26.236824093086927,21000000.0
85289,2016,17,1408,0,0,5,0,Jordi Amat,1992-03-21,Centre-Back,Defender,right,185.0,25.27583846680356,2500000.0
85314,2016,9,457,0,1,1,0,Oscar,1991-09-09,Attacking Midfield,Midfield,right,180.0,25.806981519507186,22000000.0
85324,2016,18,546,1,0,0,0,Borja Bastón,1992-08-25,Centre-Forward,Attack,right,186.0,24.84599589322382,10000000.0
85475,2016,27,2430,0,2,7,0,Federico Fernández,1989-02-21,Centre-Back,Defender,right,190.0,28.35318275154004,9000000.0
85864,2016,10,900,0,0,0,0,Loris Karius,1993-06-22,Goalkeeper,Goalkeeper,right,191.0,24.021902806297057,8000000.0
85935,2016,34,1465,1,2,9,0,James McClean,1989-04-22,Left Midfield,Midfield,left,180.0,28.188911704312115,3000000.0
86792,2016,21,1709,4,2,2,0,Xherdan Shaqiri,1991-10-10,Attacking Midfield,Midfield,left,169.0,25.72210814510609,15000000.0
87672,2016,21,1475,7,5,1,0,Junior Stanislas,1989-11-26,Left Winger,Attack,right,183.0,27.592060232717316,4500000.0
88590,2016,26,2275,2,2,11,0,Shkodran Mustafi,1992-04-17,Centre-Back,Defender,right,184.0,25.201916495550993,30000000.0
88755,2016,36,2884,6,19,4,0,Kevin De Bruyne,1991-06-28,Attacking Midfield,Midfield,right,181.0,26.00684462696783,65000000.0
89231,2016,20,995,1,2,1,0,Jóhann Berg Gudmundsson,1990-10-27,Right Winger,Attack,left,186.0,26.67488021902806,2500000.0
90466,2016,38,3327,9,13,2,0,Gylfi Sigurdsson,1989-09-08,Attacking Midfield,Midfield,right,186.0,27.808350444900753,25000000.0
90836,2016,38,3420,2,1,5,0,Steve Cook,1991-04-19,Centre-Back,Defender,right,185.0,26.198494182067076,5000000.0
91059,2016,36,2720,16,2,1,0,Joshua King,1992-01-15,Centre-Forward,Attack,right,180.0,25.456536618754278,8000000.0
91251,2016,9,591,0,0,0,0,Cuco Martina,1989-09-25,Centre-Back,Defender,right,185.0,27.761806981519506,2000000.0
91317,2016,9,550,0,0,3,0,Ashley Westwood,1990-04-01,Defensive Midfield,Midfield,right,174.0,27.247091033538673,4000000.0
91845,2016,34,2070,14,8,2,0,Heung-min Son,1992-07-08,Left Winger,Attack,both,183.0,24.97741273100616,30000000.0
92571,2016,26,2120,0,2,4,0,Aaron Cresswell,1989-12-15,Left-Back,Defender,left,170.0,27.540041067761805,12000000.0
92572,2016,38,3418,0,1,7,0,Joel Ward,1989-10-29,Right-Back,Defender,right,186.0,27.668720054757017,5000000.0
93145,2016,22,1169,2,0,1,0,Adama Diomande,1990-02-14,Centre-Forward,Attack,right,183.0,27.37303216974675,1500000.0
93176,2016,21,1660,1,0,5,0,Marcos Rojo,1990-03-20,Centre-Back,Defender,left,186.0,27.279945242984258,18000000.0
95424,2016,33,2704,0,5,8,0,Kyle Walker,1990-05-28,Right-Back,Defender,right,183.0,27.091033538672143,30000000.0
95435,2016,8,411,2,0,2,0,Connor Wickham,1993-03-31,Centre-Forward,Attack,right,189.0,24.249144421629023,6000000.0
95755,2016,13,438,0,3,0,0,Viktor Fischer,1994-06-09,Left Winger,Attack,right,181.0,23.058179329226558,5000000.0
95810,2016,12,566,0,5,1,0,Kieran Trippier,1990-09-19,Right-Back,Defender,right,173.0,26.77891854893908,10000000.0
96341,2016,37,3267,25,6,3,0,Romelu Lukaku,1993-05-13,Centre-Forward,Attack,left,190.0,24.13141683778234,50000000.0
96754,2016,24,1741,2,0,5,0,Fabio Borini,1991-03-29,Left Winger,Attack,right,180.0,26.255989048596852,5000000.0
96828,2016,8,460,0,0,2,0,Simone Zaza,1991-06-25,Centre-Forward,Attack,left,186.0,26.015058179329227,15000000.0
99343,2016,31,2467,1,6,7,0,Ander Herrera,1989-08-14,Central Midfield,Midfield,right,182.0,27.876796714579054,30000000.0
101118,2016,20,1736,0,1,1,0,Joel Robles,1990-06-17,Goalkeeper,Goalkeeper,right,194.0,27.0362765229295,5000000.0
101213,2016,22,1766,1,1,7,0,Pedro Obiang,1992-03-27,Central Midfield,Midfield,right,186.0,25.259411362080765,9000000.0
101500,2016,1,2,0,0,0,0,Matej Vydra,1992-05-01,Centre-Forward,Attack,right,180.0,25.163586584531142,6000000.0
102258,2016,36,3240,0,2,9,0,Matthew Lowton,1989-06-09,Right-Back,Defender,right,180.0,28.057494866529773,2500000.0
103427,2016,18,1215,1,1,0,0,Chris Smalling,1989-11-22,Centre-Back,Defender,right,194.0,27.603011635865844,18000000.0
103565,2016,21,839,1,0,6,0,Wahbi Khazri,1991-02-08,Left Winger,Attack,right,176.0,26.390143737166323,7000000.0
104124,2016,29,2440,9,6,6,0,Michail Antonio,1990-03-28,Centre-Forward,Attack,right,180.0,27.2580424366872,18000000.0
104223,2016,16,1026,1,1,3,0,Jordy Clasie,1991-06-27,Defensive Midfield,Midfield,right,169.0,26.00958247775496,10000000.0
107427,2016,1,9,0,0,0,0,Ikechi Anya,1988-01-03,Left Midfield,Midfield,both,166.0,29.489390828199863,4000000.0
108354,2016,14,864,1,3,1,0,Jordan Ayew,1991-09-11,Centre-Forward,Attack,right,182.0,25.801505817932924,7500000.0
108390,2016,36,3240,0,0,1,0,Thibaut Courtois,1992-05-11,Goalkeeper,Goalkeeper,left,199.0,25.136208076659823,40000000.0
110858,2016,31,1454,6,3,1,0,Benik Afobe,1993-02-12,Centre-Forward,Attack,right,183.0,24.37782340862423,10000000.0
111051,2016,4,271,0,0,1,0,Nampalys Mendy,1992-06-23,Defensive Midfield,Midfield,right,168.0,25.018480492813143,10000000.0
111073,2016,1,90,0,0,0,0,Ryan Allsop,1992-06-17,Goalkeeper,Goalkeeper,right,189.0,25.034907597535934,250000.0
111114,2016,3,270,0,0,0,0,Kevin Long,1990-08-18,Centre-Back,Defender,right,188.0,26.86652977412731,500000.0
111455,2016,32,2486,2,2,5,2,Granit Xhaka,1992-09-27,Defensive Midfield,Midfield,left,183.0,24.75564681724846,35000000.0
111508,2016,32,2637,0,2,8,0,Allan Nyom,1988-05-10,Right-Back,Defender,right,189.0,29.138945927446954,4500000.0
111630,2016,9,593,1,1,1,0,Erik Lamela,1992-03-04,Right Winger,Attack,left,184.0,25.322381930184804,25000000.0
111873,2016,2,180,0,0,0,0,Emiliano Martínez,1992-09-02,Goalkeeper,Goalkeeper,right,195.0,24.824093086926762,1000000.0
112052,2016,35,3147,1,0,5,0,Bruno Martins Indi,1992-02-08,Centre-Back,Defender,left,185.0,25.39082819986311,11000000.0
112302,2016,13,1040,2,3,2,1,Roberto Pereyra,1991-01-07,Central Midfield,Midfield,both,182.0,26.477754962354553,15000000.0
112343,2016,11,730,4,0,1,0,Manolo Gabbiadini,1991-11-26,Centre-Forward,Attack,left,186.0,25.593429158110883,15000000.0
112515,2016,31,2694,6,3,2,0,Marcos Alonso,1990-12-28,Centre-Back,Defender,left,188.0,26.50513347022587,25000000.0
112988,2016,30,2520,0,3,7,0,Cédric Soares,1991-08-31,Right-Back,Defender,right,171.0,25.831622176591377,15000000.0
117996,2016,18,1585,0,0,2,0,Phil Jones,1992-02-21,Centre-Back,Defender,right,185.0,25.35523613963039,14000000.0
118534,2016,35,3150,2,1,4,0,Michael Keane,1993-01-11,Centre-Back,Defender,right,188.0,24.465434633812457,18000000.0
118535,2016,5,282,0,0,0,0,Will Keane,1993-01-11,Centre-Forward,Attack,right,188.0,24.465434633812457,1500000.0
119296,2016,32,2368,5,2,6,0,Emre Can,1994-01-12,Centre-Back,Defender,right,186.0,23.463381245722108,15000000.0
120565,2016,32,2268,9,3,2,0,Andre Gray,1991-06-26,Centre-Forward,Attack,right,178.0,26.012320328542096,10000000.0
120610,2016,4,181,1,0,0,0,Diafra Sakho,1989-12-24,Centre-Forward,Attack,right,184.0,27.515400410677618,10000000.0
121257,2016,34,2700,0,2,4,0,Adam Forshaw,1991-10-08,Central Midfield,Midfield,right,175.0,25.727583846680357,3000000.0
121279,2016,18,1390,1,2,1,0,Tom Carroll,1992-05-28,Central Midfield,Midfield,left,177.0,25.089664613278575,6000000.0
121404,2016,8,616,0,0,0,0,Omar Elabdellaoui,1991-12-05,Right-Back,Defender,right,179.0,25.568788501026695,5000000.0
121477,2016,37,3278,4,1,10,0,Craig Dawson,1990-05-06,Centre-Back,Defender,right,188.0,27.15126625598905,6000000.0
122011,2016,15,633,0,0,1,0,Markus Henriksen,1992-07-25,Centre-Back,Defender,right,187.0,24.930869267624914,5000000.0
122153,2016,30,2610,5,4,7,0,Paul Pogba,1993-03-15,Central Midfield,Midfield,both,191.0,24.292950034223136,75000000.0
122223,2016,37,3190,3,1,9,1,Sam Clucas,1990-09-25,Central Midfield,Midfield,left,178.0,26.76249144421629,2500000.0
122675,2016,5,356,0,0,3,0,Kevin Wimmer,1992-11-15,Centre-Back,Defender,left,187.0,24.621492128678987,7000000.0
123682,2016,20,1367,6,1,0,0,Callum Wilson,1992-02-27,Centre-Forward,Attack,right,180.0,25.338809034907598,10000000.0
123742,2016,24,1549,2,3,10,0,Gastón Ramírez,1990-12-02,Attacking Midfield,Midfield,left,183.0,26.576317590691307,6000000.0
124983,2016,16,1326,0,0,4,0,Bryan Oviedo,1990-02-18,Left-Back,Defender,left,172.0,27.362080766598222,2500000.0
125868,2016,3,270,0,0,0,0,Pape Souaré,1990-06-06,Left-Back,Defender,left,178.0,27.066392881587955,6000000.0
126321,2016,1,83,0,0,0,0,Carl Jenkinson,1992-02-08,Right-Back,Defender,right,185.0,25.39082819986311,5000000.0
126665,2016,33,2686,1,2,11,0,Idrissa Gueye,1989-09-26,Defensive Midfield,Midfield,right,174.0,27.759069130732374,18000000.0
127187,2016,20,1359,1,0,4,0,Abdoulaye Doucouré,1993-01-01,Attacking Midfield,Midfield,right,183.0,24.49281314168378,6000000.0
128229,2016,14,716,1,2,1,0,Robbie Brady,1992-01-14,Left Midfield,Midfield,left,176.0,25.45927446954141,10000000.0
128897,2016,17,966,0,0,1,0,Saido Berahino,1993-08-04,Centre-Forward,Attack,right,180.0,23.904175222450377,15000000.0
128899,2016,5,450,0,0,0,0,Jack Butland,1993-03-10,Goalkeeper,Goalkeeper,right,196.0,24.306639288158795,15000000.0
128900,2016,10,159,0,1,2,0,Nathaniel Chalobah,1994-12-12,Defensive Midfield,Midfield,right,185.0,22.548939082819988,5000000.0
128904,2016,38,3420,1,1,4,0,Ben Gibson,1993-01-15,Centre-Back,Defender,left,185.0,24.45448323066393,8000000.0
129078,2016,37,2908,7,1,2,1,Nathan Redmond,1994-03-06,Right Winger,Attack,right,173.0,23.318275154004105,15000000.0
129476,2016,11,457,0,0,1,0,Gerard Deulofeu,1994-03-13,Centre-Forward,Attack,right,177.0,23.299110198494184,12000000.0
129627,2016,15,939,6,1,1,0,Charlie Austin,1989-07-05,Centre-Forward,Attack,right,188.0,27.98631074606434,13000000.0
130164,2016,29,2610,0,0,0,0,Jordan Pickford,1994-03-07,Goalkeeper,Goalkeeper,left,185.0,23.315537303216974,15000000.0
130756,2016,12,796,0,0,1,0,Giannelli Imbula,1992-09-12,Defensive Midfield,Midfield,left,186.0,24.79671457905544,12000000.0
131789,2016,35,3069,11,10,5,0,Roberto Firmino,1991-10-02,Centre-Forward,Attack,right,181.0,25.744010951403148,38000000.0
131978,2016,36,2907,5,9,5,0,Ross Barkley,1993-12-05,Central Midfield,Midfield,right,189.0,23.567419575633128,25000000.0
132098,2016,30,2536,29,7,3,0,Harry Kane,1993-07-28,Centre-Forward,Attack,right,188.0,23.923340177960302,60000000.0
133179,2016,33,2777,4,0,8,0,Marten de Roon,1991-03-29,Defensive Midfield,Midfield,right,186.0,26.255989048596852,10000000.0
134425,2016,33,2515,7,10,7,0,Raheem Sterling,1994-12-08,Right Winger,Attack,right,170.0,22.559890485968516,45000000.0
135853,2016,35,2714,8,2,9,0,Manuel Lanzini,1993-02-15,Attacking Midfield,Midfield,right,170.0,24.369609856262834,15000000.0
136610,2016,18,1577,0,0,6,0,Papy Djilobodji,1988-12-01,Centre-Back,Defender,left,193.0,28.577686516084874,5000000.0
139208,2016,21,1854,1,0,5,0,Virgil van Dijk,1991-07-08,Centre-Back,Defender,right,195.0,25.97946611909651,30000000.0
139503,2016,24,921,3,2,1,0,Enner Valencia,1989-11-04,Centre-Forward,Attack,right,177.0,27.652292950034223,10000000.0
141655,2016,8,182,0,1,0,0,Zeki Fryers,1992-09-09,Left-Back,Defender,left,185.0,24.804928131416837,1500000.0
141660,2016,25,1366,1,2,3,0,Jesse Lingard,1992-12-15,Attacking Midfield,Midfield,right,174.0,24.539356605065024,12000000.0
143424,2016,29,1562,2,7,1,0,Alex Oxlade-Chamberlain,1993-08-15,Central Midfield,Midfield,right,180.0,23.874058863791923,22000000.0
144303,2016,12,1012,2,0,4,0,Lazar Markovic,1994-03-02,Right Winger,Attack,right,175.0,23.329226557152634,10000000.0
145922,2016,6,359,0,0,2,0,Jon Flanagan,1993-01-01,Right-Back,Defender,right,181.0,24.49281314168378,3500000.0
145988,2016,35,3025,7,11,8,0,Wilfried Zaha,1992-11-10,Left Winger,Attack,right,180.0,24.635181382614647,18000000.0
146795,2016,28,1767,3,8,3,0,Ryan Fraser,1994-02-24,Left Winger,Attack,right,163.0,23.345653661875428,5000000.0
148262,2016,32,2695,2,1,6,1,Jeff Hendrick,1992-01-31,Central Midfield,Midfield,right,185.0,25.412731006160165,6000000.0
148368,2016,34,1460,7,4,0,0,Divock Origi,1995-04-18,Centre-Forward,Attack,right,189.0,22.20123203285421,12000000.0
149498,2016,19,1516,0,0,6,0,Gabriel Paulista,1990-11-26,Centre-Back,Defender,right,185.0,26.5927446954141,13000000.0
157501,2016,16,1254,2,2,2,0,M'Baye Niang,1994-12-19,Centre-Forward,Attack,right,188.0,22.529774127310063,15000000.0
157506,2016,19,1137,0,1,0,0,Jeffrey Schlupp,1992-12-23,Left Midfield,Midfield,left,178.0,24.517453798767967,8000000.0
157509,2016,9,246,0,1,0,0,Kurt Zouma,1994-10-27,Centre-Back,Defender,right,190.0,22.67488021902806,15000000.0
160438,2016,14,694,0,1,1,0,Mohamed Elneny,1992-07-11,Defensive Midfield,Midfield,right,179.0,24.969199178644764,10000000.0
162029,2016,20,1428,1,0,2,0,Javier Manquillo,1994-05-05,Right-Back,Defender,right,178.0,23.15400410677618,4000000.0
163744,2016,17,1469,0,1,1,0,Jack Stephens,1994-01-27,Centre-Back,Defender,right,185.0,23.422313483915126,3500000.0
167268,2016,9,354,0,0,0,0,Paddy McNair,1995-04-27,Centre-Back,Defender,right,189.0,22.17659137577002,4000000.0
167393,2016,1,59,0,0,0,0,James Husband,1994-01-03,Left-Back,Defender,left,179.0,23.488021902806295,500000.0
167799,2016,22,1299,0,0,2,0,Pierre-Emile Højbjerg,1995-08-05,Defensive Midfield,Midfield,right,185.0,21.90280629705681,8000000.0
167850,2016,4,20,0,0,1,0,Memphis Depay,1994-02-13,Centre-Forward,Attack,right,178.0,23.37577002053388,19000000.0
168337,2016,21,753,2,0,1,0,Ahmed Musa,1992-10-14,Left Winger,Attack,right,171.0,24.709103353867214,17000000.0
171260,2016,11,692,0,0,2,0,Jay Fulton,1994-04-04,Central Midfield,Midfield,right,185.0,23.238877481177276,500000.0
171424,2016,36,2834,6,4,4,0,Riyad Mahrez,1991-02-21,Right Winger,Attack,left,179.0,26.354551676933607,30000000.0
173504,2016,19,556,0,0,1,0,James Tarkowski,1992-11-19,Centre-Back,Defender,right,185.0,24.61054072553046,2000000.0
174915,2016,23,1279,7,4,1,0,Islam Slimani,1988-06-18,Centre-Forward,Attack,right,188.0,29.032169746748803,25000000.0
175722,2016,36,3044,2,0,6,0,Eric Dier,1994-01-15,Centre-Back,Defender,right,191.0,23.45516769336071,25000000.0
175745,2016,5,272,0,0,1,0,Brad Smith,1994-04-09,Left-Back,Defender,left,178.0,23.225188227241617,2000000.0
177476,2016,12,831,3,1,1,0,Nathan Aké,1995-02-18,Centre-Back,Defender,left,180.0,22.362765229295004,8000000.0
177847,2016,25,1630,0,3,5,0,Adnan Januzaj,1995-02-05,Right Winger,Attack,left,186.0,22.39835728952772,7000000.0
177907,2016,29,2307,2,2,5,0,Harry Maguire,1993-03-05,Centre-Back,Defender,right,194.0,24.320328542094455,8000000.0
179184,2016,20,238,5,1,0,0,Michy Batshuayi,1993-10-02,Centre-Forward,Attack,right,185.0,23.742642026009584,25000000.0
179451,2016,12,607,0,1,1,0,Donald Love,1994-12-02,Right-Back,Defender,right,178.0,22.576317590691307,1000000.0
181380,2016,13,971,0,1,1,0,Arthur Masuaku,1993-11-07,Left-Back,Defender,left,179.0,23.644079397672826,7000000.0
181579,2016,30,1884,4,4,4,0,James Ward-Prowse,1994-11-01,Central Midfield,Midfield,right,177.0,22.661190965092402,15000000.0
182877,2016,25,1560,4,6,2,0,Anthony Martial,1995-12-05,Centre-Forward,Attack,right,184.0,21.568788501026695,30000000.0
183288,2016,11,691,0,2,1,0,Luke Shaw,1995-07-12,Left-Back,Defender,left,178.0,21.968514715947983,20000000.0
183334,2016,14,315,1,0,1,0,Patrick Bamford,1993-09-05,Centre-Forward,Attack,left,185.0,23.81656399726215,5000000.0
184398,2016,13,1036,0,0,0,0,Stephen Kingsley,1994-07-23,Left-Back,Defender,left,178.0,22.937713894592743,750000.0
186383,2016,1,4,0,1,0,0,Filip Lesniak,1996-05-14,Defensive Midfield,Midfield,left,176.0,21.127994524298426,100000.0
186590,2016,27,2013,0,0,1,0,John Stones,1994-05-28,Centre-Back,Defender,right,188.0,23.091033538672143,35000000.0
187105,2016,8,661,1,1,1,0,Mike van der Hoorn,1992-10-15,Centre-Back,Defender,right,190.0,24.706365503080082,2000000.0
189070,2016,18,1149,0,2,1,0,Modou Barrow,1992-10-13,Left Winger,Attack,left,176.0,24.711841204654345,3000000.0
191217,2016,33,2499,1,4,4,0,Héctor Bellerín,1995-03-19,Right-Back,Defender,right,178.0,22.28336755646817,30000000.0
192565,2016,26,1787,5,5,4,0,Leroy Sané,1996-01-11,Right Winger,Attack,left,183.0,21.467488021902806,35000000.0
192611,2016,1,90,0,0,0,0,Joel Pereira,1996-06-28,Goalkeeper,Goalkeeper,right,189.0,21.00479123887748,100000.0
192765,2016,23,1735,1,3,1,0,Ben Davies,1993-04-24,Centre-Back,Defender,left,181.0,24.18343600273785,12000000.0
195652,2016,25,1058,0,0,0,0,Jordon Ibe,1995-12-08,Right Winger,Attack,right,176.0,21.560574948665298,8000000.0
197838,2016,35,2809,13,6,2,1,Jamie Vardy,1987-01-11,Centre-Forward,Attack,right,179.0,30.466803559206024,15000000.0
200512,2016,27,2247,13,6,4,0,Sadio Mané,1992-04-10,Left Winger,Attack,right,175.0,25.22108145106092,40000000.0
200782,2016,4,18,0,0,0,0,Kevin Stewart,1993-09-07,Defensive Midfield,Midfield,,182.0,23.811088295687885,1000000.0
202886,2016,6,32,0,0,0,0,Ruben Loftus-Cheek,1996-01-23,Central Midfield,Midfield,right,191.0,21.43463381245722,5000000.0
204103,2016,27,1537,0,1,1,0,Adama Traoré,1996-01-25,Right Winger,Attack,right,178.0,21.429158110882955,8000000.0
207015,2016,27,832,2,2,0,0,Vincent Janssen,1994-06-15,Centre-Forward,Attack,left,185.0,23.041752224503764,13000000.0
207917,2016,12,298,0,1,1,0,Alberto Moreno,1992-07-05,Left-Back,Defender,left,171.0,24.985626283367555,10000000.0
207929,2016,37,3044,18,9,4,0,Dele Alli,1996-04-11,Attacking Midfield,Midfield,right,188.0,21.218343600273784,45000000.0
208244,2016,3,248,0,0,0,0,Brendan Galloway,1996-03-17,Left-Back,Defender,left,186.0,21.286789869952088,3000000.0
209781,2016,17,1095,4,1,3,1,Oumar Niasse,1990-04-18,Centre-Forward,Attack,right,182.0,27.200547570157426,9000000.0
210081,2016,31,2519,1,1,5,0,Didier Ndong,1994-06-17,Central Midfield,Midfield,right,179.0,23.0362765229295,10000000.0
214056,2016,24,1666,1,1,3,0,Daniel Amartey,1994-12-21,Centre-Back,Defender,right,186.0,22.524298425735797,5000000.0
215118,2016,25,2250,2,1,4,0,Calum Chambers,1995-01-20,Centre-Back,Defender,right,182.0,22.442162902121833,14000000.0
215679,2016,8,50,0,0,0,0,Georges-Kevin N'Koudou,1995-02-13,Left Winger,Attack,right,172.0,22.376454483230663,7000000.0
218140,2016,5,233,0,0,1,0,George Honeyman,1994-09-08,Attacking Midfield,Midfield,right,173.0,22.809034907597535,250000.0
220755,2016,3,180,1,0,0,0,Matthew Pennington,1994-10-06,Centre-Back,Defender,right,185.0,22.732375085557837,500000.0
222813,2016,5,39,0,0,1,0,Marko Grujić,1996-04-13,Defensive Midfield,Midfield,right,191.0,21.21286789869952,5000000.0
225083,2016,35,3139,1,1,9,0,N'Golo Kanté,1991-03-29,Defensive Midfield,Midfield,right,168.0,26.255989048596852,50000000.0
226968,2016,13,608,0,1,0,0,Sam McQueen,1995-02-06,Left-Back,Defender,left,181.0,22.39561943874059,750000.0
226973,2016,3,62,0,0,0,0,Harrison Reed,1995-01-27,Central Midfield,Midfield,right,181.0,22.42299794661191,1000000.0
232271,2016,24,1101,1,0,5,0,Sofiane Boufal,1993-09-17,Attacking Midfield,Midfield,right,175.0,23.783709787816566,15000000.0
234803,2016,33,2736,1,2,5,0,Andrew Robertson,1994-03-11,Left-Back,Defender,left,178.0,23.304585900068446,7000000.0
236490,2016,3,24,0,0,0,0,Ola Aina,1996-10-08,Right-Back,Defender,right,184.0,20.725530458590008,1000000.0
236513,2016,5,114,0,0,0,0,Jerome Sinclair,1996-09-20,Centre-Forward,Attack,right,181.0,20.774811772758383,1500000.0
236953,2016,18,1248,0,1,7,0,Sam Byram,1993-09-16,Left-Back,Defender,right,183.0,23.786447638603697,4500000.0
242631,2016,26,1462,3,3,1,0,Alex Iwobi,1996-05-03,Left Winger,Attack,right,183.0,21.15811088295688,10000000.0
243589,2016,5,18,0,0,0,0,Josh Onomah,1997-04-27,Central Midfield,Midfield,right,185.0,20.175222450376456,2500000.0
244130,2016,1,23,0,0,0,0,Sullay Kaikai,1995-08-26,Left Winger,Attack,right,182.0,21.845311430527037,250000.0
247555,2016,28,985,0,0,4,0,Edimilson Fernandes,1996-04-15,Defensive Midfield,Midfield,right,187.0,21.207392197125255,5000000.0
248045,2016,14,1029,0,3,1,0,Duncan Watmore,1994-03-08,Right Winger,Attack,right,175.0,23.312799452429843,3000000.0
249089,2016,6,431,0,1,1,0,Lewis Cook,1997-02-03,Central Midfield,Midfield,right,175.0,20.40246406570842,6000000.0
249126,2016,21,478,1,1,1,0,Harry Winks,1996-02-02,Defensive Midfield,Midfield,right,178.0,21.4072553045859,4000000.0
250478,2016,5,374,0,0,0,0,Matt Targett,1995-09-18,Left-Back,Defender,left,183.0,21.782340862423,3000000.0
253341,2016,9,810,0,0,3,0,Rob Holding,1995-09-20,Centre-Back,Defender,right,189.0,21.776865160848732,7000000.0
253677,2016,7,506,0,0,0,0,Tyrone Mings,1993-03-13,Centre-Back,Defender,left,196.0,24.298425735797398,5000000.0
258883,2016,1,12,0,0,0,0,Jonjoe Kenny,1997-03-15,Right-Back,Defender,right,176.0,20.292950034223136,250000.0
258923,2016,32,1703,5,2,3,0,Marcus Rashford,1997-10-31,Left Winger,Attack,right,185.0,19.66324435318275,18000000.0
261504,2016,4,76,0,0,0,0,Aleix García,1997-06-28,Central Midfield,Midfield,right,173.0,20.005475701574266,1000000.0
273773,2016,1,6,0,0,0,0,Jonathan Benteke,1995-04-28,Centre-Forward,Attack,right,186.0,22.17385352498289,400000.0
274839,2016,17,1522,2,1,0,0,Wilfred Ndidi,1996-12-16,Defensive Midfield,Midfield,right,183.0,20.536618754277892,14000000.0
277114,2016,24,1879,0,0,2,0,Jason Denayer,1995-06-28,Centre-Back,Defender,right,184.0,22.00684462696783,4000000.0
281404,2016,2,90,0,0,0,0,Kenedy,1996-02-08,Left Winger,Attack,left,185.0,21.39082819986311,7000000.0
284727,2016,16,536,1,0,0,0,Jonathan Calleri,1993-09-23,Centre-Forward,Attack,right,181.0,23.76728268309377,8000000.0
285845,2016,1,1,0,0,0,0,Ainsley Maitland-Niles,1997-08-29,Right-Back,Defender,right,180.0,19.835728952772072,750000.0
286384,2016,25,2060,0,0,4,0,Eric Bailly,1994-04-12,Centre-Back,Defender,right,187.0,23.21697467488022,30000000.0
286919,2016,7,206,0,1,0,0,Josh Sims,1997-03-28,Right Winger,Attack,right,174.0,20.257357973990416,500000.0
287431,2016,27,2430,4,0,1,0,Alfie Mawson,1994-01-19,Centre-Back,Defender,right,189.0,23.444216290212182,6000000.0
289846,2016,16,354,0,0,2,0,Ashley Fletcher,1995-10-02,Centre-Forward,Attack,right,185.0,21.744010951403148,1000000.0
291422,2016,11,265,0,0,0,0,Lys Mousset,1996-02-08,Centre-Forward,Attack,right,186.0,21.39082819986311,4000000.0
292417,2016,30,1037,1,4,2,0,Demarai Gray,1996-06-28,Left Winger,Attack,right,183.0,21.00479123887748,9000000.0
293450,2016,1,12,0,0,0,0,Baily Cargill,1995-07-05,Centre-Back,Defender,left,189.0,21.987679671457904,250000.0
295330,2016,20,527,4,3,0,0,Kelechi Iheanacho,1996-10-03,Centre-Forward,Attack,left,185.0,20.739219712525667,15000000.0
295331,2016,19,504,1,1,2,0,Isaac Success,1996-01-07,Centre-Forward,Attack,right,182.0,21.478439425051334,4000000.0
298477,2016,5,76,0,0,0,0,Oli McBurnie,1996-06-04,Centre-Forward,Attack,right,188.0,21.07049965776865,250000.0
306024,2016,11,345,1,0,1,0,Dominic Calvert-Lewin,1997-03-16,Centre-Forward,Attack,right,189.0,20.290212183436,3500000.0
307781,2016,11,364,0,0,3,0,Lynden Gooch,1995-12-24,Right Winger,Attack,right,173.0,21.516769336071185,750000.0
312017,2016,17,849,0,2,2,0,Ramadan Sobhi,1997-01-23,Left Winger,Attack,right,183.0,20.432580424366872,5000000.0
314210,2016,24,1543,2,3,4,0,Tom Davies,1998-06-30,Central Midfield,Midfield,right,180.0,19.000684462696782,8000000.0
314266,2016,9,111,0,1,0,0,Jonathan Leko,1999-04-24,Right Winger,Attack,right,182.0,18.184804928131417,1500000.0
314353,2016,7,165,0,0,0,0,Trent Alexander-Arnold,1998-10-07,Right-Back,Defender,right,180.0,18.729637234770706,1500000.0
314875,2016,7,179,0,0,0,0,Jarrod Bowen,1996-12-20,Right Winger,Attack,left,176.0,20.525667351129364,250000.0
315131,2016,4,96,0,0,0,0,Timothy Fosu-Mensah,1998-01-02,Right-Back,Defender,right,185.0,19.49075975359343,2500000.0
316125,2016,12,696,1,0,2,0,Ben Chilwell,1996-12-21,Left-Back,Defender,left,180.0,20.522929500342233,2500000.0
337284,2016,2,6,0,0,0,0,Ovie Ejaria,1997-11-18,Left Winger,Attack,right,188.0,19.613963039014372,500000.0
342046,2016,4,305,0,0,0,0,Axel Tuanzebe,1997-11-14,Centre-Back,Defender,right,188.0,19.6249144421629,1000000.0
344015,2016,5,83,0,0,0,0,Ben Woodburn,1999-10-15,Attacking Midfield,Midfield,right,174.0,17.70841889117043,1500000.0
348623,2016,18,1371,0,1,2,0,Mason Holgate,1996-10-22,Centre-Back,Defender,right,187.0,20.687200547570157,5000000.0
363205,2016,10,651,7,4,2,0,Gabriel Jesus,1997-04-03,Centre-Forward,Attack,right,175.0,20.240930869267626,30000000.0
367195,2016,3,23,0,0,0,0,Dan Agyei,1997-06-01,Right Winger,Attack,left,183.0,20.079397672826833,75000.0
385918,2016,3,83,0,0,0,0,Aiden O'Neill,1998-07-04,Defensive Midfield,Midfield,right,180.0,18.989733059548254,100000.0
387331,2016,8,276,0,0,2,0,Sam Field,1998-05-08,Defensive Midfield,Midfield,left,191.0,19.145790554414784,250000.0
406040,2016,8,290,1,0,0,0,Ademola Lookman,1997-10-20,Left Winger,Attack,right,174.0,19.693360711841205,5000000.0
419929,2016,5,325,0,0,1,0,Josh Tymon,1999-05-22,Left-Back,Defender,left,180.0,18.10814510609172,1000000.0
2857,2017,2,180,0,0,0,0,Eldin Jakupovic,1984-10-02,Goalkeeper,Goalkeeper,right,191.0,33.74127310061601,1000000.0
3291,2017,25,1927,1,1,4,0,Gareth Barry,1981-02-23,Defensive Midfield,Midfield,left,184.0,37.347022587268995,1000000.0
3306,2017,3,36,0,0,0,0,Jonathan Walters,1983-09-20,Right Winger,Attack,right,183.0,34.776180698151954,2000000.0
3332,2017,31,2287,10,2,5,0,Wayne Rooney,1985-10-24,Centre-Forward,Attack,right,176.0,32.681724845995895,10000000.0
3333,2017,32,1763,0,3,3,0,James Milner,1986-01-04,Central Midfield,Midfield,right,175.0,32.48459958932238,15000000.0
3455,2017,5,102,0,0,0,0,Zlatan Ibrahimović,1981-10-03,Centre-Forward,Attack,right,195.0,36.73921971252567,4000000.0
3547,2017,27,2222,1,1,0,0,Darren Fletcher,1984-02-01,Central Midfield,Midfield,right,184.0,34.40930869267625,2000000.0
3838,2017,1,90,0,0,1,0,Boaz Myhill,1982-11-09,Goalkeeper,Goalkeeper,right,191.0,35.63860369609856,1000000.0
3875,2017,24,1083,4,1,1,0,Jermain Defoe,1982-10-07,Centre-Forward,Attack,right,171.0,35.728952772073924,2500000.0
3878,2017,2,109,0,0,0,0,Michael Carrick,1981-07-28,Defensive Midfield,Midfield,right,189.0,36.92265571526352,1000000.0
3881,2017,9,550,0,0,3,0,Glen Johnson,1984-08-23,Right-Back,Defender,both,182.0,33.8507871321013,2500000.0
4072,2017,31,1555,5,2,4,0,Peter Crouch,1981-01-30,Centre-Forward,Attack,right,201.0,37.412731006160165,1000000.0
5285,2017,5,228,0,0,0,0,Patrice Evra,1981-05-15,Left-Back,Defender,left,174.0,37.125256673511295,1000000.0
5658,2017,34,3040,0,0,1,0,Petr Cech,1982-05-20,Goalkeeper,Goalkeeper,left,196.0,36.11225188227242,3000000.0
6636,2017,25,1917,0,1,1,0,Christian Fuchs,1986-04-07,Left-Back,Defender,left,187.0,32.2299794661191,5000000.0
6710,2017,6,365,1,0,0,0,Per Mertesacker,1984-09-29,Centre-Back,Defender,right,200.0,33.74948665297741,1000000.0
8806,2017,32,2310,2,4,6,0,Cesc Fàbregas,1987-05-04,Central Midfield,Midfield,right,179.0,31.156741957563312,30000000.0
9594,2017,17,1396,1,1,6,0,Vincent Kompany,1986-04-10,Centre-Back,Defender,right,190.0,32.2217659137577,10000000.0
10003,2017,32,2818,0,0,4,0,Wes Morgan,1984-01-21,Centre-Back,Defender,right,185.0,34.4394250513347,3000000.0
10503,2017,1,17,0,0,0,0,Uwe Hünemeier,1986-01-09,Centre-Back,Defender,right,189.0,32.47091033538672,1000000.0
11111,2017,4,119,0,0,1,0,Ramiro Funes Mori,1991-03-05,Centre-Back,Defender,left,187.0,27.32101300479124,10000000.0
12282,2017,7,361,0,0,0,0,Daley Blind,1990-03-09,Centre-Back,Defender,left,180.0,28.309377138945926,18000000.0
12691,2017,13,1050,1,0,3,0,James Collins,1983-08-23,Centre-Back,Defender,right,188.0,34.85284052019165,1000000.0
12814,2017,11,990,0,0,0,0,Julián Speroni,1979-05-18,Goalkeeper,Goalkeeper,right,186.0,39.11841204654346,250000.0
13091,2017,10,228,0,2,1,0,Yaya Touré,1983-05-13,Central Midfield,Midfield,right,188.0,35.13210130047912,2500000.0
13460,2017,3,270,0,0,0,0,Lee Grant,1983-01-27,Goalkeeper,Goalkeeper,right,193.0,35.422313483915126,1000000.0
13507,2017,22,1911,2,3,1,0,Leighton Baines,1984-12-11,Left-Back,Defender,left,170.0,33.549623545516766,8000000.0
13520,2017,25,2065,0,0,2,0,Phil Jagielka,1982-08-17,Centre-Back,Defender,right,180.0,35.86858316221766,1500000.0
13572,2017,37,3330,0,0,2,0,Ben Foster,1983-04-03,Goalkeeper,Goalkeeper,left,193.0,35.24161533196441,3000000.0
13573,2017,32,2707,0,1,10,0,Simon Francis,1985-02-16,Right-Back,Defender,right,191.0,33.36618754277892,2500000.0
13683,2017,4,68,0,0,0,0,Dean Whitehead,1982-01-12,Central Midfield,Midfield,right,183.0,36.46269678302532,250000.0
14066,2017,15,423,0,0,1,0,Wayne Routledge,1985-01-07,Left Winger,Attack,right,170.0,33.4757015742642,1500000.0
14081,2017,8,458,0,0,1,0,Ben Watson,1985-07-09,Central Midfield,Midfield,right,178.0,32.97467488021903,1000000.0
14086,2017,30,2448,2,5,7,0,Ashley Young,1985-07-09,Right-Back,Defender,both,175.0,32.97467488021903,7000000.0
14221,2017,29,1917,0,4,2,0,Aaron Lennon,1987-04-16,Right Winger,Attack,right,165.0,31.20602327173169,5000000.0
15166,2017,3,163,0,0,0,0,Liam Rosenior,1984-07-09,Right-Back,Defender,right,178.0,33.973990417522245,1000000.0
15760,2017,6,163,0,0,1,0,Ibrahim Afellay,1986-04-02,Attacking Midfield,Midfield,right,181.0,32.24366872005476,1500000.0
15773,2017,13,1125,0,0,5,0,Phil Bardsley,1985-06-28,Right-Back,Defender,right,180.0,33.00479123887748,1500000.0
16408,2017,15,1291,0,0,0,0,Orestis Karnezis,1985-07-11,Goalkeeper,Goalkeeper,right,190.0,32.969199178644764,3000000.0
16911,2017,33,2966,0,0,3,0,Kasper Schmeichel,1986-11-05,Goalkeeper,Goalkeeper,right,189.0,31.64955509924709,10000000.0
17965,2017,36,3240,0,0,1,0,Hugo Lloris,1986-12-26,Goalkeeper,Goalkeeper,left,188.0,31.509924709103355,25000000.0
19059,2017,24,2129,0,0,0,0,Heurelho Gomes,1981-02-15,Goalkeeper,Goalkeeper,right,191.0,37.36892539356605,1000000.0
19368,2017,28,1886,0,0,6,0,Mousa Dembélé,1987-07-16,Central Midfield,Midfield,left,185.0,30.95687885010267,18000000.0
19948,2017,3,270,0,0,0,0,Willy Caballero,1981-09-28,Goalkeeper,Goalkeeper,right,186.0,36.75290896646133,1000000.0
20007,2017,37,3291,0,1,9,0,Pablo Zabaleta,1985-01-16,Right-Back,Defender,right,176.0,33.451060917180016,5000000.0
26267,2017,34,2885,5,4,7,0,Fernandinho,1985-05-04,Defensive Midfield,Midfield,right,179.0,33.15537303216975,15000000.0
26276,2017,1,90,0,0,0,0,Michel Vorm,1983-10-20,Goalkeeper,Goalkeeper,right,183.0,34.69404517453799,2500000.0
26399,2017,25,1969,21,6,2,0,Sergio Agüero,1988-06-02,Centre-Forward,Attack,right,173.0,30.075290896646134,80000000.0
26669,2017,19,1449,1,0,0,0,Ragnar Klavan,1985-10-30,Centre-Back,Defender,left,187.0,32.6652977412731,3500000.0
27114,2017,2,152,0,0,0,0,Younès Kaboul,1986-01-04,Centre-Back,Defender,right,192.0,32.48459958932238,2000000.0
27511,2017,27,2084,0,0,1,1,Gary Cahill,1985-12-19,Centre-Back,Defender,right,193.0,32.5284052019165,15000000.0
27614,2017,4,206,1,0,0,0,James Morrison,1986-05-25,Central Midfield,Midfield,right,183.0,32.09856262833676,4000000.0
27659,2017,3,180,0,0,0,0,Martin Cranie,1986-09-26,Centre-Back,Defender,right,183.0,31.759069130732374,500000.0
28973,2017,23,1521,3,1,0,0,Steven Davis,1985-01-01,Central Midfield,Midfield,right,172.0,33.492128678986994,4000000.0
28990,2017,11,408,0,0,2,1,Charlie Adam,1985-12-10,Central Midfield,Midfield,left,185.0,32.55304585900068,2500000.0
29055,2017,2,97,0,0,0,0,Jesús Gámez,1985-04-10,Right-Back,Defender,right,177.0,33.22108145106092,2000000.0
29434,2017,31,2387,0,1,7,0,Yohan Cabaye,1986-01-14,Central Midfield,Midfield,right,173.0,32.45722108145106,10000000.0
29692,2017,38,3420,0,0,0,0,Lukasz Fabianski,1985-04-18,Goalkeeper,Goalkeeper,right,190.0,33.19917864476386,5000000.0
29975,2017,25,1852,2,5,2,0,Andrew Surman,1986-08-20,Central Midfield,Midfield,left,178.0,31.860369609856264,2500000.0
30690,2017,1,90,0,0,0,0,Sergio Romero,1987-02-22,Goalkeeper,Goalkeeper,right,192.0,31.351129363449694,5000000.0
31514,2017,14,1177,0,0,0,0,Markus Suttner,1987-04-16,Left-Back,Defender,left,179.0,31.20602327173169,2500000.0
31642,2017,20,1524,0,0,2,0,Geoff Cameron,1985-07-11,Centre-Back,Defender,right,190.0,32.969199178644764,2500000.0
31835,2017,29,2404,4,0,6,0,Mark Noble,1987-05-08,Central Midfield,Midfield,right,180.0,31.145790554414784,7000000.0
33544,2017,31,2743,3,1,7,0,Antonio Valencia,1985-08-04,Right-Back,Defender,right,180.0,32.903490759753595,8000000.0
33639,2017,5,136,0,0,1,0,Kevin Mirallas,1987-10-05,Attacking Midfield,Midfield,right,182.0,30.73511293634497,7000000.0
33713,2017,20,1216,3,3,2,0,Theo Walcott,1989-03-16,Right Winger,Attack,both,175.0,29.28952772073922,20000000.0
33829,2017,8,690,0,1,0,0,José Fonte,1983-12-22,Centre-Back,Defender,right,191.0,34.521560574948666,2000000.0
33866,2017,24,2009,1,1,6,0,Steven Defour,1988-04-15,Defensive Midfield,Midfield,right,175.0,30.206707734428473,7000000.0
33873,2017,38,3420,0,0,2,0,Asmir Begovic,1987-06-20,Goalkeeper,Goalkeeper,right,199.0,31.028062970568104,8000000.0
34130,2017,4,306,0,0,0,0,Tom Heaton,1986-04-15,Goalkeeper,Goalkeeper,right,188.0,32.20807665982204,4000000.0
34691,2017,28,2462,1,1,1,0,Stephen Ward,1985-08-20,Left-Back,Defender,left,184.0,32.85968514715948,3000000.0
34838,2017,4,128,0,0,1,0,Stephen Ireland,1986-08-22,Attacking Midfield,Midfield,right,173.0,31.854893908281998,1000000.0
35249,2017,15,445,1,1,2,0,Stefano Okaka,1989-08-09,Centre-Forward,Attack,right,186.0,28.889801505817932,5000000.0
35518,2017,29,2437,9,11,5,0,David Silva,1986-01-08,Attacking Midfield,Midfield,left,170.0,32.473648186173854,30000000.0
35564,2017,16,224,1,0,1,0,Fernando Llorente,1985-02-26,Centre-Forward,Attack,right,195.0,33.3388090349076,7000000.0
35664,2017,26,2164,4,9,4,0,Mesut Özil,1988-10-15,Attacking Midfield,Midfield,left,180.0,29.7056810403833,50000000.0
36139,2017,36,2811,6,3,4,0,Dušan Tadić,1988-11-20,Right Winger,Attack,left,181.0,29.607118412046542,15000000.0
36291,2017,25,2239,0,0,2,0,Gaëtan Bong,1988-04-25,Left-Back,Defender,left,183.0,30.17932922655715,1500000.0
36814,2017,26,1922,0,7,5,0,Chris Brunt,1984-12-14,Central Midfield,Midfield,left,187.0,33.541409993155376,3000000.0
36861,2017,2,95,0,0,0,0,Damien Delaney,1981-07-20,Centre-Back,Defender,left,190.0,36.94455852156057,1000000.0
36939,2017,20,982,0,0,2,0,Marc Pugh,1987-04-02,Left Winger,Attack,right,180.0,31.24435318275154,1500000.0
37011,2017,24,1307,0,0,2,0,Nathan Dyer,1987-11-29,Right Winger,Attack,right,165.0,30.584531143052704,2500000.0
37304,2017,30,1579,2,2,6,0,Shane Long,1987-01-22,Centre-Forward,Attack,both,180.0,31.43600273785079,7000000.0
37442,2017,28,2313,0,0,4,0,Danny Simpson,1987-01-04,Right-Back,Defender,right,176.0,31.485284052019164,5000000.0
37526,2017,17,1454,0,0,5,0,Winston Reid,1988-07-03,Centre-Back,Defender,right,191.0,29.99041752224504,7000000.0
37838,2017,29,2125,2,1,4,0,Dejan Lovren,1989-07-05,Centre-Back,Defender,right,188.0,28.985626283367555,20000000.0
37981,2017,21,1568,0,0,5,0,Sebastian Prödl,1987-06-21,Centre-Back,Defender,right,194.0,31.025325119780973,4000000.0
38073,2017,36,3154,0,1,7,0,Martin Olsson,1988-05-17,Left-Back,Defender,left,178.0,30.119096509240247,5000000.0
38145,2017,28,2208,0,0,4,0,Adrian Mariappa,1986-10-03,Centre-Back,Defender,right,179.0,31.73990417522245,1500000.0
38383,2017,20,1116,0,0,2,0,Danny Williams,1989-03-08,Defensive Midfield,Midfield,right,182.0,29.311430527036276,2000000.0
39037,2017,16,1440,0,0,0,0,Rob Elliot,1986-04-30,Goalkeeper,Goalkeeper,left,190.0,32.167008898015055,1500000.0
39679,2017,16,612,4,0,1,0,Marouane Fellaini,1987-11-22,Central Midfield,Midfield,right,194.0,30.60369609856263,12000000.0
40043,2017,5,305,0,0,1,0,Leon Britton,1982-09-16,Central Midfield,Midfield,right,167.0,35.7864476386037,1000000.0
40204,2017,19,1710,0,1,0,0,Joe Hart,1987-04-19,Goalkeeper,Goalkeeper,right,196.0,31.197809719370294,10000000.0
40423,2017,3,225,0,0,0,0,Claudio Bravo,1983-04-13,Goalkeeper,Goalkeeper,right,184.0,35.214236824093085,3500000.0
40433,2017,31,2556,9,6,5,0,Alexis Sánchez,1988-12-19,Second Striker,Attack,right,169.0,29.527720739219713,70000000.0
40567,2017,9,456,0,0,0,0,Gareth McAuley,1979-12-05,Centre-Back,Defender,right,191.0,38.56810403832991,1000000.0
40611,2017,35,3137,0,4,2,0,Ryan Bertrand,1989-08-05,Left-Back,Defender,left,179.0,28.90075290896646,20000000.0
40613,2017,38,3420,2,1,7,0,Jack Cork,1989-06-25,Defensive Midfield,Midfield,right,185.0,29.013004791238878,15000000.0
41112,2017,28,2382,0,4,7,0,Jose Cholevas,1984-06-27,Left-Back,Defender,left,184.0,34.00684462696783,2000000.0
41384,2017,31,2322,11,6,5,1,Marko Arnautovic,1989-04-19,Centre-Forward,Attack,both,192.0,29.196440793976727,25000000.0
41416,2017,33,2434,5,1,5,0,James McArthur,1987-10-07,Central Midfield,Midfield,both,178.0,30.729637234770706,6000000.0
42412,2017,28,2273,2,1,7,0,Jonny Evans,1988-01-03,Centre-Back,Defender,both,188.0,30.48870636550308,15000000.0
42710,2017,14,1177,0,0,3,0,Toby Alderweireld,1989-03-02,Centre-Back,Defender,right,187.0,29.32785763175907,40000000.0
43003,2017,28,2242,5,2,3,0,Nacho Monreal,1986-02-26,Left-Back,Defender,left,179.0,32.33949349760438,13000000.0
43250,2017,36,3206,0,0,4,0,Jan Vertonghen,1987-04-24,Centre-Back,Defender,left,189.0,31.184120465434635,32000000.0
43530,2017,12,236,0,0,1,0,Adam Lallana,1988-05-10,Attacking Midfield,Midfield,both,172.0,30.138261464750173,25000000.0
43763,2017,31,2720,0,1,5,0,Erik Pieters,1988-08-07,Centre-Back,Defender,left,183.0,29.894592744695416,6000000.0
44068,2017,28,1931,3,5,1,0,Juan Mata,1988-04-28,Attacking Midfield,Midfield,left,170.0,30.171115674195757,30000000.0
44675,2017,1,72,0,0,0,0,Bojan Krkic,1990-08-28,Second Striker,Attack,right,173.0,27.838466803559207,1500000.0
44741,2017,19,740,0,0,2,0,Beram Kayal,1988-05-02,Central Midfield,Midfield,right,178.0,30.16016427104723,1500000.0
44792,2017,33,2830,0,1,3,0,Kieran Gibbs,1989-09-26,Left-Back,Defender,left,181.0,28.758384668035593,8000000.0
44983,2017,28,1942,2,1,8,0,Dan Gosling,1990-02-01,Central Midfield,Midfield,right,180.0,28.407939767282684,3500000.0
45184,2017,27,1642,0,2,2,0,Grzegorz Krychowiak,1990-01-29,Defensive Midfield,Midfield,right,187.0,28.416153319644078,18000000.0
45330,2017,16,900,0,0,5,0,Claudio Yacob,1987-07-18,Defensive Midfield,Midfield,right,182.0,30.951403148528406,3500000.0
45333,2017,4,206,0,0,0,0,James McCarthy,1990-11-12,Central Midfield,Midfield,right,180.0,27.630390143737166,8000000.0
45403,2017,30,1843,3,4,5,0,André Ayew,1989-12-17,Centre-Forward,Attack,left,175.0,28.53388090349076,15000000.0
45494,2017,27,2430,0,0,1,0,Wayne Hennessey,1987-01-24,Goalkeeper,Goalkeeper,right,198.0,31.430527036276523,4000000.0
45660,2017,30,2248,5,5,3,0,Eric-Maxim Choupo-Moting,1989-03-23,Centre-Forward,Attack,right,191.0,29.270362765229294,8000000.0
45671,2017,14,991,5,0,0,0,Cenk Tosun,1991-06-07,Centre-Forward,Attack,right,183.0,27.06365503080082,23000000.0
45693,2017,35,2198,12,0,9,0,Glenn Murray,1983-09-25,Centre-Forward,Attack,right,186.0,34.76249144421629,3000000.0
45861,2017,27,2372,1,1,2,0,Ryan Shawcross,1987-10-04,Centre-Back,Defender,right,191.0,30.7378507871321,10000000.0
46001,2017,33,1395,1,1,3,0,Moussa Sissoko,1989-08-16,Central Midfield,Midfield,right,187.0,28.870636550308006,18000000.0
46741,2017,10,839,1,0,4,1,David Luiz,1987-04-22,Centre-Back,Defender,right,189.0,31.189596167008897,25000000.0
46791,2017,16,468,3,0,0,0,Bakary Sako,1988-04-26,Left Winger,Attack,left,183.0,30.17659137577002,5000000.0
47082,2017,15,547,2,1,0,0,Daniel Sturridge,1989-09-01,Centre-Forward,Attack,left,182.0,28.826830937713893,15000000.0
47713,2017,19,1600,1,2,1,0,Mamadou Sakho,1990-02-13,Centre-Back,Defender,left,187.0,28.3750855578371,15000000.0
47995,2017,10,570,0,0,5,0,Jason Puncheon,1986-06-18,Central Midfield,Midfield,left,173.0,32.03285420944559,5000000.0
48002,2017,32,2880,1,0,3,0,Angelo Ogbonna,1988-05-23,Centre-Back,Defender,left,191.0,30.102669404517453,9000000.0
48066,2017,16,745,3,1,7,0,Andy Carroll,1989-01-06,Centre-Forward,Attack,left,193.0,29.478439425051334,10000000.0
48078,2017,30,980,4,2,3,0,Sam Vokes,1989-10-21,Centre-Forward,Attack,right,186.0,28.689938398357288,6000000.0
48870,2017,38,3420,0,1,1,0,Jonas Lössl,1989-02-01,Goalkeeper,Goalkeeper,right,195.0,29.4072553045859,5000000.0
49499,2017,33,2387,1,2,1,0,Georginio Wijnaldum,1990-11-11,Central Midfield,Midfield,right,175.0,27.633127994524298,30000000.0
49501,2017,19,1338,1,1,1,0,Elias Kachunga,1992-04-22,Centre-Forward,Attack,right,178.0,26.187542778918548,3500000.0
49755,2017,36,3240,0,3,6,0,Dale Stephens,1989-06-12,Central Midfield,Midfield,right,185.0,29.048596851471594,6000000.0
50057,2017,24,1847,7,10,0,0,Aaron Ramsey,1990-12-26,Central Midfield,Midfield,right,178.0,27.509924709103355,45000000.0
50174,2017,10,802,0,1,4,0,Danny Rose,1990-07-02,Left-Back,Defender,left,173.0,27.994524298425734,30000000.0
50201,2017,31,2235,3,6,6,0,Christian Benteke,1990-12-03,Centre-Forward,Attack,right,190.0,27.572895277207394,22000000.0
50202,2017,34,2433,12,4,2,0,Eden Hazard,1991-01-07,Left Winger,Attack,right,175.0,27.477070499657767,110000000.0
50219,2017,19,1710,0,0,3,0,Simon Mignolet,1988-03-06,Goalkeeper,Goalkeeper,right,193.0,30.316221765913756,10000000.0
50362,2017,22,1746,1,2,2,0,Fabian Delph,1989-11-21,Central Midfield,Midfield,left,174.0,28.605065023956193,15000000.0
50477,2017,1,90,0,0,0,0,Yohan Benalouane,1987-03-28,Centre-Back,Defender,right,185.0,31.2580424366872,1000000.0
50935,2017,28,1543,8,1,3,0,Chicharito,1988-06-01,Centre-Forward,Attack,right,175.0,30.078028747433265,15000000.0
51152,2017,6,152,1,0,0,0,Aleksandar Mitrović,1994-09-16,Centre-Forward,Attack,right,189.0,23.786447638603697,15000000.0
51452,2017,36,3142,2,6,8,0,Joe Allen,1990-03-14,Central Midfield,Midfield,right,170.0,28.295687885010267,18000000.0
51528,2017,25,2017,0,0,3,0,Bruno Saltor,1980-10-01,Right-Back,Defender,right,180.0,37.74401095140315,750000.0
51540,2017,1,84,1,0,0,0,Henri Saivet,1990-10-26,Attacking Midfield,Midfield,right,175.0,27.67693360711841,2000000.0
51730,2017,4,166,0,0,0,0,Jamie Murphy,1989-08-28,Left Winger,Attack,right,178.0,28.83778234086242,1750000.0
52059,2017,38,3420,0,2,6,0,Zanka,1990-04-23,Centre-Back,Defender,right,189.0,28.186173853524984,5000000.0
52119,2017,28,2185,5,1,7,0,Patrick van Aanholt,1990-08-29,Left-Back,Defender,left,176.0,27.835728952772072,9000000.0
52570,2017,20,1800,0,0,0,0,Fraser Forster,1988-03-17,Goalkeeper,Goalkeeper,right,201.0,30.286105407255306,15000000.0
52769,2017,36,1883,6,8,1,0,Willian,1988-08-09,Left Winger,Attack,right,175.0,29.88911704312115,32000000.0
53360,2017,37,2825,7,1,2,0,Jay Rodríguez,1989-07-29,Centre-Forward,Attack,right,185.0,28.919917864476385,12000000.0
53622,2017,30,1510,4,1,3,0,İlkay Gündoğan,1990-10-24,Central Midfield,Midfield,right,180.0,27.682409308692677,40000000.0
54781,2017,34,2968,4,0,9,0,Nicolás Otamendi,1988-02-12,Centre-Back,Defender,right,182.0,30.379192334017795,35000000.0
54890,2017,14,280,1,0,0,0,Leonardo Ulloa,1986-07-26,Centre-Forward,Attack,right,188.0,31.928815879534564,5000000.0
54906,2017,8,444,0,0,0,0,Matteo Darmian,1989-12-02,Right-Back,Defender,right,183.0,28.57494866529774,10000000.0
55125,2017,23,1596,0,0,1,0,Chris Löwe,1989-04-16,Left-Back,Defender,left,173.0,29.204654346338124,1500000.0
55291,2017,18,1335,2,1,3,0,Scott Arfield,1988-11-01,Central Midfield,Midfield,right,178.0,29.659137577002053,3000000.0
55619,2017,3,200,0,0,0,0,Nordin Amrabat,1987-03-31,Right Winger,Attack,right,178.0,31.249828884325805,3000000.0
55735,2017,26,1728,3,9,2,0,Henrikh Mkhitaryan,1989-01-21,Central Midfield,Midfield,both,177.0,29.437371663244353,35000000.0
55742,2017,13,962,1,0,4,0,Harry Arter,1989-12-28,Central Midfield,Midfield,left,177.0,28.503764544832308,7000000.0
56810,2017,12,762,0,1,3,0,Adrien Silva,1989-03-15,Central Midfield,Midfield,right,175.0,29.29226557152635,20000000.0
56818,2017,30,2127,0,0,6,0,Morgan Schneiderlin,1989-11-08,Defensive Midfield,Midfield,right,186.0,28.640657084188913,20000000.0
56872,2017,22,1253,3,1,2,0,Andy King,1988-10-29,Central Midfield,Midfield,right,184.0,29.66735112936345,3000000.0
57500,2017,37,3330,2,6,1,0,César Azpilicueta,1989-08-28,Centre-Back,Defender,right,178.0,28.83778234086242,40000000.0
57842,2017,37,3266,0,2,8,0,Christopher Schindler,1990-04-29,Centre-Back,Defender,right,188.0,28.16974674880219,6000000.0
58864,2017,13,1059,10,4,0,0,Pierre-Emerick Aubameyang,1989-06-18,Centre-Forward,Attack,right,187.0,29.032169746748803,75000000.0
59032,2017,11,767,0,0,2,0,Aleksandar Dragovic,1991-03-06,Centre-Back,Defender,right,186.0,27.318275154004105,10000000.0
59377,2017,37,3330,0,0,0,0,David de Gea,1990-11-07,Goalkeeper,Goalkeeper,right,192.0,27.644079397672826,70000000.0
59606,2017,7,495,0,0,1,0,Craig Cathcart,1989-02-06,Centre-Back,Defender,right,189.0,29.39356605065024,3500000.0
59631,2017,5,215,1,0,1,0,Nacer Chadli,1989-08-02,Left Winger,Attack,right,187.0,28.908966461327857,10000000.0
59866,2017,28,2119,3,4,3,0,Victor Moses,1990-12-12,Right Midfield,Midfield,right,177.0,27.548254620123203,20000000.0
60583,2017,2,180,0,1,0,0,Jérémy Pied,1989-02-23,Right-Back,Defender,right,173.0,29.347022587268995,2500000.0
60744,2017,23,1822,3,0,3,0,Daryl Janmaat,1989-07-22,Centre-Back,Defender,right,185.0,28.93908281998631,6000000.0
61560,2017,34,2543,2,7,5,1,Marc Albrighton,1989-11-18,Right Midfield,Midfield,right,175.0,28.61327857631759,10000000.0
61573,2017,30,2410,0,0,10,0,Jonathan Hogg,1988-12-06,Central Midfield,Midfield,right,176.0,29.56331279945243,3500000.0
61592,2017,28,2388,3,0,8,0,James Tomkins,1989-03-29,Centre-Back,Defender,right,192.0,29.253935660506503,8000000.0
61651,2017,27,2172,1,1,1,0,Jordan Henderson,1990-06-17,Defensive Midfield,Midfield,right,182.0,28.035592060232716,25000000.0
61819,2017,35,3004,1,3,0,0,Charlie Daniels,1986-09-07,Left-Back,Defender,left,178.0,31.811088295687885,3500000.0
61832,2017,34,2675,2,2,5,0,Jake Livermore,1989-11-14,Defensive Midfield,Midfield,right,180.0,28.62422997946612,9000000.0
61841,2017,27,2068,1,3,6,0,Adam Smith,1991-04-29,Right-Back,Defender,right,174.0,27.170431211498972,5000000.0
61842,2017,36,3130,2,8,3,0,Andros Townsend,1991-07-16,Right Winger,Attack,left,181.0,26.95687885010267,15000000.0
62049,2017,35,2602,6,3,6,0,Mame Diouf,1987-12-16,Centre-Forward,Attack,right,185.0,30.537987679671456,7000000.0
62688,2017,17,1435,1,0,4,0,Scott Dann,1987-02-14,Centre-Back,Defender,right,194.0,31.37303216974675,5000000.0
63200,2017,36,2157,9,0,10,0,Ashley Barnes,1989-10-30,Centre-Forward,Attack,right,185.0,28.6652977412731,8000000.0
63342,2017,20,1399,1,1,5,0,Leroy Fer,1990-01-05,Defensive Midfield,Midfield,right,188.0,28.48186173853525,8000000.0
63494,2017,23,1541,1,0,3,0,Étienne Capoue,1988-07-11,Defensive Midfield,Midfield,right,189.0,29.968514715947983,8000000.0
65278,2017,31,1523,4,2,1,0,Pedro,1987-07-28,Right Winger,Attack,both,167.0,30.924024640657084,25000000.0
65467,2017,19,1416,3,0,0,0,Vicente Iborra,1988-01-16,Defensive Midfield,Midfield,right,190.0,30.45311430527036,10000000.0
65477,2017,29,1840,5,2,1,1,Troy Deeney,1988-06-29,Centre-Forward,Attack,right,184.0,30.001368925393567,10000000.0
65976,2017,21,821,2,0,2,1,Hal Robson-Kanu,1989-05-21,Centre-Forward,Attack,left,183.0,29.1088295687885,2500000.0
66100,2017,34,2901,1,0,11,0,Oriol Romeu,1991-09-24,Defensive Midfield,Midfield,right,183.0,26.765229295003422,12000000.0
66219,2017,34,3033,0,2,1,0,Kyle Naughton,1988-11-17,Right-Back,Defender,right,181.0,29.61533196440794,5000000.0
66550,2017,4,155,0,0,0,0,Ángel Rangel,1982-11-28,Right-Back,Defender,right,188.0,35.58658453114305,1000000.0
66934,2017,33,2802,2,3,5,0,Cheikhou Kouyaté,1989-12-21,Defensive Midfield,Midfield,right,189.0,28.522929500342233,12000000.0
67063,2017,28,1183,5,2,1,0,Danny Welbeck,1990-11-26,Centre-Forward,Attack,right,185.0,27.592060232717316,15000000.0
67211,2017,2,30,0,0,0,0,Sam Baldock,1989-03-15,Centre-Forward,Attack,right,170.0,29.29226557152635,3000000.0
67283,2017,4,274,0,0,0,0,Ben Hamer,1987-11-20,Goalkeeper,Goalkeeper,right,193.0,30.60917180013689,500000.0
67355,2017,24,1833,1,0,3,1,Ashley Williams,1984-08-23,Centre-Back,Defender,right,183.0,33.8507871321013,5000000.0
67421,2017,5,234,0,0,2,0,Kyle Bartley,1991-05-22,Centre-Back,Defender,right,194.0,27.107460643394933,3500000.0
68390,2017,12,1035,0,1,0,0,Séamus Coleman,1988-10-11,Right-Back,Defender,right,177.0,29.71663244353183,12000000.0
69633,2017,37,3226,10,11,0,0,Christian Eriksen,1992-02-14,Attacking Midfield,Midfield,right,182.0,26.373716632443532,80000000.0
70950,2017,31,2043,2,0,3,0,Mohamed Diamé,1987-06-14,Central Midfield,Midfield,right,184.0,31.044490075290895,5000000.0
71271,2017,19,1710,0,0,2,0,Adrián San Miguel,1987-01-03,Goalkeeper,Goalkeeper,right,190.0,31.488021902806295,5000000.0
71292,2017,30,2267,1,3,4,1,Jonjo Shelvey,1992-02-27,Central Midfield,Midfield,right,184.0,26.338124572210816,15000000.0
72462,2017,18,621,1,0,0,0,Luciano Narsingh,1990-09-13,Attacking Midfield,Midfield,right,175.0,27.794661190965094,5000000.0
73396,2017,5,380,0,0,0,0,David Ospina,1988-08-31,Goalkeeper,Goalkeeper,right,183.0,29.828884325804243,5000000.0
73484,2017,23,1907,1,2,3,0,Tom Cleverley,1989-08-12,Central Midfield,Midfield,right,175.0,28.88158795345654,9000000.0
73491,2017,12,521,1,0,0,0,Danny Drinkwater,1990-03-05,Central Midfield,Midfield,right,178.0,28.320328542094455,20000000.0
73522,2017,13,995,0,0,2,0,Matty James,1991-07-22,Central Midfield,Midfield,right,181.0,26.940451745379878,1500000.0
74223,2017,20,1187,1,3,6,0,Jack Wilshere,1992-01-01,Central Midfield,Midfield,left,172.0,26.494182067077343,20000000.0
74300,2017,36,3081,10,1,8,0,Luka Milivojevic,1991-04-07,Defensive Midfield,Midfield,right,186.0,27.23066392881588,15000000.0
74683,2017,36,3119,1,1,7,0,Nemanja Matić,1988-08-01,Defensive Midfield,Midfield,left,194.0,29.911019849418206,40000000.0
74810,2017,29,2610,0,0,5,0,Ben Mee,1989-09-21,Centre-Back,Defender,left,180.0,28.772073921971252,10000000.0
74869,2017,7,156,0,0,0,0,Francis Coquelin,1991-05-13,Defensive Midfield,Midfield,right,177.0,27.132101300479125,12000000.0
74960,2017,12,1080,0,0,0,0,Martin Dúbravka,1989-01-15,Goalkeeper,Goalkeeper,right,191.0,29.453798767967147,4000000.0
75471,2017,16,855,1,0,0,0,Yannick Bolasie,1989-05-24,Centre-Forward,Attack,right,185.0,29.100616016427104,18000000.0
76277,2017,25,2227,2,0,4,0,Laurent Koscielny,1985-09-10,Centre-Back,Defender,right,186.0,32.80219028062971,15000000.0
76467,2017,23,1716,1,0,2,0,Kiko Femenía,1991-02-02,Right-Back,Defender,right,174.0,27.405886379192335,5000000.0
76799,2017,12,798,1,0,3,1,Miguel Britos,1985-07-17,Centre-Back,Defender,left,189.0,32.95277207392197,3500000.0
77001,2017,33,2145,3,0,3,1,Rajiv van La Parra,1991-06-04,Left Winger,Attack,right,181.0,27.071868583162217,4000000.0
77100,2017,6,208,0,1,0,0,Lucas Moura,1992-08-13,Right Winger,Attack,right,172.0,25.87816563997262,28000000.0
77274,2017,30,2097,2,2,3,0,Matt Phillips,1991-03-13,Right Winger,Attack,right,183.0,27.299110198494184,9000000.0
77760,2017,18,839,1,0,2,0,Victor Wanyama,1991-06-25,Defensive Midfield,Midfield,right,184.0,27.014373716632445,30000000.0
78959,2017,15,1194,0,0,1,0,Martin Kelly,1990-04-27,Right-Back,Defender,right,191.0,28.175222450376456,3000000.0
79027,2017,35,3120,0,4,2,1,Davy Pröpper,1991-09-02,Central Midfield,Midfield,right,185.0,26.82546201232033,15000000.0
80197,2017,36,2773,7,3,4,0,Salomón Rondón,1989-09-16,Centre-Forward,Attack,right,186.0,28.78576317590691,13000000.0
80444,2017,14,1117,7,6,0,0,Philippe Coutinho,1992-06-12,Attacking Midfield,Midfield,right,172.0,26.04791238877481,100000000.0
81512,2017,28,2332,2,0,5,0,Christian Kabasele,1991-02-24,Centre-Back,Defender,right,187.0,27.345653661875428,7000000.0
81789,2017,24,2051,2,1,4,0,Maya Yoshida,1988-08-24,Centre-Back,Defender,right,189.0,29.848049281314168,7000000.0
81796,2017,25,1869,2,2,2,0,Sung-yueng Ki,1989-01-24,Defensive Midfield,Midfield,right,188.0,29.429158110882955,7000000.0
81801,2017,7,131,0,0,0,0,Chung-yong Lee,1988-07-02,Right Winger,Attack,right,180.0,29.99315537303217,1500000.0
81808,2017,15,704,2,0,2,0,Wilfried Bony,1988-12-10,Centre-Forward,Attack,right,183.0,29.5523613963039,10000000.0
81999,2017,30,1655,4,1,2,0,Joselu,1990-03-27,Centre-Forward,Attack,right,191.0,28.26009582477755,4000000.0
82105,2017,25,1995,1,0,3,0,Joel Matip,1991-08-08,Centre-Back,Defender,right,195.0,26.89390828199863,25000000.0
82442,2017,29,985,7,1,0,0,Olivier Giroud,1986-09-30,Centre-Forward,Attack,left,192.0,31.748117727583846,18000000.0
82873,2017,38,2949,7,8,2,0,Pascal Groß,1991-06-15,Central Midfield,Midfield,right,181.0,27.041752224503764,10000000.0
85177,2017,3,174,0,0,1,0,Nathaniel Clyne,1991-04-05,Right-Back,Defender,right,175.0,27.236139630390145,20000000.0
85475,2017,30,2677,1,1,5,0,Federico Fernández,1989-02-21,Centre-Back,Defender,right,190.0,29.352498288843258,8000000.0
85864,2017,19,1710,0,0,1,0,Loris Karius,1993-06-22,Goalkeeper,Goalkeeper,right,191.0,25.021218343600275,12000000.0
85935,2017,30,1396,1,0,7,0,James McClean,1989-04-22,Left Midfield,Midfield,left,180.0,29.188227241615333,3000000.0
86202,2017,27,2336,2,1,4,0,Antonio Rüdiger,1993-03-03,Centre-Back,Defender,right,190.0,25.32511978097194,40000000.0
86792,2017,36,3049,8,7,5,0,Xherdan Shaqiri,1991-10-10,Attacking Midfield,Midfield,left,169.0,26.72142368240931,18000000.0
87672,2017,19,1293,5,2,1,0,Junior Stanislas,1989-11-26,Left Winger,Attack,right,183.0,28.591375770020534,4500000.0
88590,2017,27,2274,3,1,6,0,Shkodran Mustafi,1992-04-17,Centre-Back,Defender,right,184.0,26.20123203285421,25000000.0
88755,2017,37,3085,8,16,2,0,Kevin De Bruyne,1991-06-28,Attacking Midfield,Midfield,right,181.0,27.006160164271048,150000000.0
89231,2017,35,2841,2,8,2,0,Jóhann Berg Gudmundsson,1990-10-27,Right Winger,Attack,left,186.0,27.67419575633128,10000000.0
90466,2017,27,2262,4,3,2,0,Gylfi Sigurdsson,1989-09-08,Attacking Midfield,Midfield,right,186.0,28.80766598220397,30000000.0
90583,2017,33,1809,6,1,1,0,Laurent Depoitre,1988-12-07,Centre-Forward,Attack,right,191.0,29.560574948665298,4500000.0
90681,2017,11,617,0,0,0,0,Eliaquim Mangala,1991-02-13,Centre-Back,Defender,left,187.0,27.37577002053388,15000000.0
90836,2017,34,2766,2,1,5,0,Steve Cook,1991-04-19,Centre-Back,Defender,right,185.0,27.197809719370294,7000000.0
91059,2017,33,2456,8,3,3,0,Joshua King,1992-01-15,Centre-Forward,Attack,right,180.0,26.455852156057496,10000000.0
91251,2017,21,1831,0,2,2,0,Cuco Martina,1989-09-25,Centre-Back,Defender,right,185.0,28.761122518822724,2500000.0
91317,2017,19,1107,0,1,2,0,Ashley Westwood,1990-04-01,Defensive Midfield,Midfield,right,174.0,28.246406570841888,4000000.0
91845,2017,37,2311,12,6,0,0,Heung-min Son,1992-07-08,Left Winger,Attack,both,183.0,25.976728268309376,50000000.0
92469,2017,35,2812,3,6,6,0,Matt Ritchie,1989-09-10,Right Midfield,Midfield,left,173.0,28.802190280629706,12000000.0
92571,2017,36,3072,1,7,7,0,Aaron Cresswell,1989-12-15,Left-Back,Defender,left,170.0,28.539356605065024,12000000.0
92572,2017,19,1616,0,1,4,0,Joel Ward,1989-10-29,Right-Back,Defender,right,186.0,28.66803559206023,5000000.0
92899,2017,12,995,0,2,4,1,Marvin Zeegelaar,1990-08-12,Left-Back,Defender,left,186.0,27.88227241615332,3000000.0
93176,2017,9,640,0,0,6,0,Marcos Rojo,1990-03-20,Centre-Back,Defender,left,186.0,28.279260780287473,18000000.0
93720,2017,32,2211,14,5,1,0,Alexandre Lacazette,1991-05-28,Centre-Forward,Attack,right,175.0,27.091033538672143,60000000.0
93905,2017,2,46,0,0,0,0,Muhamed Besic,1992-09-10,Defensive Midfield,Midfield,right,180.0,25.801505817932924,5000000.0
94005,2017,27,2152,2,4,3,0,Sead Kolasinac,1993-06-20,Centre-Back,Defender,left,183.0,25.026694045174537,18000000.0
95424,2017,32,2787,0,6,4,0,Kyle Walker,1990-05-28,Right-Back,Defender,right,183.0,28.09034907597536,50000000.0
95810,2017,24,1914,0,5,1,0,Kieran Trippier,1990-09-19,Right-Back,Defender,right,173.0,27.7782340862423,20000000.0
95976,2017,18,1620,0,0,2,0,Alex McCarthy,1989-12-03,Goalkeeper,Goalkeeper,right,193.0,28.57221081451061,2500000.0
96341,2017,34,2869,16,7,4,0,Romelu Lukaku,1993-05-13,Centre-Forward,Attack,left,190.0,25.130732375085557,90000000.0
98240,2017,20,1745,2,1,3,0,Ciaran Clark,1989-09-26,Centre-Back,Defender,left,185.0,28.758384668035593,6000000.0
99343,2017,26,1260,0,2,4,0,Ander Herrera,1989-08-14,Central Midfield,Midfield,right,182.0,28.876112251882272,30000000.0
99397,2017,10,900,0,0,0,0,Karl Darlow,1990-10-08,Goalkeeper,Goalkeeper,right,190.0,27.72621492128679,4500000.0
101213,2017,21,1564,2,0,3,0,Pedro Obiang,1992-03-27,Central Midfield,Midfield,right,186.0,26.258726899383984,8000000.0
101682,2017,22,1114,0,1,3,0,Scott Malone,1991-03-25,Left-Back,Defender,left,189.0,27.266255989048595,3000000.0
102258,2017,26,2295,0,3,1,0,Matthew Lowton,1989-06-09,Right-Back,Defender,right,180.0,29.05681040383299,5000000.0
102382,2017,2,32,0,0,1,0,Michael Hefele,1990-09-01,Centre-Back,Defender,right,192.0,27.82751540041068,1500000.0
103427,2017,29,2535,4,0,4,0,Chris Smalling,1989-11-22,Centre-Back,Defender,right,194.0,28.602327173169062,18000000.0
104124,2017,21,1358,3,1,1,0,Michail Antonio,1990-03-28,Centre-Forward,Attack,right,180.0,28.257357973990416,15000000.0
108354,2017,36,2859,7,2,2,1,Jordan Ayew,1991-09-11,Centre-Forward,Attack,right,182.0,26.80082135523614,8000000.0
108390,2017,35,3150,0,0,2,0,Thibaut Courtois,1992-05-11,Goalkeeper,Goalkeeper,left,199.0,26.135523613963038,60000000.0
108725,2017,24,1635,10,1,1,0,Chris Wood,1991-12-07,Centre-Forward,Attack,right,191.0,26.562628336755647,18000000.0
110858,2017,17,534,0,1,0,0,Benik Afobe,1993-02-12,Centre-Forward,Attack,right,183.0,25.377138945927445,10000000.0
111114,2017,16,1440,1,2,1,0,Kevin Long,1990-08-18,Centre-Back,Defender,right,188.0,27.865845311430526,2500000.0
111455,2017,38,3266,1,7,10,0,Granit Xhaka,1992-09-27,Defensive Midfield,Midfield,left,183.0,25.754962354551676,40000000.0
111508,2017,29,2308,0,1,7,0,Allan Nyom,1988-05-10,Right-Back,Defender,right,189.0,30.138261464750173,4500000.0
111524,2017,38,3387,2,0,4,0,Ahmed Hegazy,1991-01-25,Centre-Back,Defender,right,193.0,27.42778918548939,5000000.0
111630,2017,25,832,2,4,4,0,Erik Lamela,1992-03-04,Right Winger,Attack,left,184.0,26.321697467488022,20000000.0
112052,2017,17,1246,0,0,3,0,Bruno Martins Indi,1992-02-08,Centre-Back,Defender,left,185.0,26.390143737166323,10000000.0
112302,2017,32,1622,5,3,3,0,Roberto Pereyra,1991-01-07,Central Midfield,Midfield,both,182.0,27.477070499657767,10000000.0
112343,2017,28,1074,5,0,2,0,Manolo Gabbiadini,1991-11-26,Centre-Forward,Attack,left,186.0,26.5927446954141,12000000.0
112515,2017,33,2860,7,2,6,0,Marcos Alonso,1990-12-28,Centre-Back,Defender,left,188.0,27.50444900752909,40000000.0
112668,2017,16,847,2,2,0,0,Tomer Hemed,1987-05-02,Centre-Forward,Attack,right,182.0,31.16221765913758,2500000.0
112988,2017,32,2797,0,3,3,0,Cédric Soares,1991-08-31,Right-Back,Defender,right,171.0,26.830937713894592,15000000.0
117996,2017,23,1975,0,0,2,0,Phil Jones,1992-02-21,Centre-Back,Defender,right,185.0,26.354551676933607,20000000.0
118534,2017,30,2560,0,1,3,0,Michael Keane,1993-01-11,Centre-Back,Defender,right,188.0,25.464750171115675,20000000.0
119164,2017,20,1315,0,0,3,0,Ezequiel Schelotto,1989-05-23,Right-Back,Defender,right,187.0,29.10335386721424,4500000.0
119269,2017,37,3294,0,2,8,0,Shane Duffy,1992-01-01,Centre-Back,Defender,right,193.0,26.494182067077343,12000000.0
119296,2017,26,2094,3,5,8,0,Emre Can,1994-01-12,Centre-Back,Defender,right,186.0,24.462696783025326,30000000.0
120565,2017,31,1497,5,3,1,0,Andre Gray,1991-06-26,Centre-Forward,Attack,right,178.0,27.01163586584531,15000000.0
120610,2017,14,293,2,0,2,0,Diafra Sakho,1989-12-24,Centre-Forward,Attack,right,184.0,28.514715947980836,5000000.0
121279,2017,37,2569,0,4,3,0,Tom Carroll,1992-05-28,Central Midfield,Midfield,left,177.0,26.088980150581794,7000000.0
121398,2017,24,1908,0,1,7,0,Tommy Smith,1992-04-14,Right-Back,Defender,right,185.0,26.209445585215605,3000000.0
121477,2017,28,2509,2,0,6,0,Craig Dawson,1990-05-06,Centre-Back,Defender,right,188.0,28.150581793292265,8000000.0
122153,2017,27,2151,6,10,5,1,Paul Pogba,1993-03-15,Central Midfield,Midfield,both,191.0,25.29226557152635,90000000.0
122223,2017,29,2044,3,1,2,0,Sam Clucas,1990-09-25,Central Midfield,Midfield,left,178.0,27.761806981519506,8000000.0
122675,2017,17,1321,0,0,5,0,Kevin Wimmer,1992-11-15,Centre-Back,Defender,left,187.0,25.620807665982205,10000000.0
123397,2017,26,1271,0,4,4,0,Collin Quaner,1991-06-18,Centre-Forward,Attack,right,191.0,27.033538672142367,1500000.0
123682,2017,28,1991,8,2,0,0,Callum Wilson,1992-02-27,Centre-Forward,Attack,right,180.0,26.338124572210816,10000000.0
123951,2017,36,3067,4,3,4,0,Aaron Mooy,1990-09-15,Central Midfield,Midfield,right,174.0,27.789185489390828,10000000.0
125868,2017,1,8,0,0,0,0,Pape Souaré,1990-06-06,Left-Back,Defender,left,178.0,28.06570841889117,3500000.0
126665,2017,33,2757,2,1,8,0,Idrissa Gueye,1989-09-26,Defensive Midfield,Midfield,right,174.0,28.758384668035593,20000000.0
127032,2017,17,1428,2,2,3,0,Serge Aurier,1992-12-24,Right-Back,Defender,right,176.0,25.51403148528405,20000000.0
127108,2017,24,2104,0,2,4,0,Florian Lejeune,1991-05-20,Centre-Back,Defender,right,190.0,27.1129363449692,8000000.0
127187,2017,37,3325,7,4,10,0,Abdoulaye Doucouré,1993-01-01,Attacking Midfield,Midfield,right,183.0,25.492128678986994,15000000.0
128223,2017,31,2066,11,6,7,0,Álvaro Morata,1992-10-23,Centre-Forward,Attack,right,189.0,25.683778234086244,65000000.0
128229,2017,15,1279,1,2,3,0,Robbie Brady,1992-01-14,Left Midfield,Midfield,left,176.0,26.458590006844627,10000000.0
128897,2017,15,485,0,1,0,0,Saido Berahino,1993-08-04,Centre-Forward,Attack,right,180.0,24.903490759753595,8000000.0
128899,2017,35,3150,0,0,0,0,Jack Butland,1993-03-10,Goalkeeper,Goalkeeper,right,196.0,25.305954825462013,22000000.0
128900,2017,6,448,0,0,1,0,Nathaniel Chalobah,1994-12-12,Defensive Midfield,Midfield,right,185.0,23.548254620123203,5000000.0
128969,2017,38,3420,0,0,0,0,Mathew Ryan,1992-04-08,Goalkeeper,Goalkeeper,right,184.0,26.2258726899384,8000000.0
129078,2017,31,1947,1,3,3,0,Nathan Redmond,1994-03-06,Right Winger,Attack,right,173.0,24.317590691307323,18000000.0
129476,2017,7,438,1,1,0,0,Gerard Deulofeu,1994-03-13,Centre-Forward,Attack,right,177.0,24.298425735797398,14000000.0
129627,2017,24,1030,7,0,2,0,Charlie Austin,1989-07-05,Centre-Forward,Attack,right,188.0,28.985626283367555,10000000.0
129893,2017,6,440,1,0,0,0,Molla Wagué,1991-02-21,Centre-Back,Defender,right,191.0,27.353867214236825,1500000.0
130164,2017,38,3420,0,0,0,0,Jordan Pickford,1994-03-07,Goalkeeper,Goalkeeper,left,185.0,24.314852840520192,30000000.0
131789,2017,37,2778,15,7,1,0,Roberto Firmino,1991-10-02,Centre-Forward,Attack,right,181.0,26.743326488706366,80000000.0
131978,2017,2,131,0,0,0,0,Ross Barkley,1993-12-05,Central Midfield,Midfield,right,189.0,24.566735112936346,25000000.0
132098,2017,37,3083,30,3,5,0,Harry Kane,1993-07-28,Centre-Forward,Attack,right,188.0,24.922655715263517,150000000.0
134294,2017,8,265,1,0,0,0,Danny Ings,1992-07-23,Centre-Forward,Attack,right,177.0,25.935660506502394,8000000.0
134425,2017,33,2594,18,15,5,0,Raheem Sterling,1994-12-08,Right Winger,Attack,right,170.0,23.55920602327173,90000000.0
134936,2017,13,615,1,1,0,0,Jesé,1993-02-26,Left Winger,Attack,right,178.0,25.338809034907598,7500000.0
135057,2017,28,1537,1,2,2,0,André Carrillo,1991-06-14,Central Midfield,Midfield,right,180.0,27.044490075290895,6000000.0
135853,2017,27,2048,5,7,4,0,Manuel Lanzini,1993-02-15,Attacking Midfield,Midfield,right,170.0,25.36892539356605,20000000.0
139208,2017,26,2253,0,0,1,0,Virgil van Dijk,1991-07-08,Centre-Back,Defender,right,195.0,26.978781656399725,50000000.0
141660,2017,33,1824,8,6,2,0,Jesse Lingard,1992-12-15,Attacking Midfield,Midfield,right,174.0,25.53867214236824,35000000.0
143424,2017,35,1726,3,7,3,0,Alex Oxlade-Chamberlain,1993-08-15,Central Midfield,Midfield,right,180.0,24.87337440109514,40000000.0
145707,2017,23,1341,3,1,2,0,Danilo,1991-07-15,Centre-Back,Defender,right,184.0,26.9596167008898,20000000.0
145988,2017,29,2551,9,5,5,0,Wilfried Zaha,1992-11-10,Left Winger,Attack,right,180.0,25.634496919917865,30000000.0
146795,2017,26,2010,5,3,0,0,Ryan Fraser,1994-02-24,Left Winger,Attack,right,163.0,24.344969199178646,6000000.0
147094,2017,32,1987,5,4,3,0,José Izquierdo,1992-07-07,Left Winger,Attack,right,171.0,25.97946611909651,14000000.0
148153,2017,38,3420,1,1,7,0,Lewis Dunk,1991-11-21,Centre-Back,Defender,right,192.0,26.60643394934976,10000000.0
148262,2017,34,2339,2,2,1,0,Jeff Hendrick,1992-01-31,Central Midfield,Midfield,right,185.0,26.412046543463383,10000000.0
148368,2017,1,9,0,0,0,0,Divock Origi,1995-04-18,Centre-Forward,Attack,right,189.0,23.200547570157426,10000000.0
148455,2017,36,2920,32,11,1,0,Mohamed Salah,1992-06-15,Right Winger,Attack,left,175.0,26.039698836413415,150000000.0
148967,2017,5,334,0,0,0,0,Konstantinos Stafylidis,1993-12-02,Left-Back,Defender,left,178.0,24.57494866529774,3500000.0
149237,2017,33,2426,3,1,3,1,Anthony Knockaert,1991-11-20,Right Winger,Attack,left,172.0,26.60917180013689,8000000.0
149729,2017,13,1026,2,1,0,0,João Mário,1993-01-19,Attacking Midfield,Midfield,right,179.0,25.44284736481862,25000000.0
152651,2017,13,1047,0,0,0,0,Terence Kongolo,1994-02-14,Centre-Back,Defender,left,188.0,24.372347707049965,10000000.0
157368,2017,33,2457,2,0,0,0,Tom Ince,1992-01-30,Right Winger,Attack,left,178.0,26.414784394250514,8000000.0
157495,2017,7,361,0,1,2,0,Benjamin Mendy,1994-07-17,Left-Back,Defender,left,185.0,23.953456536618756,40000000.0
157506,2017,24,1748,0,1,3,0,Jeffrey Schlupp,1992-12-23,Left Midfield,Midfield,left,178.0,25.516769336071185,9000000.0
157509,2017,34,2888,1,0,1,0,Kurt Zouma,1994-10-27,Centre-Back,Defender,right,190.0,23.67419575633128,15000000.0
159692,2017,15,1309,0,0,4,0,Moritz Bauer,1992-01-25,Right-Back,Defender,right,181.0,26.428473648186174,5000000.0
160438,2017,13,870,0,1,3,1,Mohamed Elneny,1992-07-11,Defensive Midfield,Midfield,right,179.0,25.968514715947983,10000000.0
162029,2017,21,1759,0,1,2,0,Javier Manquillo,1994-05-05,Right-Back,Defender,right,178.0,24.1533196440794,5000000.0
163656,2017,3,199,0,0,1,0,Connor Goldson,1992-12-18,Centre-Back,Defender,right,191.0,25.530458590006845,1000000.0
163744,2017,22,1980,2,0,6,1,Jack Stephens,1994-01-27,Centre-Back,Defender,right,185.0,24.421629021218344,8000000.0
166240,2017,6,223,1,1,0,0,Jürgen Locadia,1993-11-07,Centre-Forward,Attack,right,193.0,24.643394934976044,15000000.0
167799,2017,23,1671,0,0,6,0,Pierre-Emile Højbjerg,1995-08-05,Defensive Midfield,Midfield,right,185.0,22.902121834360027,10000000.0
170321,2017,20,1603,0,0,1,0,Paul Dummett,1991-09-26,Centre-Back,Defender,left,183.0,26.759753593429156,3500000.0
170929,2017,1,3,0,0,0,0,Massadio Haïdara,1992-12-02,Left-Back,Defender,left,179.0,25.574264202600958,1500000.0
170934,2017,25,1721,1,1,2,0,Mario Lemina,1993-09-01,Defensive Midfield,Midfield,right,184.0,24.826830937713893,15000000.0
171260,2017,2,17,0,0,1,0,Jay Fulton,1994-04-04,Central Midfield,Midfield,right,185.0,24.238193018480494,500000.0
171424,2017,36,2960,12,11,2,0,Riyad Mahrez,1991-02-21,Right Winger,Attack,left,179.0,27.353867214236825,50000000.0
173483,2017,9,45,0,0,0,0,Nahki Wells,1990-06-01,Centre-Forward,Attack,right,170.0,28.079397672826833,4500000.0
173504,2017,31,2790,0,0,5,0,James Tarkowski,1992-11-19,Centre-Back,Defender,right,185.0,25.609856262833677,15000000.0
173859,2017,22,1094,1,1,0,0,Davide Zappacosta,1992-06-11,Right Midfield,Midfield,right,182.0,26.050650239561943,20000000.0
174915,2017,16,370,1,2,1,0,Islam Slimani,1988-06-18,Centre-Forward,Attack,right,188.0,30.031485284052017,18000000.0
175722,2017,34,2827,0,2,4,0,Eric Dier,1994-01-15,Centre-Back,Defender,right,191.0,24.45448323066393,40000000.0
176553,2017,9,807,0,0,1,0,Aymeric Laporte,1994-05-27,Centre-Back,Defender,left,191.0,24.093086926762492,50000000.0
177476,2017,38,3353,2,3,5,0,Nathan Aké,1995-02-18,Centre-Back,Defender,left,180.0,23.362080766598222,15000000.0
177862,2017,3,35,0,1,0,0,Charly Musonda Jr.,1996-10-15,Left Winger,Attack,right,173.0,21.7056810403833,5000000.0
177907,2017,38,3420,2,3,7,0,Harry Maguire,1993-03-05,Centre-Back,Defender,right,194.0,25.319644079397673,25000000.0
179184,2017,12,353,2,1,0,0,Michy Batshuayi,1993-10-02,Centre-Forward,Attack,right,185.0,24.7419575633128,40000000.0
181380,2017,27,1873,0,3,5,0,Arthur Masuaku,1993-11-07,Left-Back,Defender,left,179.0,24.643394934976044,7000000.0
181579,2017,30,1715,3,3,3,0,James Ward-Prowse,1994-11-01,Central Midfield,Midfield,right,177.0,23.66050650239562,18000000.0
181778,2017,5,279,0,1,0,0,Emerson,1994-08-03,Left-Back,Defender,left,176.0,23.906913073237508,20000000.0
182618,2017,29,2124,2,2,5,0,Tiemoué Bakayoko,1994-08-17,Defensive Midfield,Midfield,right,189.0,23.86858316221766,40000000.0
182877,2017,30,1582,9,5,1,0,Anthony Martial,1995-12-05,Centre-Forward,Attack,right,184.0,22.56810403832991,65000000.0
182932,2017,7,250,0,0,0,0,Davy Klaassen,1993-02-21,Central Midfield,Midfield,right,179.0,25.352498288843258,15000000.0
183288,2017,11,788,0,0,2,0,Luke Shaw,1995-07-12,Left-Back,Defender,left,178.0,22.967830253251197,15000000.0
183318,2017,33,2928,3,0,4,0,Jamaal Lascelles,1993-11-11,Centre-Back,Defender,right,188.0,24.632443531827516,15000000.0
184573,2017,17,1284,0,0,1,0,Victor Lindelöf,1994-07-17,Centre-Back,Defender,right,187.0,23.953456536618756,25000000.0
184672,2017,7,452,0,1,0,0,Guido Carrillo,1991-05-25,Centre-Forward,Attack,right,187.0,27.09924709103354,15000000.0
186590,2017,18,1306,0,0,0,0,John Stones,1994-05-28,Centre-Back,Defender,right,188.0,24.09034907597536,50000000.0
186997,2017,28,1782,2,2,1,0,Christian Atsu,1992-01-10,Left Winger,Attack,left,165.0,26.469541409993155,6000000.0
187105,2017,24,1949,1,0,5,0,Mike van der Hoorn,1992-10-15,Centre-Back,Defender,right,190.0,25.7056810403833,2500000.0
191217,2017,35,3051,2,3,5,0,Héctor Bellerín,1995-03-19,Right-Back,Defender,right,178.0,23.28268309377139,40000000.0
192080,2017,35,3114,0,0,3,0,Nick Pope,1992-04-19,Goalkeeper,Goalkeeper,right,198.0,26.195756331279945,10000000.0
192565,2017,32,2424,10,15,4,0,Leroy Sané,1996-01-11,Right Winger,Attack,left,183.0,22.466803559206024,90000000.0
192765,2017,29,2325,2,6,3,0,Ben Davies,1993-04-24,Centre-Back,Defender,left,181.0,25.182751540041068,25000000.0
195488,2017,1,90,0,0,0,0,Paulo Gazzaniga,1992-01-02,Goalkeeper,Goalkeeper,right,195.0,26.491444216290212,1000000.0
195633,2017,11,949,0,0,3,0,Charlie Taylor,1993-09-18,Left-Back,Defender,left,183.0,24.78028747433265,5000000.0
195652,2017,32,2005,2,6,1,0,Jordon Ibe,1995-12-08,Right Winger,Attack,right,176.0,22.559890485968516,9000000.0
196522,2017,35,1958,6,3,3,0,Dwight Gayle,1989-10-17,Centre-Forward,Attack,right,174.0,28.700889801505816,10000000.0
196948,2017,27,2071,0,0,0,0,Andreas Christensen,1996-04-10,Centre-Back,Defender,right,189.0,22.220396988364133,40000000.0
197838,2017,37,3258,20,1,3,0,Jamie Vardy,1987-01-11,Centre-Forward,Attack,right,179.0,31.46611909650924,20000000.0
199369,2017,8,276,0,0,0,0,Sandro Ramírez,1995-07-09,Centre-Forward,Attack,right,174.0,22.976043805612594,10000000.0
199527,2017,25,1145,1,1,0,0,Jacob Murphy,1995-02-24,Right Winger,Attack,right,179.0,23.345653661875428,7000000.0
200512,2017,29,2208,10,7,3,1,Sadio Mané,1992-04-10,Left Winger,Attack,right,175.0,26.220396988364133,70000000.0
200777,2017,14,1002,1,2,1,0,Alex Pritchard,1993-05-03,Attacking Midfield,Midfield,right,168.0,25.15811088295688,10000000.0
202886,2017,24,1875,2,4,1,0,Ruben Loftus-Cheek,1996-01-23,Central Midfield,Midfield,right,191.0,22.43394934976044,15000000.0
202984,2017,11,757,0,0,2,0,Roque Mesa,1989-06-07,Central Midfield,Midfield,right,172.0,29.062286105407257,7000000.0
203348,2017,9,673,0,0,0,0,Chancel Mbemba,1994-08-08,Centre-Back,Defender,right,182.0,23.89322381930185,6000000.0
203853,2017,8,533,0,0,1,0,Oleksandr Zinchenko,1996-12-15,Left-Back,Defender,left,175.0,21.53867214236824,7000000.0
206225,2017,26,1372,1,0,7,0,Isaac Hayden,1995-03-22,Defensive Midfield,Midfield,right,187.0,23.274469541409992,7000000.0
207014,2017,15,994,2,3,0,0,Will Hughes,1995-04-17,Central Midfield,Midfield,left,185.0,23.20328542094456,10000000.0
207015,2017,1,1,0,0,0,0,Vincent Janssen,1994-06-15,Centre-Forward,Attack,left,185.0,24.041067761806982,9000000.0
207917,2017,16,1264,0,0,1,0,Alberto Moreno,1992-07-05,Left-Back,Defender,left,171.0,25.984941820670773,10000000.0
207929,2017,36,2971,9,11,7,0,Dele Alli,1996-04-11,Attacking Midfield,Midfield,right,188.0,22.217659137577,100000000.0
209212,2017,36,1843,1,3,3,0,Solly March,1994-07-20,Right Winger,Attack,left,180.0,23.94524298425736,5000000.0
209781,2017,22,1081,8,3,2,0,Oumar Niasse,1990-04-18,Centre-Forward,Attack,right,182.0,28.199863107460644,8000000.0
211325,2017,13,1140,2,1,5,0,Badou Ndiaye,1990-10-27,Defensive Midfield,Midfield,right,180.0,27.67419575633128,15000000.0
214056,2017,8,490,0,0,2,0,Daniel Amartey,1994-12-21,Centre-Back,Defender,right,186.0,23.523613963039015,5000000.0
214666,2017,4,268,0,0,0,0,Connor Roberts,1995-09-23,Right-Back,Defender,right,175.0,22.767967145790553,1000000.0
215118,2017,12,869,0,0,1,0,Calum Chambers,1995-01-20,Centre-Back,Defender,right,182.0,23.44147843942505,14000000.0
215679,2017,9,225,0,0,1,0,Georges-Kevin N'Koudou,1995-02-13,Left Winger,Attack,right,172.0,23.37577002053388,7000000.0
216569,2017,1,18,0,0,0,0,Jérémie Boga,1997-01-03,Left Winger,Attack,right,172.0,21.48665297741273,2500000.0
222813,2017,3,14,0,0,0,0,Marko Grujić,1996-04-13,Defensive Midfield,Midfield,right,191.0,22.21218343600274,5000000.0
225083,2017,34,2998,1,1,3,0,N'Golo Kanté,1991-03-29,Defensive Midfield,Midfield,right,168.0,27.255304585900067,60000000.0
226968,2017,7,142,0,0,0,0,Sam McQueen,1995-02-06,Left-Back,Defender,left,181.0,23.394934976043807,1000000.0
232271,2017,26,1214,2,2,1,0,Sofiane Boufal,1993-09-17,Attacking Midfield,Midfield,right,175.0,24.78302532511978,12000000.0
233998,2017,1,16,0,0,0,0,Freddie Ladapo,1993-02-01,Centre-Forward,Attack,right,183.0,25.4072553045859,250000.0
234803,2017,22,1943,1,5,2,0,Andrew Robertson,1994-03-11,Left-Back,Defender,left,178.0,24.303901437371664,25000000.0
236513,2017,4,29,0,0,0,0,Jerome Sinclair,1996-09-20,Centre-Forward,Attack,right,181.0,21.7741273100616,1500000.0
236953,2017,5,247,0,0,1,0,Sam Byram,1993-09-16,Left-Back,Defender,right,183.0,24.78576317590691,4000000.0
238223,2017,36,3195,0,0,0,0,Ederson,1993-08-17,Goalkeeper,Goalkeeper,left,188.0,24.867898699520875,50000000.0
238407,2017,4,360,0,0,0,0,Alexander Sørloth,1995-12-05,Centre-Forward,Attack,left,196.0,22.56810403832991,7000000.0
238639,2017,28,1858,7,2,2,0,Steve Mounié,1994-09-29,Centre-Forward,Attack,right,189.0,23.750855578370977,10000000.0
238809,2017,23,1671,0,1,3,0,Florent Hadergjonaj,1994-07-31,Right Midfield,Midfield,right,182.0,23.915126625598905,5000000.0
241481,2017,12,435,0,0,0,0,Jaïro Riedewald,1996-09-09,Defensive Midfield,Midfield,left,182.0,21.804243668720055,5000000.0
241641,2017,35,1520,6,5,0,0,Bernardo Silva,1994-08-10,Attacking Midfield,Midfield,left,173.0,23.887748117727583,50000000.0
242606,2017,2,6,0,0,0,0,Josh Cullen,1996-04-07,Central Midfield,Midfield,right,175.0,22.22861054072553,1000000.0
242631,2017,26,1844,3,5,1,0,Alex Iwobi,1996-05-03,Left Winger,Attack,right,183.0,22.157426420260094,15000000.0
243028,2017,5,428,1,0,1,0,Jan Bednarek,1996-04-12,Centre-Back,Defender,right,189.0,22.21492128678987,5000000.0
244130,2017,1,13,0,0,0,0,Sullay Kaikai,1995-08-26,Left Winger,Attack,right,182.0,22.844626967830255,500000.0
245805,2017,13,306,0,0,0,0,Izzy Brown,1997-01-07,Second Striker,Attack,right,182.0,21.475701574264203,5000000.0
246968,2017,36,2498,8,4,3,0,Ayoze Pérez,1993-07-29,Centre-Forward,Attack,right,178.0,24.919917864476385,10000000.0
247555,2017,14,847,0,1,1,0,Edimilson Fernandes,1996-04-15,Defensive Midfield,Midfield,right,187.0,22.206707734428473,5000000.0
249089,2017,29,2239,0,2,5,0,Lewis Cook,1997-02-03,Central Midfield,Midfield,right,175.0,21.401779603011637,20000000.0
249126,2017,16,771,0,1,0,0,Harry Winks,1996-02-02,Defensive Midfield,Midfield,right,178.0,22.406570841889117,15000000.0
250478,2017,2,167,0,0,0,0,Matt Targett,1995-09-18,Left-Back,Defender,left,183.0,22.781656399726216,3000000.0
253341,2017,12,820,0,0,3,0,Rob Holding,1995-09-20,Centre-Back,Defender,right,189.0,22.77618069815195,7000000.0
253677,2017,4,202,0,0,1,0,Tyrone Mings,1993-03-13,Centre-Back,Defender,left,196.0,25.297741273100616,4000000.0
253765,2017,28,2520,0,1,7,0,Wesley Hoedt,1994-03-06,Centre-Back,Defender,left,193.0,24.317590691307323,15000000.0
255916,2017,34,2842,0,2,5,0,DeAndre Yedlin,1993-07-09,Right-Back,Defender,right,173.0,24.974674880219027,8000000.0
256178,2017,23,1901,0,2,3,0,Joe Gomez,1997-05-23,Centre-Back,Defender,right,188.0,21.10335386721424,22000000.0
258027,2017,12,703,0,0,1,0,Renato Sanches,1997-08-18,Central Midfield,Midfield,right,176.0,20.865160848733744,20000000.0
258188,2017,4,137,0,0,0,0,Rolando Aarons,1995-11-16,Left Winger,Attack,left,178.0,22.62012320328542,700000.0
258216,2017,4,169,0,0,2,0,Kasey Palmer,1996-11-09,Attacking Midfield,Midfield,right,182.0,21.637234770704996,1500000.0
258883,2017,19,1589,0,2,2,0,Jonjoe Kenny,1997-03-15,Right-Back,Defender,right,176.0,21.29226557152635,5000000.0
258889,2017,21,582,1,1,0,0,Dominic Solanke,1997-09-14,Centre-Forward,Attack,right,186.0,20.791238877481177,10000000.0
258923,2017,35,1807,7,5,3,0,Marcus Rashford,1997-10-31,Left Winger,Attack,right,185.0,20.66255989048597,65000000.0
274839,2017,33,2899,0,4,10,0,Wilfred Ndidi,1996-12-16,Defensive Midfield,Midfield,right,183.0,21.53593429158111,25000000.0
281404,2017,13,1030,2,2,1,0,Kenedy,1996-02-08,Left Winger,Attack,left,185.0,22.390143737166323,10000000.0
285845,2017,15,908,0,0,1,0,Ainsley Maitland-Niles,1997-08-29,Right-Back,Defender,right,180.0,20.83504449007529,7000000.0
286005,2017,1,19,0,0,0,0,Julien Ngoy,1997-11-02,Centre-Forward,Attack,right,185.0,20.657084188911703,250000.0
286384,2017,13,1000,1,0,2,0,Eric Bailly,1994-04-12,Centre-Back,Defender,right,187.0,24.216290212183434,35000000.0
286919,2017,6,161,0,0,0,0,Josh Sims,1997-03-28,Right Winger,Attack,right,174.0,21.256673511293634,750000.0
287167,2017,6,219,1,0,1,0,Joe Lolley,1992-08-25,Right Winger,Attack,left,179.0,25.845311430527037,500000.0
287431,2017,38,3420,2,1,3,0,Alfie Mawson,1994-01-19,Centre-Back,Defender,right,189.0,24.4435318275154,15000000.0
291422,2017,23,585,2,0,1,0,Lys Mousset,1996-02-08,Centre-Forward,Attack,right,186.0,22.390143737166323,4000000.0
291544,2017,3,22,0,0,0,0,Jordan Hugill,1992-06-04,Centre-Forward,Attack,right,183.0,26.069815195071868,8000000.0
292417,2017,35,1694,3,2,2,0,Demarai Gray,1996-06-28,Left Winger,Attack,right,183.0,22.0041067761807,20000000.0
293200,2017,12,575,0,0,0,0,Nikola Vlašić,1997-10-04,Attacking Midfield,Midfield,right,179.0,20.736481861738536,8000000.0
295330,2017,21,824,3,3,2,0,Kelechi Iheanacho,1996-10-03,Centre-Forward,Attack,left,185.0,21.738535249828885,15000000.0
298477,2017,11,269,0,1,0,0,Oli McBurnie,1996-06-04,Centre-Forward,Attack,right,188.0,22.069815195071868,1000000.0
303259,2017,1,15,0,0,0,0,Dodi Lukébakio,1997-09-24,Right Winger,Attack,left,184.0,20.763860369609855,3000000.0
306024,2017,32,1875,4,7,4,0,Dominic Calvert-Lewin,1997-03-16,Centre-Forward,Attack,right,189.0,21.28952772073922,15000000.0
312017,2017,24,1235,2,0,2,0,Ramadan Sobhi,1997-01-23,Left Winger,Attack,right,183.0,21.43189596167009,7000000.0
314210,2017,33,1901,2,1,7,0,Tom Davies,1998-06-30,Central Midfield,Midfield,right,180.0,20.0,15000000.0
314295,2017,1,4,0,0,0,0,Reece Oxford,1998-12-16,Centre-Back,Defender,right,190.0,19.537303216974674,5000000.0
314353,2017,19,1576,1,1,3,0,Trent Alexander-Arnold,1998-10-07,Right-Back,Defender,right,180.0,19.72895277207392,25000000.0
314678,2017,5,49,0,0,0,0,Brahim Díaz,1999-08-03,Right Winger,Attack,both,170.0,18.90759753593429,5000000.0
315131,2017,21,1594,0,0,2,0,Timothy Fosu-Mensah,1998-01-02,Right-Back,Defender,right,185.0,20.490075290896645,7000000.0
315969,2017,13,629,0,0,2,0,Scott McTominay,1996-12-08,Central Midfield,Midfield,right,193.0,21.557837097878167,7000000.0
316125,2017,24,1852,0,2,3,0,Ben Chilwell,1996-12-21,Left-Back,Defender,left,180.0,21.522245037645447,8000000.0
320411,2017,16,760,0,0,3,0,Philip Billing,1996-06-11,Central Midfield,Midfield,left,193.0,22.050650239561943,2500000.0
331726,2017,31,1720,5,2,0,0,Tammy Abraham,1997-10-02,Centre-Forward,Attack,right,194.0,20.7419575633128,10000000.0
338424,2017,24,1343,1,1,4,0,Mikel Merino,1996-06-22,Central Midfield,Midfield,left,188.0,22.02053388090349,10000000.0
340394,2017,5,219,0,1,1,0,Abdelhamid Sabiri,1996-11-28,Attacking Midfield,Midfield,right,186.0,21.585215605749486,1000000.0
341051,2017,3,188,0,2,0,0,Kyle Walker-Peters,1997-04-13,Right-Back,Defender,right,173.0,21.21286789869952,3000000.0
341317,2017,15,358,0,2,0,0,Oliver Burke,1997-04-07,Centre-Forward,Attack,right,188.0,21.229295003422312,10000000.0
341429,2017,31,2535,0,0,1,1,Davinson Sánchez,1996-06-12,Centre-Back,Defender,right,188.0,22.04791238877481,40000000.0
341501,2017,8,376,0,1,1,0,Hamza Choudhury,1997-10-01,Defensive Midfield,Midfield,right,178.0,20.744695414099933,1000000.0
342046,2017,1,1,0,0,0,0,Axel Tuanzebe,1997-11-14,Centre-Back,Defender,right,188.0,20.62422997946612,1000000.0
344015,2017,1,6,0,0,0,0,Ben Woodburn,1999-10-15,Attacking Midfield,Midfield,right,174.0,18.70773442847365,5000000.0
348623,2017,15,1183,0,0,3,0,Mason Holgate,1996-10-22,Centre-Back,Defender,right,187.0,21.686516084873375,7000000.0
357662,2017,26,1424,0,0,1,0,Declan Rice,1999-01-14,Central Midfield,Midfield,right,188.0,19.457905544147845,10000000.0
363205,2017,29,1672,13,4,6,0,Gabriel Jesus,1997-04-03,Centre-Forward,Attack,right,175.0,21.240246406570844,80000000.0
364861,2017,14,582,0,1,1,0,Fousseni Diabaté,1995-10-18,Right Winger,Attack,left,178.0,22.699520876112253,3000000.0
378710,2017,38,2827,5,5,4,0,Richarlison,1997-05-10,Centre-Forward,Attack,right,184.0,21.138945927446954,25000000.0
387331,2017,10,539,1,0,2,0,Sam Field,1998-05-08,Defensive Midfield,Midfield,left,191.0,20.145106091718002,1500000.0
392771,2017,1,10,0,0,0,0,Ethan Ampadu,2000-09-14,Defensive Midfield,Midfield,right,182.0,17.790554414784395,5000000.0
398065,2017,3,8,0,0,0,0,Harvey Barnes,1997-12-09,Left Winger,Attack,right,182.0,20.555783709787818,250000.0
399369,2017,8,193,0,0,1,0,Beni Baningime,1998-09-09,Defensive Midfield,Midfield,right,178.0,19.805612594113622,3000000.0
406040,2017,7,152,0,0,0,0,Ademola Lookman,1997-10-20,Left Winger,Attack,right,174.0,20.692676249144423,12000000.0
406635,2017,5,44,0,1,0,0,Phil Foden,2000-05-28,Attacking Midfield,Midfield,left,171.0,18.088980150581794,7000000.0
415912,2017,3,195,0,0,0,1,Konstantinos Mavropanos,1997-12-11,Centre-Back,Defender,right,194.0,20.550308008213552,3000000.0
419929,2017,3,162,0,0,0,0,Josh Tymon,1999-05-22,Left-Back,Defender,left,180.0,19.107460643394933,2000000.0
430788,2017,6,483,0,0,0,0,Tom Edwards,1999-01-22,Right-Back,Defender,right,176.0,19.43600273785079,1000000.0
456877,2017,1,20,0,0,0,0,Rekeem Harper,2000-03-08,Central Midfield,Midfield,right,183.0,18.310746064339494,100000.0
477758,2017,7,628,0,0,1,0,Aaron Wan-Bissaka,1997-11-26,Right-Back,Defender,right,183.0,20.591375770020534,1000000.0
2865,2018,14,940,0,0,3,0,Stephan Lichtsteiner,1984-01-16,Right-Back,Defender,right,182.0,35.45242984257358,1500000.0
3333,2018,31,1786,5,5,7,0,James Milner,1986-01-04,Central Midfield,Midfield,right,175.0,33.4839151266256,15000000.0
3875,2018,4,22,0,0,0,0,Jermain Defoe,1982-10-07,Centre-Forward,Attack,right,171.0,36.72826830937714,2000000.0
4072,2018,6,86,0,0,1,0,Peter Crouch,1981-01-30,Centre-Forward,Attack,right,201.0,38.41204654346338,1000000.0
5658,2018,7,585,0,0,0,0,Petr Cech,1982-05-20,Goalkeeper,Goalkeeper,left,196.0,37.111567419575636,2500000.0
6636,2018,3,206,0,0,0,0,Christian Fuchs,1986-04-07,Left-Back,Defender,left,187.0,33.229295003422315,3000000.0
8806,2018,6,175,0,0,1,0,Cesc Fàbregas,1987-05-04,Central Midfield,Midfield,right,179.0,32.15605749486653,15000000.0
9594,2018,17,1223,1,0,6,0,Vincent Kompany,1986-04-10,Centre-Back,Defender,right,190.0,33.22108145106092,8000000.0
10003,2018,22,1926,3,0,5,0,Wes Morgan,1984-01-21,Centre-Back,Defender,right,185.0,35.43874058863792,2000000.0
12814,2018,1,90,0,0,0,0,Julián Speroni,1979-05-18,Goalkeeper,Goalkeeper,right,186.0,40.11772758384668,250000.0
13507,2018,6,376,0,0,0,0,Leighton Baines,1984-12-11,Left-Back,Defender,left,170.0,34.548939082819984,3500000.0
13520,2018,7,330,1,0,0,1,Phil Jagielka,1982-08-17,Centre-Back,Defender,right,180.0,36.86789869952088,1000000.0
13572,2018,38,3420,0,0,1,0,Ben Foster,1983-04-03,Goalkeeper,Goalkeeper,left,193.0,36.24093086926762,3000000.0
13573,2018,17,1227,0,2,1,0,Simon Francis,1985-02-16,Right-Back,Defender,right,191.0,34.365503080082135,2000000.0
14086,2018,30,2569,2,2,10,0,Ashley Young,1985-07-09,Right-Back,Defender,both,175.0,33.973990417522245,5000000.0
14221,2018,16,1216,1,1,1,0,Aaron Lennon,1987-04-16,Right Winger,Attack,right,165.0,32.205338809034906,5000000.0
15220,2018,12,1080,0,0,2,0,Artur Boruc,1980-02-20,Goalkeeper,Goalkeeper,right,193.0,39.356605065023956,1000000.0
15773,2018,19,1672,0,0,9,0,Phil Bardsley,1985-06-28,Right-Back,Defender,right,180.0,34.0041067761807,1500000.0
16135,2018,16,1260,5,4,3,0,Ryan Babel,1986-12-19,Left Winger,Attack,right,185.0,32.5284052019165,5000000.0
16911,2018,38,3420,0,0,3,0,Kasper Schmeichel,1986-11-05,Goalkeeper,Goalkeeper,right,189.0,32.648870636550306,12000000.0
17965,2018,33,2970,0,0,0,0,Hugo Lloris,1986-12-26,Goalkeeper,Goalkeeper,left,188.0,32.50924024640657,25000000.0
18935,2018,5,245,0,2,0,0,Samir Nasri,1987-06-26,Attacking Midfield,Midfield,right,177.0,32.01095140314853,5000000.0
19368,2018,10,516,0,0,1,0,Mousa Dembélé,1987-07-16,Central Midfield,Midfield,left,185.0,31.956194387405887,12000000.0
19948,2018,2,180,0,0,0,0,Willy Caballero,1981-09-28,Goalkeeper,Goalkeeper,right,186.0,37.752224503764545,1000000.0
20007,2018,26,2091,0,1,4,0,Pablo Zabaleta,1985-01-16,Right-Back,Defender,right,176.0,34.450376454483234,3500000.0
22614,2018,33,2221,2,5,10,0,Robert Snodgrass,1987-09-07,Right Winger,Attack,left,182.0,31.811088295687885,7000000.0
26267,2018,29,2381,1,3,5,0,Fernandinho,1985-05-04,Defensive Midfield,Midfield,right,179.0,34.15468856947297,12000000.0
26276,2018,2,180,0,0,0,0,Michel Vorm,1983-10-20,Goalkeeper,Goalkeeper,right,183.0,35.6933607118412,1000000.0
26399,2018,33,2480,21,7,3,0,Sergio Agüero,1988-06-02,Centre-Forward,Attack,right,173.0,31.07460643394935,65000000.0
27511,2018,2,22,0,0,0,0,Gary Cahill,1985-12-19,Centre-Back,Defender,right,193.0,33.52772073921971,8000000.0
28973,2018,3,97,0,1,0,0,Steven Davis,1985-01-01,Central Midfield,Midfield,right,172.0,34.49144421629021,2000000.0
28984,2018,28,2475,4,1,7,0,Sol Bamba,1985-01-13,Centre-Back,Defender,right,190.0,34.458590006844624,1000000.0
29364,2018,38,3040,1,8,4,0,João Moutinho,1986-09-08,Central Midfield,Midfield,right,170.0,32.80766598220397,10000000.0
29692,2018,38,3420,0,0,0,0,Lukasz Fabianski,1985-04-18,Goalkeeper,Goalkeeper,right,190.0,34.19849418206708,5000000.0
29712,2018,1,90,0,0,0,0,John Ruddy,1986-10-24,Goalkeeper,Goalkeeper,right,192.0,32.681724845995895,3000000.0
29975,2018,18,1439,0,0,2,0,Andrew Surman,1986-08-20,Central Midfield,Midfield,left,178.0,32.85968514715948,2500000.0
31835,2018,31,2308,5,5,6,1,Mark Noble,1987-05-08,Central Midfield,Midfield,right,180.0,32.145106091718,7000000.0
33544,2018,6,466,0,0,2,0,Antonio Valencia,1985-08-04,Right-Back,Defender,right,180.0,33.90280629705681,5000000.0
33713,2018,37,2123,5,2,1,0,Theo Walcott,1989-03-16,Right Winger,Attack,both,175.0,30.288843258042437,18000000.0
33866,2018,6,452,0,0,0,0,Steven Defour,1988-04-15,Defensive Midfield,Midfield,right,175.0,31.20602327173169,5000000.0
33873,2018,24,2160,0,0,0,0,Asmir Begovic,1987-06-20,Goalkeeper,Goalkeeper,right,199.0,32.02737850787132,7000000.0
34130,2018,19,1710,0,0,3,0,Tom Heaton,1986-04-15,Goalkeeper,Goalkeeper,right,188.0,33.20739219712526,3000000.0
34322,2018,25,2199,1,2,12,0,Sokratis Papastathopoulos,1988-06-09,Centre-Back,Defender,right,186.0,31.055441478439427,20000000.0
34691,2018,3,230,0,0,1,0,Stephen Ward,1985-08-20,Left-Back,Defender,left,184.0,33.8590006844627,2000000.0
35249,2018,2,22,0,0,1,0,Stefano Okaka,1989-08-09,Centre-Forward,Attack,right,186.0,29.88911704312115,5000000.0
35518,2018,33,2411,6,8,3,0,David Silva,1986-01-08,Attacking Midfield,Midfield,left,170.0,33.47296372347707,20000000.0
35564,2018,20,684,1,4,2,0,Fernando Llorente,1985-02-26,Centre-Forward,Attack,right,195.0,34.338124572210816,3500000.0
35664,2018,24,1742,5,2,2,0,Mesut Özil,1988-10-15,Attacking Midfield,Midfield,left,180.0,30.704996577686515,25000000.0
36291,2018,22,1805,0,0,0,0,Gaëtan Bong,1988-04-25,Left-Back,Defender,left,183.0,31.17864476386037,2000000.0
36529,2018,15,842,0,0,6,0,Kevin McDonald,1988-11-04,Defensive Midfield,Midfield,right,192.0,30.650239561943874,3000000.0
37304,2018,26,1270,5,2,2,0,Shane Long,1987-01-22,Centre-Forward,Attack,both,180.0,32.435318275154,7000000.0
37442,2018,6,291,0,0,0,0,Danny Simpson,1987-01-04,Right-Back,Defender,right,176.0,32.48459958932238,3500000.0
37838,2018,13,986,1,1,1,0,Dejan Lovren,1989-07-05,Centre-Back,Defender,right,188.0,29.984941820670773,20000000.0
37981,2018,1,13,0,0,0,0,Sebastian Prödl,1987-06-21,Centre-Back,Defender,right,194.0,32.02464065708419,3500000.0
38094,2018,20,1543,0,0,4,0,Lee Peltier,1986-12-11,Right-Back,Defender,right,178.0,32.550308008213555,1500000.0
38145,2018,26,1924,0,0,3,0,Adrian Mariappa,1986-10-03,Centre-Back,Defender,right,179.0,32.73921971252567,3000000.0
38383,2018,5,95,0,0,1,0,Danny Williams,1989-03-08,Defensive Midfield,Midfield,right,182.0,30.310746064339494,2000000.0
39153,2018,14,1092,5,0,0,0,Gonzalo Higuaín,1987-12-10,Centre-Forward,Attack,right,184.0,31.55373032169747,35000000.0
39679,2018,14,746,0,2,1,0,Marouane Fellaini,1987-11-22,Central Midfield,Midfield,right,194.0,31.603011635865844,12000000.0
40204,2018,19,1710,0,0,0,0,Joe Hart,1987-04-19,Goalkeeper,Goalkeeper,right,196.0,32.19712525667351,6000000.0
40433,2018,20,877,1,3,3,0,Alexis Sánchez,1988-12-19,Second Striker,Attack,right,169.0,30.527036276522928,35000000.0
40611,2018,24,2160,1,0,8,0,Ryan Bertrand,1989-08-05,Left-Back,Defender,left,179.0,29.900068446269678,15000000.0
40613,2018,37,3313,1,2,6,0,Jack Cork,1989-06-25,Defensive Midfield,Midfield,right,185.0,30.012320328542096,15000000.0
41112,2018,28,2394,3,6,12,1,Jose Cholevas,1984-06-27,Left-Back,Defender,left,184.0,35.006160164271044,2000000.0
41384,2018,28,2001,10,4,3,0,Marko Arnautovic,1989-04-19,Centre-Forward,Attack,both,192.0,30.195756331279945,35000000.0
41416,2018,38,3073,3,6,7,0,James McArthur,1987-10-07,Central Midfield,Midfield,both,178.0,31.72895277207392,7000000.0
42234,2018,5,361,0,1,0,0,Havard Nordtveit,1990-06-21,Centre-Back,Defender,right,188.0,29.023956194387406,4000000.0
42412,2018,24,1995,1,0,2,0,Jonny Evans,1988-01-03,Centre-Back,Defender,both,188.0,31.488021902806295,10000000.0
42710,2018,34,2923,0,0,3,0,Toby Alderweireld,1989-03-02,Centre-Back,Defender,right,187.0,30.327173169062284,40000000.0
43003,2018,22,1861,1,4,5,0,Nacho Monreal,1986-02-26,Left-Back,Defender,left,179.0,33.3388090349076,8000000.0
43250,2018,22,1914,1,1,5,0,Jan Vertonghen,1987-04-24,Centre-Back,Defender,left,189.0,32.18343600273785,28000000.0
43530,2018,13,464,0,0,1,0,Adam Lallana,1988-05-10,Attacking Midfield,Midfield,both,172.0,31.137577002053387,15000000.0
44068,2018,22,1293,3,4,3,0,Juan Mata,1988-04-28,Attacking Midfield,Midfield,left,170.0,31.170431211498972,20000000.0
44741,2018,18,935,1,1,4,0,Beram Kayal,1988-05-02,Central Midfield,Midfield,right,178.0,31.159479808350444,1500000.0
44983,2018,25,1738,2,1,8,0,Dan Gosling,1990-02-01,Central Midfield,Midfield,right,180.0,29.4072553045859,3500000.0
45026,2018,37,3330,0,0,0,0,Rui Patrício,1988-02-15,Goalkeeper,Goalkeeper,left,190.0,31.370294318959616,20000000.0
45333,2018,1,14,0,0,0,0,James McCarthy,1990-11-12,Central Midfield,Midfield,right,180.0,28.629705681040384,5000000.0
45494,2018,18,1575,0,0,0,0,Wayne Hennessey,1987-01-24,Goalkeeper,Goalkeeper,right,198.0,32.42984257357974,5000000.0
45671,2018,25,1050,3,3,3,0,Cenk Tosun,1991-06-07,Centre-Forward,Attack,right,183.0,28.06297056810404,18000000.0
45693,2018,38,2514,13,2,5,0,Glenn Murray,1983-09-25,Centre-Forward,Attack,right,186.0,35.761806981519506,3000000.0
45882,2018,2,180,0,0,0,0,Fabri,1987-12-31,Goalkeeper,Goalkeeper,,184.0,31.496235455167692,4000000.0
46001,2018,29,2337,0,3,2,0,Moussa Sissoko,1989-08-16,Central Midfield,Midfield,right,187.0,29.869952087611225,25000000.0
46741,2018,36,3239,3,2,3,0,David Luiz,1987-04-22,Centre-Back,Defender,right,189.0,32.18891170431211,20000000.0
46791,2018,4,26,0,0,0,0,Bakary Sako,1988-04-26,Left Winger,Attack,left,183.0,31.175906913073238,4000000.0
47082,2018,18,499,2,1,1,0,Daniel Sturridge,1989-09-01,Centre-Forward,Attack,left,182.0,29.82614647501711,15000000.0
47713,2018,27,2417,0,0,2,0,Mamadou Sakho,1990-02-13,Centre-Back,Defender,left,187.0,29.374401095140314,15000000.0
47995,2018,11,394,0,0,1,0,Jason Puncheon,1986-06-18,Central Midfield,Midfield,left,173.0,33.0321697467488,3000000.0
48002,2018,24,1871,1,1,2,0,Angelo Ogbonna,1988-05-23,Centre-Back,Defender,left,191.0,31.10198494182067,8000000.0
48066,2018,12,455,0,0,2,0,Andy Carroll,1989-01-06,Centre-Forward,Attack,left,193.0,30.477754962354553,8000000.0
48078,2018,20,915,3,0,0,0,Sam Vokes,1989-10-21,Centre-Forward,Attack,right,186.0,29.689253935660506,5000000.0
48870,2018,31,2777,0,1,1,0,Jonas Lössl,1989-02-01,Goalkeeper,Goalkeeper,right,195.0,30.406570841889117,5000000.0
49499,2018,35,2736,3,0,3,0,Georginio Wijnaldum,1990-11-11,Central Midfield,Midfield,right,175.0,28.632443531827516,50000000.0
49501,2018,20,1181,0,0,2,0,Elias Kachunga,1992-04-22,Centre-Forward,Attack,right,178.0,27.186858316221766,3000000.0
49755,2018,30,2487,1,1,6,1,Dale Stephens,1989-06-12,Central Midfield,Midfield,right,185.0,30.04791238877481,6000000.0
50057,2018,28,1327,4,6,0,0,Aaron Ramsey,1990-12-26,Central Midfield,Midfield,right,178.0,28.50924024640657,40000000.0
50174,2018,26,1798,0,4,5,0,Danny Rose,1990-07-02,Left-Back,Defender,left,173.0,28.993839835728952,25000000.0
50201,2018,16,813,1,1,1,0,Christian Benteke,1990-12-03,Centre-Forward,Attack,right,190.0,28.57221081451061,15000000.0
50202,2018,37,2926,16,15,2,0,Eden Hazard,1991-01-07,Left Winger,Attack,right,175.0,28.476386036960985,150000000.0
50362,2018,11,725,0,1,1,1,Fabian Delph,1989-11-21,Central Midfield,Midfield,left,174.0,29.60438056125941,15000000.0
50935,2018,25,1337,7,3,2,0,Chicharito,1988-06-01,Centre-Forward,Attack,right,175.0,31.077344284736483,12000000.0
51152,2018,37,3281,11,4,7,0,Aleksandar Mitrović,1994-09-16,Centre-Forward,Attack,right,189.0,24.78576317590691,25000000.0
51226,2018,7,240,0,0,0,0,Carlos Sánchez,1986-02-06,Defensive Midfield,Midfield,left,182.0,33.39356605065024,1500000.0
51471,2018,32,1744,0,2,3,0,Mateo Kovacic,1994-05-06,Central Midfield,Midfield,right,178.0,25.149897330595483,35000000.0
51528,2018,14,1136,0,1,2,0,Bruno Saltor,1980-10-01,Right-Back,Defender,right,180.0,38.743326488706366,750000.0
52059,2018,24,2148,3,1,6,0,Zanka,1990-04-23,Centre-Back,Defender,right,189.0,29.1854893908282,5000000.0
52119,2018,36,3198,3,2,3,0,Patrick van Aanholt,1990-08-29,Left-Back,Defender,left,176.0,28.83504449007529,10000000.0
52570,2018,1,90,0,0,0,0,Fraser Forster,1988-03-17,Goalkeeper,Goalkeeper,right,201.0,31.28542094455852,8000000.0
52769,2018,32,2109,3,7,2,0,Willian,1988-08-09,Left Winger,Attack,right,175.0,30.888432580424368,40000000.0
53622,2018,31,2135,6,3,3,0,İlkay Gündoğan,1990-10-24,Central Midfield,Midfield,right,180.0,28.681724845995895,50000000.0
54781,2018,18,1234,0,0,1,0,Nicolás Otamendi,1988-02-12,Centre-Back,Defender,right,182.0,31.378507871321013,25000000.0
54906,2018,6,444,0,0,0,0,Matteo Darmian,1989-12-02,Right-Back,Defender,right,183.0,29.574264202600958,10000000.0
55125,2018,29,2057,0,2,2,0,Chris Löwe,1989-04-16,Left-Back,Defender,left,173.0,30.203969883641342,2000000.0
55735,2018,25,1644,6,4,1,0,Henrikh Mkhitaryan,1989-01-21,Central Midfield,Midfield,both,177.0,30.43668720054757,25000000.0
55742,2018,25,2009,0,1,10,0,Harry Arter,1989-12-28,Central Midfield,Midfield,left,177.0,29.503080082135522,7000000.0
56100,2018,8,591,1,0,2,0,Leon Balogun,1988-06-28,Centre-Back,Defender,right,190.0,31.003422313483917,2000000.0
56810,2018,2,88,0,0,0,0,Adrien Silva,1989-03-15,Central Midfield,Midfield,right,175.0,30.29158110882957,13000000.0
56818,2018,14,835,0,1,2,0,Morgan Schneiderlin,1989-11-08,Defensive Midfield,Midfield,right,186.0,29.639972621492127,15000000.0
57500,2018,38,3403,1,6,4,0,César Azpilicueta,1989-08-28,Centre-Back,Defender,right,178.0,29.83709787816564,35000000.0
57842,2018,37,3262,1,0,6,0,Christopher Schindler,1990-04-29,Centre-Back,Defender,right,188.0,29.169062286105408,7000000.0
58205,2018,24,1651,6,0,2,0,André Schürrle,1990-11-06,Left Winger,Attack,right,184.0,28.646132785763175,12000000.0
58864,2018,36,2732,22,5,0,0,Pierre-Emerick Aubameyang,1989-06-18,Centre-Forward,Attack,right,187.0,30.031485284052017,70000000.0
58993,2018,32,2143,3,1,4,0,Junior Hoilett,1990-06-05,Left Winger,Attack,right,174.0,29.06776180698152,4500000.0
59377,2018,38,3420,0,0,1,0,David de Gea,1990-11-07,Goalkeeper,Goalkeeper,right,192.0,28.643394934976044,65000000.0
59606,2018,36,3098,3,0,2,0,Craig Cathcart,1989-02-06,Centre-Back,Defender,right,189.0,30.392881587953458,5000000.0
59641,2018,31,2594,0,1,4,0,Denis Odoi,1988-05-27,Centre-Back,Defender,right,178.0,31.091033538672143,2500000.0
59866,2018,2,26,0,0,0,0,Victor Moses,1990-12-12,Right Midfield,Midfield,right,177.0,28.54757015742642,11000000.0
60558,2018,26,2252,0,1,5,0,Maxime Le Marchand,1989-10-11,Centre-Back,Defender,left,185.0,29.71663244353183,5000000.0
60744,2018,18,1522,0,2,3,0,Daryl Janmaat,1989-07-22,Centre-Back,Defender,right,185.0,29.93839835728953,6000000.0
60990,2018,38,3375,0,1,0,0,Bruno Ecuele Manga,1988-07-16,Centre-Back,Defender,right,186.0,30.954140999315538,3000000.0
61560,2018,27,1626,2,2,3,0,Marc Albrighton,1989-11-18,Right Midfield,Midfield,right,175.0,29.61259411362081,10000000.0
61573,2018,29,2377,0,1,8,1,Jonathan Hogg,1988-12-06,Central Midfield,Midfield,right,176.0,30.562628336755647,3500000.0
61592,2018,29,2563,1,1,6,0,James Tomkins,1989-03-29,Centre-Back,Defender,right,192.0,30.253251197809718,8000000.0
61651,2018,32,1982,1,3,3,0,Jordan Henderson,1990-06-17,Defensive Midfield,Midfield,right,182.0,29.034907597535934,35000000.0
61694,2018,38,3420,0,0,2,0,Neil Etheridge,1990-02-07,Goalkeeper,Goalkeeper,right,188.0,29.39082819986311,8000000.0
61814,2018,4,360,0,0,0,0,David Button,1989-02-27,Goalkeeper,Goalkeeper,right,191.0,30.33538672142368,1500000.0
61819,2018,21,1585,1,0,4,0,Charlie Daniels,1986-09-07,Left-Back,Defender,left,178.0,32.8104038329911,3000000.0
61841,2018,25,2073,1,1,5,1,Adam Smith,1991-04-29,Right-Back,Defender,right,174.0,28.16974674880219,7000000.0
61842,2018,38,3018,6,5,1,0,Andros Townsend,1991-07-16,Right Winger,Attack,left,181.0,27.956194387405887,15000000.0
62008,2018,12,411,0,0,4,0,Stefan Johansen,1991-01-08,Central Midfield,Midfield,left,182.0,28.473648186173854,4000000.0
62688,2018,10,661,0,1,1,0,Scott Dann,1987-02-14,Centre-Back,Defender,right,194.0,32.37234770704997,4000000.0
63200,2018,37,2387,12,2,8,0,Ashley Barnes,1989-10-30,Centre-Forward,Attack,right,185.0,29.66461327857632,10000000.0
63494,2018,33,2947,1,3,14,1,Étienne Capoue,1988-07-11,Defensive Midfield,Midfield,right,189.0,30.967830253251197,8000000.0
63821,2018,28,2275,1,1,5,0,Aron Gunnarsson,1989-04-22,Defensive Midfield,Midfield,right,177.0,30.187542778918548,2500000.0
64399,2018,20,1755,0,0,2,0,Vicente Guaita,1987-01-10,Goalkeeper,Goalkeeper,right,190.0,32.46817248459959,5000000.0
65278,2018,31,1780,8,2,2,0,Pedro,1987-07-28,Right Winger,Attack,both,167.0,31.923340177960302,20000000.0
65467,2018,8,225,0,0,0,0,Vicente Iborra,1988-01-16,Defensive Midfield,Midfield,right,190.0,31.45242984257358,9000000.0
65477,2018,32,2548,9,5,4,1,Troy Deeney,1988-06-29,Centre-Forward,Attack,right,184.0,31.000684462696782,10000000.0
66100,2018,31,2139,1,0,11,0,Oriol Romeu,1991-09-24,Defensive Midfield,Midfield,right,183.0,27.76454483230664,10000000.0
66934,2018,31,1897,0,3,3,0,Cheikhou Kouyaté,1989-12-21,Defensive Midfield,Midfield,right,189.0,29.522245037645447,10000000.0
66994,2018,5,32,0,0,0,0,Gary Madine,1990-08-24,Centre-Forward,Attack,right,191.0,28.84873374401095,4000000.0
67063,2018,8,147,1,1,0,0,Danny Welbeck,1990-11-26,Centre-Forward,Attack,right,185.0,28.591375770020534,12000000.0
67252,2018,34,3060,1,0,12,0,Ryan Bennett,1990-03-06,Centre-Back,Defender,right,188.0,29.31690622861054,7000000.0
67283,2018,7,553,0,0,0,0,Ben Hamer,1987-11-20,Goalkeeper,Goalkeeper,right,193.0,31.60848733744011,500000.0
68390,2018,29,2560,2,2,1,0,Séamus Coleman,1988-10-11,Right-Back,Defender,right,177.0,30.715947980835043,15000000.0
68645,2018,25,2166,0,1,4,0,Martín Montoya,1991-04-14,Right-Back,Defender,right,175.0,28.210814510609172,8000000.0
69015,2018,9,460,2,0,2,0,Andriy Yarmolenko,1989-10-23,Right Winger,Attack,left,189.0,29.683778234086244,20000000.0
69633,2018,35,2772,8,12,3,0,Christian Eriksen,1992-02-14,Attacking Midfield,Midfield,right,182.0,27.37303216974675,100000000.0
70950,2018,29,2166,0,0,3,0,Mohamed Diamé,1987-06-14,Central Midfield,Midfield,right,184.0,32.04380561259411,5000000.0
71292,2018,16,944,1,1,1,0,Jonjo Shelvey,1992-02-27,Central Midfield,Midfield,right,184.0,27.33744010951403,15000000.0
72476,2018,32,2835,0,0,0,0,Bernd Leno,1992-03-04,Goalkeeper,Goalkeeper,right,190.0,27.32101300479124,30000000.0
73185,2018,15,466,3,0,0,0,Lucas Pérez,1988-09-10,Centre-Forward,Attack,left,180.0,30.80082135523614,4000000.0
73484,2018,13,471,1,0,2,0,Tom Cleverley,1989-08-12,Central Midfield,Midfield,right,175.0,29.880903490759753,7000000.0
74223,2018,8,389,0,1,2,0,Jack Wilshere,1992-01-01,Central Midfield,Midfield,left,172.0,27.49349760438056,10000000.0
74300,2018,38,3420,12,2,10,0,Luka Milivojevic,1991-04-07,Defensive Midfield,Midfield,right,186.0,28.229979466119097,20000000.0
74683,2018,28,2441,1,0,8,0,Nemanja Matić,1988-08-01,Defensive Midfield,Midfield,left,194.0,30.910335386721425,30000000.0
74810,2018,38,3420,0,3,9,0,Ben Mee,1989-09-21,Centre-Back,Defender,left,180.0,29.77138945927447,10000000.0
74960,2018,38,3420,0,0,1,0,Martin Dúbravka,1989-01-15,Goalkeeper,Goalkeeper,right,191.0,30.45311430527036,7000000.0
76277,2018,17,1330,3,0,1,0,Laurent Koscielny,1985-09-10,Centre-Back,Defender,right,186.0,33.80150581793292,8000000.0
76467,2018,29,2046,1,1,1,0,Kiko Femenía,1991-02-02,Right-Back,Defender,right,174.0,28.40520191649555,5000000.0
76799,2018,3,185,0,0,0,0,Miguel Britos,1985-07-17,Centre-Back,Defender,left,189.0,33.95208761122519,2000000.0
77001,2018,5,408,0,0,0,0,Rajiv van La Parra,1991-06-04,Left Winger,Attack,right,181.0,28.071184120465436,4000000.0
77100,2018,32,2128,10,1,3,0,Lucas Moura,1992-08-13,Right Winger,Attack,right,172.0,26.87748117727584,40000000.0
77760,2018,13,513,1,0,2,0,Victor Wanyama,1991-06-25,Defensive Midfield,Midfield,right,184.0,28.01368925393566,20000000.0
77974,2018,16,468,1,0,0,0,Floyd Ayité,1988-12-15,Left Winger,Attack,right,175.0,30.537987679671456,2500000.0
78959,2018,13,1110,0,0,2,0,Martin Kelly,1990-04-27,Right-Back,Defender,right,191.0,29.17453798767967,3000000.0
79027,2018,30,2551,1,1,2,0,Davy Pröpper,1991-09-02,Central Midfield,Midfield,right,185.0,27.824777549623544,15000000.0
79723,2018,34,3040,1,3,6,0,Sean Morrison,1991-01-08,Centre-Back,Defender,right,194.0,28.473648186173854,5000000.0
80197,2018,32,2608,11,7,1,0,Salomón Rondón,1989-09-16,Centre-Forward,Attack,right,186.0,29.78507871321013,15000000.0
81190,2018,2,21,0,0,0,0,Loïc Damour,1991-01-08,Central Midfield,Midfield,right,181.0,28.473648186173854,750000.0
81512,2018,21,1587,0,0,4,0,Christian Kabasele,1991-02-24,Centre-Back,Defender,right,187.0,28.344969199178646,8000000.0
81789,2018,17,1520,0,1,0,0,Maya Yoshida,1988-08-24,Centre-Back,Defender,right,189.0,30.847364818617386,7000000.0
81796,2018,18,1302,0,1,2,0,Sung-yueng Ki,1989-01-24,Defensive Midfield,Midfield,right,188.0,30.428473648186174,6000000.0
81999,2018,16,587,2,0,1,0,Joselu,1990-03-27,Centre-Forward,Attack,right,191.0,29.259411362080765,4000000.0
82105,2018,22,1535,1,0,3,0,Joel Matip,1991-08-08,Centre-Back,Defender,right,195.0,27.89322381930185,30000000.0
82442,2018,27,833,2,4,1,0,Olivier Giroud,1986-09-30,Centre-Forward,Attack,left,192.0,32.747433264887064,15000000.0
82873,2018,25,1880,3,3,1,0,Pascal Groß,1991-06-15,Central Midfield,Midfield,right,181.0,28.041067761806982,10000000.0
85177,2018,18,1253,0,1,2,0,Nathaniel Clyne,1991-04-05,Right-Back,Defender,right,175.0,28.23545516769336,12000000.0
85475,2018,19,1482,0,1,2,0,Federico Fernández,1989-02-21,Centre-Back,Defender,right,190.0,30.351813826146476,7000000.0
86202,2018,33,2874,1,0,7,0,Antonio Rüdiger,1993-03-03,Centre-Back,Defender,right,190.0,26.324435318275153,50000000.0
86792,2018,24,1058,6,3,2,0,Xherdan Shaqiri,1991-10-10,Attacking Midfield,Midfield,left,169.0,27.720739219712527,25000000.0
87672,2018,23,1027,2,3,1,0,Junior Stanislas,1989-11-26,Left Winger,Attack,right,183.0,29.590691307323752,4500000.0
88590,2018,31,2615,2,0,9,0,Shkodran Mustafi,1992-04-17,Centre-Back,Defender,right,184.0,27.200547570157426,25000000.0
88755,2018,19,974,2,2,2,0,Kevin De Bruyne,1991-06-28,Attacking Midfield,Midfield,right,181.0,28.005475701574266,130000000.0
89231,2018,29,1749,3,6,2,0,Jóhann Berg Gudmundsson,1990-10-27,Right Winger,Attack,left,186.0,28.673511293634498,10000000.0
90466,2018,38,3134,13,6,3,0,Gylfi Sigurdsson,1989-09-08,Attacking Midfield,Midfield,right,186.0,29.806981519507186,35000000.0
90583,2018,23,1063,0,1,1,0,Laurent Depoitre,1988-12-07,Centre-Forward,Attack,right,191.0,30.559890485968516,3500000.0
90836,2018,31,2787,1,2,3,0,Steve Cook,1991-04-19,Centre-Back,Defender,right,185.0,28.197125256673512,10000000.0
90964,2018,30,2641,0,1,5,0,Joe Bennett,1990-03-28,Left-Back,Defender,left,178.0,29.256673511293634,3000000.0
91059,2018,35,2974,12,3,3,0,Joshua King,1992-01-15,Centre-Forward,Attack,right,180.0,27.45516769336071,20000000.0
91317,2018,34,2822,2,7,5,0,Ashley Westwood,1990-04-01,Defensive Midfield,Midfield,right,174.0,29.245722108145106,7000000.0
91845,2018,31,2048,12,7,2,1,Heung-min Son,1992-07-08,Left Winger,Attack,both,183.0,26.976043805612594,80000000.0
92469,2018,36,2940,2,8,9,0,Matt Ritchie,1989-09-10,Right Midfield,Midfield,left,173.0,29.801505817932924,12000000.0
92571,2018,20,1590,0,1,1,0,Aaron Cresswell,1989-12-15,Left-Back,Defender,left,170.0,29.53867214236824,10000000.0
92572,2018,7,551,1,0,1,0,Joel Ward,1989-10-29,Right-Back,Defender,right,186.0,29.66735112936345,4000000.0
93176,2018,5,211,0,0,2,0,Marcos Rojo,1990-03-20,Centre-Back,Defender,left,186.0,29.27857631759069,12000000.0
93720,2018,35,2505,13,9,2,0,Alexandre Lacazette,1991-05-28,Centre-Forward,Attack,right,175.0,28.09034907597536,70000000.0
93922,2018,28,2051,0,1,0,0,Erik Durm,1992-05-12,Right-Back,Defender,right,183.0,27.132101300479125,2000000.0
94005,2018,24,1890,0,6,5,0,Sead Kolasinac,1993-06-20,Centre-Back,Defender,left,183.0,26.026009582477755,20000000.0
95424,2018,33,2777,1,1,3,0,Kyle Walker,1990-05-28,Right-Back,Defender,right,183.0,29.089664613278575,50000000.0
95435,2018,6,61,0,1,0,0,Connor Wickham,1993-03-31,Centre-Forward,Attack,right,189.0,26.247775496235455,3000000.0
95810,2018,27,2278,1,3,2,0,Kieran Trippier,1990-09-19,Right-Back,Defender,right,173.0,28.777549623545518,35000000.0
95976,2018,25,2250,0,0,1,0,Alex McCarthy,1989-12-03,Goalkeeper,Goalkeeper,right,193.0,29.571526351813826,5000000.0
96341,2018,32,2130,12,1,4,0,Romelu Lukaku,1993-05-13,Centre-Forward,Attack,left,190.0,26.130047912388775,75000000.0
98240,2018,11,858,3,0,1,0,Ciaran Clark,1989-09-26,Centre-Back,Defender,left,185.0,29.75770020533881,6000000.0
99331,2018,23,2030,0,0,2,0,Jannik Vestergaard,1992-08-03,Centre-Back,Defender,both,199.0,26.90485968514716,20000000.0
99343,2018,22,1404,2,3,4,0,Ander Herrera,1989-08-14,Central Midfield,Midfield,right,182.0,29.87542778918549,25000000.0
101213,2018,24,1121,0,1,0,0,Pedro Obiang,1992-03-27,Central Midfield,Midfield,right,186.0,27.2580424366872,7000000.0
101500,2018,13,313,1,1,1,0,Matej Vydra,1992-05-01,Centre-Forward,Attack,right,180.0,27.16221765913758,8000000.0
102017,2018,37,3165,2,0,8,0,Jorginho,1991-12-20,Defensive Midfield,Midfield,right,180.0,27.526351813826146,65000000.0
102258,2018,21,1748,0,0,7,0,Matthew Lowton,1989-06-09,Right-Back,Defender,right,180.0,30.05612594113621,5000000.0
103427,2018,24,2128,1,0,1,0,Chris Smalling,1989-11-22,Centre-Back,Defender,right,194.0,29.60164271047228,20000000.0
104124,2018,33,2099,6,6,3,0,Michail Antonio,1990-03-28,Centre-Forward,Attack,right,180.0,29.256673511293634,15000000.0
105470,2018,38,3420,0,0,1,0,Alisson,1992-10-02,Goalkeeper,Goalkeeper,right,193.0,26.740588637919235,80000000.0
108354,2018,20,1187,1,2,3,0,Jordan Ayew,1991-09-11,Centre-Forward,Attack,right,182.0,27.800136892539356,8000000.0
108725,2018,38,2595,10,2,2,0,Chris Wood,1991-12-07,Centre-Forward,Attack,right,191.0,27.561943874058862,18000000.0
111051,2018,31,2089,0,0,5,0,Nampalys Mendy,1992-06-23,Defensive Midfield,Midfield,right,168.0,27.017111567419576,8000000.0
111114,2018,6,513,0,1,0,0,Kevin Long,1990-08-18,Centre-Back,Defender,right,188.0,28.865160848733744,2500000.0
111422,2018,7,101,0,0,0,0,Neeskens Kebano,1992-03-10,Left Winger,Attack,right,170.0,27.304585900068446,3000000.0
111455,2018,29,2501,4,2,10,0,Granit Xhaka,1992-09-27,Defensive Midfield,Midfield,left,183.0,26.754277891854894,45000000.0
111630,2018,19,972,4,2,2,0,Erik Lamela,1992-03-04,Right Winger,Attack,left,184.0,27.32101300479124,18000000.0
112302,2018,33,2824,6,2,3,0,Roberto Pereyra,1991-01-07,Central Midfield,Midfield,both,182.0,28.476386036960985,13000000.0
112343,2018,12,470,1,0,0,0,Manolo Gabbiadini,1991-11-26,Centre-Forward,Attack,left,186.0,27.592060232717316,12000000.0
112515,2018,31,2761,2,6,6,0,Marcos Alonso,1990-12-28,Centre-Back,Defender,left,188.0,28.503764544832308,40000000.0
112988,2018,18,1494,1,2,4,0,Cédric Soares,1991-08-31,Right-Back,Defender,right,171.0,27.83025325119781,12000000.0
114093,2018,7,630,0,0,3,0,Greg Cunningham,1991-01-31,Left-Back,Defender,left,183.0,28.410677618069816,3000000.0
116648,2018,7,630,0,0,1,0,Marcus Bettinelli,1992-05-24,Goalkeeper,Goalkeeper,right,193.0,27.09924709103354,4000000.0
117996,2018,18,1262,0,1,1,0,Phil Jones,1992-02-21,Centre-Back,Defender,right,185.0,27.353867214236825,20000000.0
118287,2018,19,734,1,0,3,0,Rachid Ghezzal,1992-05-09,Right Winger,Attack,left,182.0,27.140314852840522,8000000.0
118534,2018,33,2970,1,2,2,0,Michael Keane,1993-01-11,Centre-Back,Defender,right,188.0,26.46406570841889,30000000.0
119269,2018,35,3088,5,2,4,1,Shane Duffy,1992-01-01,Centre-Back,Defender,right,193.0,27.49349760438056,12000000.0
120241,2018,4,129,0,0,0,0,Jazz Richards,1991-04-12,Right-Back,Defender,right,174.0,28.216290212183434,750000.0
120565,2018,29,1359,7,2,2,0,Andre Gray,1991-06-26,Centre-Forward,Attack,right,178.0,28.01095140314853,15000000.0
121398,2018,15,1142,0,0,2,1,Tommy Smith,1992-04-14,Right-Back,Defender,right,185.0,27.208761122518823,3000000.0
122153,2018,35,3011,13,9,6,0,Paul Pogba,1993-03-15,Central Midfield,Midfield,both,191.0,26.29158110882957,100000000.0
123275,2018,31,2198,1,1,0,0,Tom Cairney,1991-01-20,Central Midfield,Midfield,left,185.0,28.44079397672827,15000000.0
123397,2018,2,37,0,0,0,0,Collin Quaner,1991-06-18,Centre-Forward,Attack,right,191.0,28.032854209445585,1500000.0
123682,2018,30,2535,14,10,3,0,Callum Wilson,1992-02-27,Centre-Forward,Attack,right,180.0,27.33744010951403,30000000.0
123951,2018,29,2327,3,1,4,0,Aaron Mooy,1990-09-15,Central Midfield,Midfield,right,174.0,28.788501026694046,14000000.0
124172,2018,14,439,1,0,0,0,Danny Ward,1990-12-09,Centre-Forward,Attack,left,180.0,28.555783709787818,1500000.0
125409,2018,20,986,4,1,0,0,Nathaniel Méndez-Laing,1992-04-15,Right Winger,Attack,right,178.0,27.20602327173169,3000000.0
125868,2018,1,1,0,0,0,0,Pape Souaré,1990-06-06,Left-Back,Defender,left,178.0,29.065023956194388,2000000.0
126014,2018,11,554,0,0,2,0,Leandro Bacuna,1991-08-21,Central Midfield,Midfield,right,180.0,27.857631759069132,3000000.0
126321,2018,3,165,0,0,0,0,Carl Jenkinson,1992-02-08,Right-Back,Defender,right,185.0,27.38945927446954,2000000.0
126664,2018,35,2966,4,4,5,1,Lucas Digne,1993-07-20,Left-Back,Defender,left,178.0,25.94387405886379,30000000.0
126665,2018,33,2825,0,2,6,0,Idrissa Gueye,1989-09-26,Defensive Midfield,Midfield,right,174.0,29.75770020533881,25000000.0
127032,2018,8,563,0,2,1,0,Serge Aurier,1992-12-24,Right-Back,Defender,right,176.0,26.51334702258727,18000000.0
127108,2018,12,1055,0,0,0,0,Florian Lejeune,1991-05-20,Centre-Back,Defender,right,190.0,28.112251882272417,8000000.0
127187,2018,35,3062,5,6,7,0,Abdoulaye Doucouré,1993-01-01,Attacking Midfield,Midfield,right,183.0,26.491444216290212,25000000.0
128223,2018,16,943,5,0,3,0,Álvaro Morata,1992-10-23,Centre-Forward,Attack,right,189.0,26.68309377138946,50000000.0
128229,2018,16,717,0,1,3,1,Robbie Brady,1992-01-14,Left Midfield,Midfield,left,176.0,27.457905544147845,8000000.0
128900,2018,9,267,0,0,2,0,Nathaniel Chalobah,1994-12-12,Defensive Midfield,Midfield,right,185.0,24.54757015742642,7000000.0
128901,2018,38,3420,0,0,5,0,Conor Coady,1993-02-25,Centre-Back,Defender,right,185.0,26.340862422997947,10000000.0
128904,2018,1,63,1,0,1,0,Ben Gibson,1993-01-15,Centre-Back,Defender,left,185.0,26.45311430527036,10000000.0
128969,2018,34,3060,0,0,2,0,Mathew Ryan,1992-04-08,Goalkeeper,Goalkeeper,right,184.0,27.225188227241617,10000000.0
129078,2018,38,3278,6,4,3,0,Nathan Redmond,1994-03-06,Right Winger,Attack,right,173.0,25.31690622861054,20000000.0
129476,2018,30,2082,10,5,3,0,Gerard Deulofeu,1994-03-13,Centre-Forward,Attack,right,177.0,25.297741273100616,25000000.0
129627,2018,25,980,2,2,1,0,Charlie Austin,1989-07-05,Centre-Forward,Attack,right,188.0,29.984941820670773,8000000.0
130164,2018,38,3420,0,0,1,0,Jordan Pickford,1994-03-07,Goalkeeper,Goalkeeper,left,185.0,25.31416837782341,40000000.0
130765,2018,29,1432,3,2,2,0,Stuart Armstrong,1992-03-30,Central Midfield,Midfield,right,183.0,27.249828884325805,8000000.0
131789,2018,34,2620,12,7,0,0,Roberto Firmino,1991-10-02,Centre-Forward,Attack,right,181.0,27.742642026009584,80000000.0
131978,2018,27,1241,3,5,1,0,Ross Barkley,1993-12-05,Central Midfield,Midfield,right,189.0,25.56605065023956,30000000.0
132098,2018,28,2427,17,4,5,0,Harry Kane,1993-07-28,Centre-Forward,Attack,right,188.0,25.921971252566735,150000000.0
134294,2018,24,1666,7,3,1,0,Danny Ings,1992-07-23,Centre-Forward,Attack,right,177.0,26.934976043805612,15000000.0
134425,2018,34,2777,17,11,3,0,Raheem Sterling,1994-12-08,Right Winger,Attack,right,170.0,24.55852156057495,140000000.0
135213,2018,19,746,1,1,1,0,Kenneth Zohore,1994-01-31,Centre-Forward,Attack,left,190.0,25.409993155373034,7000000.0
135343,2018,24,2004,4,1,12,0,Fabian Schär,1991-12-20,Centre-Back,Defender,right,186.0,27.526351813826146,8000000.0
135853,2018,10,689,1,2,2,0,Manuel Lanzini,1993-02-15,Attacking Midfield,Midfield,right,170.0,26.368240930869266,20000000.0
136501,2018,13,365,1,0,1,0,Kadeem Harris,1993-06-08,Right Winger,Attack,right,174.0,26.05886379192334,750000.0
139208,2018,38,3385,4,2,1,0,Virgil van Dijk,1991-07-08,Centre-Back,Defender,right,195.0,27.978097193702943,90000000.0
140191,2018,15,1086,1,0,5,0,Ryan Fredericks,1992-10-10,Right-Back,Defender,right,181.0,26.718685831622178,5000000.0
141660,2018,27,1670,4,3,3,0,Jesse Lingard,1992-12-15,Attacking Midfield,Midfield,right,174.0,26.537987679671456,40000000.0
142310,2018,36,3169,4,0,2,1,Willy Boly,1991-02-03,Centre-Back,Defender,right,195.0,28.40246406570842,12000000.0
143424,2018,2,19,0,0,0,0,Alex Oxlade-Chamberlain,1993-08-15,Central Midfield,Midfield,right,180.0,25.872689938398356,35000000.0
144303,2018,1,45,0,0,0,0,Lazar Markovic,1994-03-02,Right Winger,Attack,right,175.0,25.32785763175907,4000000.0
145466,2018,26,2049,0,0,1,0,Tim Ream,1987-10-05,Centre-Back,Defender,left,186.0,31.734428473648187,4000000.0
145707,2018,11,806,1,0,1,0,Danilo,1991-07-15,Centre-Back,Defender,right,184.0,27.958932238193018,20000000.0
145988,2018,34,3043,10,10,10,0,Wilfried Zaha,1992-11-10,Left Winger,Attack,right,180.0,26.633812457221083,45000000.0
146164,2018,29,1413,1,3,3,0,Max Meyer,1995-09-18,Attacking Midfield,Midfield,right,173.0,23.78097193702943,15000000.0
146795,2018,38,3173,7,14,2,0,Ryan Fraser,1994-02-24,Left Winger,Attack,right,163.0,25.34428473648186,30000000.0
147094,2018,15,794,0,2,1,0,José Izquierdo,1992-07-07,Left Winger,Attack,right,171.0,26.978781656399725,10000000.0
148153,2018,36,3153,2,1,7,0,Lewis Dunk,1991-11-21,Centre-Back,Defender,right,192.0,27.60574948665298,12000000.0
148262,2018,32,2070,3,0,4,0,Jeff Hendrick,1992-01-31,Central Midfield,Midfield,right,185.0,27.411362080766597,10000000.0
148368,2018,12,367,3,1,0,0,Divock Origi,1995-04-18,Centre-Forward,Attack,right,189.0,24.199863107460644,20000000.0
148455,2018,38,3261,22,10,1,0,Mohamed Salah,1992-06-15,Right Winger,Attack,left,175.0,27.039014373716633,150000000.0
149237,2018,30,1832,2,6,4,1,Anthony Knockaert,1991-11-20,Right Winger,Attack,left,172.0,27.60848733744011,8000000.0
149716,2018,23,683,3,1,1,0,Ivan Cavaleiro,1993-10-18,Left Winger,Attack,right,175.0,25.697467488021903,10000000.0
152651,2018,32,2722,1,1,4,0,Terence Kongolo,1994-02-14,Centre-Back,Defender,left,188.0,25.371663244353183,15000000.0
157495,2018,10,900,0,5,1,0,Benjamin Mendy,1994-07-17,Left-Back,Defender,left,185.0,24.95277207392197,35000000.0
157506,2018,30,1666,4,2,1,0,Jeffrey Schlupp,1992-12-23,Left Midfield,Midfield,left,178.0,26.5160848733744,10000000.0
157509,2018,32,2613,2,2,5,0,Kurt Zouma,1994-10-27,Centre-Back,Defender,right,190.0,24.673511293634498,25000000.0
158623,2018,28,1945,0,2,7,0,Cyrus Christie,1992-09-30,Right-Back,Defender,right,188.0,26.746064339493497,3500000.0
159372,2018,36,3053,9,4,3,0,Felipe Anderson,1993-04-15,Left Winger,Attack,right,175.0,26.206707734428473,40000000.0
160380,2018,3,87,0,0,0,0,Ibrahima Cissé,1994-02-28,Defensive Midfield,Midfield,right,184.0,25.333333333333332,1500000.0
160438,2018,8,379,0,0,0,0,Mohamed Elneny,1992-07-11,Defensive Midfield,Midfield,right,179.0,26.967830253251197,8000000.0
162029,2018,18,1099,0,3,2,0,Javier Manquillo,1994-05-05,Right-Back,Defender,right,178.0,25.152635181382614,5000000.0
163744,2018,24,1697,1,1,4,0,Jack Stephens,1994-01-27,Centre-Back,Defender,right,185.0,25.420944558521562,8000000.0
165007,2018,4,67,0,0,0,0,Denis Suárez,1994-01-06,Attacking Midfield,Midfield,right,176.0,25.478439425051334,12000000.0
166240,2018,26,1230,2,0,1,0,Jürgen Locadia,1993-11-07,Centre-Forward,Attack,right,193.0,25.642710472279262,12000000.0
167799,2018,31,2764,4,4,9,1,Pierre-Emile Højbjerg,1995-08-05,Defensive Midfield,Midfield,right,185.0,23.901437371663246,15000000.0
168157,2018,19,1469,2,0,1,0,Leander Dendoncker,1995-04-15,Defensive Midfield,Midfield,right,188.0,24.20807665982204,18000000.0
169555,2018,27,1997,4,1,4,0,Callum Paterson,1994-10-13,Centre-Forward,Attack,right,183.0,24.711841204654345,5000000.0
170321,2018,26,1987,0,0,1,0,Paul Dummett,1991-09-26,Centre-Back,Defender,left,183.0,27.759069130732374,5000000.0
170934,2018,21,1615,1,1,5,0,Mario Lemina,1993-09-01,Defensive Midfield,Midfield,right,184.0,25.82614647501711,15000000.0
171424,2018,27,1339,7,4,0,0,Riyad Mahrez,1991-02-21,Right Winger,Attack,left,179.0,28.35318275154004,60000000.0
171679,2018,38,3147,4,7,5,0,Matt Doherty,1992-01-16,Right-Back,Defender,right,185.0,27.45242984257358,15000000.0
173504,2018,35,3087,3,1,8,0,James Tarkowski,1992-11-19,Centre-Back,Defender,right,185.0,26.60917180013689,18000000.0
173859,2018,4,125,0,0,0,0,Davide Zappacosta,1992-06-11,Right Midfield,Midfield,right,182.0,27.04996577686516,15000000.0
173900,2018,25,1346,1,2,3,0,Hélder Costa,1994-01-12,Right Winger,Attack,left,179.0,25.462012320328544,15000000.0
175169,2018,34,2128,1,4,5,0,Bernard,1992-09-08,Left Winger,Attack,right,167.0,26.806297056810404,20000000.0
175446,2018,33,2779,1,2,6,0,Jonny Otto,1994-03-03,Right-Back,Defender,both,175.0,25.32511978097194,20000000.0
175722,2018,20,1509,3,0,4,0,Eric Dier,1994-01-15,Centre-Back,Defender,right,191.0,25.453798767967147,40000000.0
176553,2018,35,3057,3,3,3,0,Aymeric Laporte,1994-05-27,Centre-Back,Defender,left,191.0,25.09240246406571,75000000.0
177065,2018,23,872,3,0,5,0,Florin Andone,1993-04-11,Centre-Forward,Attack,right,181.0,26.217659137577,6000000.0
177476,2018,38,3412,4,1,3,0,Nathan Aké,1995-02-18,Centre-Back,Defender,left,180.0,24.361396303901437,30000000.0
177907,2018,31,2599,3,0,6,1,Harry Maguire,1993-03-05,Centre-Back,Defender,right,194.0,26.31895961670089,50000000.0
178614,2018,32,2250,1,2,6,0,Jean Michaël Seri,1991-07-19,Defensive Midfield,Midfield,right,169.0,27.94798083504449,25000000.0
179184,2018,11,756,5,0,0,0,Michy Batshuayi,1993-10-02,Centre-Forward,Attack,right,185.0,25.741273100616016,30000000.0
181380,2018,23,1757,0,1,2,0,Arthur Masuaku,1993-11-07,Left-Back,Defender,left,179.0,25.642710472279262,7000000.0
181579,2018,26,1942,7,0,4,0,James Ward-Prowse,1994-11-01,Central Midfield,Midfield,right,177.0,24.659822039698838,18000000.0
181778,2018,10,660,0,0,0,0,Emerson,1994-08-03,Left-Back,Defender,left,176.0,24.906228610540726,15000000.0
181781,2018,7,130,0,1,0,0,Léo Bonatini,1994-03-28,Centre-Forward,Attack,right,185.0,25.256673511293634,4000000.0
182877,2018,27,1624,10,3,2,0,Anthony Martial,1995-12-05,Centre-Forward,Attack,right,184.0,23.567419575633128,60000000.0
183288,2018,29,2592,1,4,11,0,Luke Shaw,1995-07-12,Left-Back,Defender,left,178.0,23.967145790554415,30000000.0
183318,2018,32,2745,0,1,4,0,Jamaal Lascelles,1993-11-11,Centre-Back,Defender,right,188.0,25.631759069130734,15000000.0
184573,2018,30,2602,1,1,1,0,Victor Lindelöf,1994-07-17,Centre-Back,Defender,right,187.0,24.95277207392197,35000000.0
186186,2018,27,1422,5,2,0,0,Bobby De Cordova-Reid,1993-02-02,Attacking Midfield,Midfield,right,170.0,26.403832991101986,10000000.0
186590,2018,24,1763,0,0,1,0,John Stones,1994-05-28,Centre-Back,Defender,right,188.0,25.089664613278575,60000000.0
186644,2018,16,790,0,0,0,0,Mohamed Elyounoussi,1994-08-04,Second Striker,Attack,right,178.0,24.903490759753595,15000000.0
186997,2018,28,1488,1,0,2,0,Christian Atsu,1992-01-10,Left Winger,Attack,left,165.0,27.468856947296374,6000000.0
191217,2018,19,1533,0,5,3,0,Héctor Bellerín,1995-03-19,Right-Back,Defender,right,178.0,24.281998631074607,40000000.0
191614,2018,17,1044,1,1,2,0,Fred,1993-03-05,Central Midfield,Midfield,both,170.0,26.31895961670089,30000000.0
192279,2018,36,3240,0,0,2,0,Kepa Arrizabalaga,1994-10-03,Goalkeeper,Goalkeeper,right,188.0,24.739219712525667,60000000.0
192565,2018,31,1867,10,10,1,0,Leroy Sané,1996-01-11,Right Winger,Attack,left,183.0,23.46611909650924,100000000.0
192765,2018,27,1839,0,0,2,0,Ben Davies,1993-04-24,Centre-Back,Defender,left,181.0,26.182067077344286,25000000.0
194460,2018,28,2350,0,1,5,0,Joe Bryan,1993-09-17,Left-Back,Defender,left,170.0,25.782340862423,6000000.0
195488,2018,3,270,0,0,0,0,Paulo Gazzaniga,1992-01-02,Goalkeeper,Goalkeeper,right,195.0,27.49075975359343,2000000.0
195633,2018,38,3240,0,1,2,0,Charlie Taylor,1993-09-18,Left-Back,Defender,left,183.0,25.779603011635867,7000000.0
195652,2018,19,795,1,1,1,0,Jordon Ibe,1995-12-08,Right Winger,Attack,right,176.0,23.55920602327173,8000000.0
195680,2018,28,1960,0,0,4,1,Joe Ralls,1993-10-12,Central Midfield,Midfield,left,178.0,25.713894592744694,5000000.0
196948,2018,8,615,0,0,1,0,Andreas Christensen,1996-04-10,Centre-Back,Defender,right,189.0,23.21971252566735,30000000.0
197838,2018,34,2733,18,4,3,1,Jamie Vardy,1987-01-11,Centre-Forward,Attack,right,179.0,32.46543463381246,20000000.0
199527,2018,9,301,0,1,0,0,Jacob Murphy,1995-02-24,Right Winger,Attack,right,179.0,24.344969199178646,6000000.0
199528,2018,29,1824,3,2,2,0,Josh Murphy,1995-02-24,Left Winger,Attack,right,173.0,24.344969199178646,10000000.0
200512,2018,36,3086,22,2,2,0,Sadio Mané,1992-04-10,Left Winger,Attack,right,175.0,27.21971252566735,120000000.0
200777,2018,30,2091,2,0,2,0,Alex Pritchard,1993-05-03,Attacking Midfield,Midfield,right,168.0,26.157426420260094,9000000.0
201574,2018,12,1080,0,0,0,0,Angus Gunn,1996-01-22,Goalkeeper,Goalkeeper,right,196.0,23.43600273785079,10000000.0
202886,2018,24,982,6,2,0,0,Ruben Loftus-Cheek,1996-01-23,Central Midfield,Midfield,right,191.0,23.433264887063654,30000000.0
203394,2018,15,594,1,1,5,0,Andreas Pereira,1996-01-01,Central Midfield,Midfield,right,178.0,23.49349760438056,10000000.0
203853,2018,14,1153,0,3,1,0,Oleksandr Zinchenko,1996-12-15,Left-Back,Defender,left,175.0,22.537987679671456,20000000.0
204103,2018,29,890,1,1,1,0,Adama Traoré,1996-01-25,Right Winger,Attack,right,178.0,23.42778918548939,15000000.0
204198,2018,19,1144,2,0,7,0,Romain Saïss,1990-03-26,Centre-Back,Defender,left,188.0,29.2621492128679,5000000.0
206040,2018,38,3123,13,8,4,0,Raúl Jiménez,1991-05-05,Centre-Forward,Attack,right,188.0,28.1533196440794,35000000.0
206225,2018,25,1864,1,4,3,1,Isaac Hayden,1995-03-22,Defensive Midfield,Midfield,right,187.0,24.27378507871321,8000000.0
207014,2018,32,2436,2,4,5,0,Will Hughes,1995-04-17,Central Midfield,Midfield,left,185.0,24.202600958247775,18000000.0
207015,2018,3,36,0,0,0,0,Vincent Janssen,1994-06-15,Centre-Forward,Attack,left,185.0,25.0403832991102,8000000.0
207302,2018,29,2610,0,0,1,0,Sergio Rico,1993-09-01,Goalkeeper,Goalkeeper,right,196.0,25.82614647501711,12000000.0
207917,2018,2,156,0,0,0,0,Alberto Moreno,1992-07-05,Left-Back,Defender,left,171.0,26.98425735797399,9000000.0
207929,2018,25,1832,5,3,4,0,Dele Alli,1996-04-11,Attacking Midfield,Midfield,right,188.0,23.21697467488022,90000000.0
209212,2018,35,2473,1,6,1,0,Solly March,1994-07-20,Right Winger,Attack,left,180.0,24.944558521560573,8000000.0
209781,2018,18,998,0,0,0,0,Oumar Niasse,1990-04-18,Centre-Forward,Attack,right,182.0,29.19917864476386,6000000.0
213268,2018,19,1022,0,0,2,0,Alireza Jahanbakhsh,1993-08-11,Right Winger,Attack,right,180.0,25.883641341546884,15000000.0
214056,2018,9,640,0,1,2,0,Daniel Amartey,1994-12-21,Centre-Back,Defender,right,186.0,24.522929500342233,7000000.0
214316,2018,20,985,1,4,1,0,Luciano Vietto,1993-12-05,Centre-Forward,Attack,right,173.0,25.56605065023956,7000000.0
215118,2018,31,2586,2,0,9,0,Calum Chambers,1995-01-20,Centre-Back,Defender,right,182.0,24.44079397672827,14000000.0
215679,2018,1,4,0,1,0,0,Georges-Kevin N'Koudou,1995-02-13,Left Winger,Attack,right,172.0,24.3750855578371,5000000.0
215876,2018,35,3125,2,8,7,0,Ricardo Pereira,1993-10-06,Right-Back,Defender,right,175.0,25.730321697467488,25000000.0
221025,2018,27,1986,1,1,7,0,André Gomes,1993-07-30,Central Midfield,Midfield,right,190.0,25.916495550992472,28000000.0
223047,2018,1,37,0,0,0,0,Emerson Hyndman,1996-04-09,Central Midfield,Midfield,right,170.0,23.222450376454482,1000000.0
225083,2018,36,3095,4,4,3,0,N'Golo Kanté,1991-03-29,Defensive Midfield,Midfield,right,168.0,28.254620123203285,100000000.0
225161,2018,35,3009,4,3,8,0,Rúben Neves,1997-03-13,Defensive Midfield,Midfield,right,183.0,22.297056810403834,45000000.0
225693,2018,28,2013,1,2,6,0,Fabinho,1993-10-23,Defensive Midfield,Midfield,right,188.0,25.683778234086244,50000000.0
227183,2018,4,32,0,0,0,0,Sam Gallagher,1995-09-15,Centre-Forward,Attack,right,193.0,23.789185489390828,3000000.0
230541,2018,17,517,1,0,1,0,Yoshinori Muto,1992-07-15,Centre-Forward,Attack,right,179.0,26.95687885010267,9000000.0
234803,2018,36,3219,0,11,4,0,Andrew Robertson,1994-03-11,Left-Back,Defender,left,178.0,25.30321697467488,60000000.0
238185,2018,3,48,0,0,0,0,Rhys Healey,1994-12-06,Centre-Forward,Attack,right,180.0,24.56399726214921,250000.0
238223,2018,38,3420,0,1,2,0,Ederson,1993-08-17,Goalkeeper,Goalkeeper,left,188.0,25.867214236824093,70000000.0
238407,2018,12,173,0,0,0,0,Alexander Sørloth,1995-12-05,Centre-Forward,Attack,left,196.0,23.567419575633128,6000000.0
238639,2018,31,1776,2,3,1,1,Steve Mounié,1994-09-29,Centre-Forward,Attack,right,189.0,24.750171115674195,10000000.0
238809,2018,24,1841,0,0,1,0,Florent Hadergjonaj,1994-07-31,Right Midfield,Midfield,right,182.0,24.914442162902123,7000000.0
241641,2018,36,2853,7,8,3,0,Bernardo Silva,1994-08-10,Attacking Midfield,Midfield,left,173.0,24.8870636550308,100000000.0
241889,2018,1,4,0,0,0,0,Antonio Barreca,1995-03-18,Left-Back,Defender,left,180.0,24.28473648186174,7000000.0
242631,2018,35,1972,3,6,0,0,Alex Iwobi,1996-05-03,Left Winger,Attack,right,183.0,23.156741957563312,25000000.0
243028,2018,25,2150,0,1,7,0,Jan Bednarek,1996-04-12,Centre-Back,Defender,right,189.0,23.21423682409309,15000000.0
245034,2018,11,719,1,0,2,0,Jon Gorenc Stankovic,1996-01-14,Defensive Midfield,Midfield,right,190.0,23.457905544147845,1500000.0
246968,2018,37,2929,12,2,2,0,Ayoze Pérez,1993-07-29,Centre-Forward,Attack,right,178.0,25.919233401779604,20000000.0
249089,2018,13,722,0,0,2,0,Lewis Cook,1997-02-03,Central Midfield,Midfield,right,175.0,22.401095140314855,20000000.0
249126,2018,26,1592,1,0,4,0,Harry Winks,1996-02-02,Defensive Midfield,Midfield,right,178.0,23.405886379192335,25000000.0
249513,2018,12,608,0,0,1,0,Diego Rico,1993-02-23,Left-Back,Defender,left,183.0,26.34633812457221,9000000.0
249565,2018,13,1092,3,5,2,0,Youri Tielemans,1997-05-07,Central Midfield,Midfield,right,176.0,22.146475017111566,38000000.0
250478,2018,16,1187,1,3,2,0,Matt Targett,1995-09-18,Left-Back,Defender,left,183.0,23.78097193702943,7000000.0
252345,2018,17,756,1,2,1,0,Ken Sema,1993-09-30,Left-Back,Defender,left,180.0,25.746748802190282,3500000.0
253341,2018,10,807,0,0,1,0,Rob Holding,1995-09-20,Centre-Back,Defender,right,189.0,23.77549623545517,12000000.0
253677,2018,5,141,0,0,0,0,Tyrone Mings,1993-03-13,Centre-Back,Defender,left,196.0,26.297056810403834,5000000.0
253765,2018,13,1170,0,0,2,0,Wesley Hoedt,1994-03-06,Centre-Back,Defender,left,193.0,25.31690622861054,12000000.0
255916,2018,29,2475,1,3,6,1,DeAndre Yedlin,1993-07-09,Right-Back,Defender,right,173.0,25.973990417522245,8000000.0
256178,2018,16,1060,0,0,2,0,Joe Gomez,1997-05-23,Centre-Back,Defender,right,188.0,22.102669404517453,35000000.0
258011,2018,1,17,0,0,0,0,Xande Silva,1997-03-16,Right Winger,Attack,right,177.0,22.288843258042437,1000000.0
258883,2018,10,790,0,1,1,0,Jonjoe Kenny,1997-03-15,Right-Back,Defender,right,176.0,22.29158110882957,5000000.0
258889,2018,10,341,0,1,0,0,Dominic Solanke,1997-09-14,Centre-Forward,Attack,right,186.0,21.790554414784395,18000000.0
258912,2018,1,2,0,0,0,0,Luke Amos,1997-02-23,Central Midfield,Midfield,right,179.0,22.34633812457221,100000.0
258923,2018,33,2344,10,9,3,1,Marcus Rashford,1997-10-31,Left Winger,Attack,right,185.0,21.661875427789184,80000000.0
260806,2018,22,981,1,1,1,0,Isaac Mbenza,1996-03-08,Right Winger,Attack,right,188.0,23.310061601642712,5000000.0
262980,2018,30,2510,2,1,12,0,Jefferson Lerma,1994-10-25,Defensive Midfield,Midfield,right,180.0,24.67898699520876,25000000.0
263856,2018,32,2579,5,4,6,0,Víctor Camarasa,1994-05-28,Central Midfield,Midfield,right,183.0,25.089664613278575,10000000.0
272622,2018,33,2970,1,0,4,0,Issa Diop,1997-01-09,Centre-Back,Defender,right,194.0,22.469541409993155,35000000.0
272999,2018,10,763,0,0,0,0,Miguel Almirón,1994-02-10,Right Winger,Attack,left,178.0,25.38261464750171,20000000.0
274839,2018,38,3298,2,0,8,0,Wilfred Ndidi,1996-12-16,Defensive Midfield,Midfield,right,183.0,22.535249828884325,35000000.0
277033,2018,30,2279,7,5,3,0,David Brooks,1997-07-08,Right Winger,Attack,left,173.0,21.976728268309376,30000000.0
281404,2018,25,1343,1,1,1,0,Kenedy,1996-02-08,Left Winger,Attack,left,185.0,23.38945927446954,10000000.0
285033,2018,1,1,0,0,0,0,Will Norris,1993-08-12,Goalkeeper,Goalkeeper,left,195.0,25.880903490759753,250000.0
285548,2018,23,2014,1,0,2,0,Fabián Balbuena,1991-08-23,Centre-Back,Defender,right,188.0,27.852156057494867,12000000.0
285551,2018,1,90,0,0,0,0,Joel Coleman,1995-09-26,Goalkeeper,Goalkeeper,right,198.0,23.759069130732374,500000.0
285845,2018,16,986,1,1,3,0,Ainsley Maitland-Niles,1997-08-29,Right-Back,Defender,right,180.0,21.83436002737851,12000000.0
286384,2018,12,639,0,0,0,1,Eric Bailly,1994-04-12,Centre-Back,Defender,right,187.0,25.215605749486652,25000000.0
286919,2018,7,209,0,1,0,0,Josh Sims,1997-03-28,Right Winger,Attack,right,174.0,22.255989048596852,2000000.0
286949,2018,14,1004,0,1,5,0,Adam Masina,1994-01-02,Centre-Back,Defender,left,191.0,25.489390828199863,7000000.0
287431,2018,15,1130,0,0,2,0,Alfie Mawson,1994-01-19,Centre-Back,Defender,right,189.0,25.44284736481862,15000000.0
289446,2018,13,892,1,0,3,0,Yerry Mina,1994-09-23,Centre-Back,Defender,right,195.0,24.76659822039699,25000000.0
290951,2018,13,690,3,0,2,0,Aboubakar Kamara,1995-03-07,Centre-Forward,Attack,right,177.0,24.314852840520192,2750000.0
291422,2018,24,350,1,0,1,0,Lys Mousset,1996-02-08,Centre-Forward,Attack,right,186.0,23.38945927446954,3500000.0
292417,2018,34,1996,4,1,2,0,Demarai Gray,1996-06-28,Left Winger,Attack,right,183.0,23.003422313483917,20000000.0
294057,2018,36,2849,7,7,5,0,James Maddison,1996-11-23,Attacking Midfield,Midfield,right,175.0,22.598220396988363,40000000.0
295330,2018,30,930,1,4,2,0,Kelechi Iheanacho,1996-10-03,Centre-Forward,Attack,left,185.0,22.7378507871321,12000000.0
295331,2018,30,1038,1,1,4,0,Isaac Success,1996-01-07,Centre-Forward,Attack,right,182.0,23.477070499657767,5000000.0
302215,2018,25,1395,2,1,0,0,Naby Keïta,1995-02-10,Central Midfield,Midfield,right,172.0,24.383299110198493,60000000.0
306024,2018,35,1775,6,2,3,0,Dominic Calvert-Lewin,1997-03-16,Centre-Forward,Attack,right,189.0,22.288843258042437,20000000.0
312017,2018,4,75,0,0,0,0,Ramadan Sobhi,1997-01-23,Left Winger,Attack,right,183.0,22.431211498973305,5000000.0
314183,2018,13,874,4,1,0,0,Karlan Grant,1997-09-18,Centre-Forward,Attack,right,183.0,21.779603011635867,5000000.0
314210,2018,16,976,0,0,3,0,Tom Davies,1998-06-30,Central Midfield,Midfield,right,180.0,20.999315537303218,15000000.0
314353,2018,29,2467,1,12,3,0,Trent Alexander-Arnold,1998-10-07,Right-Back,Defender,right,180.0,20.72826830937714,80000000.0
315131,2018,12,794,0,0,3,0,Timothy Fosu-Mensah,1998-01-02,Right-Back,Defender,right,185.0,21.489390828199863,7000000.0
315969,2018,16,862,2,0,1,0,Scott McTominay,1996-12-08,Central Midfield,Midfield,right,193.0,22.55715263518138,12000000.0
316125,2018,36,3240,0,4,4,0,Ben Chilwell,1996-12-21,Left-Back,Defender,left,180.0,22.521560574948666,35000000.0
318077,2018,34,2380,2,2,7,1,Lucas Torreira,1996-02-11,Defensive Midfield,Midfield,right,166.0,23.381245722108144,55000000.0
320141,2018,6,372,0,0,1,0,Çağlar Söyüncü,1996-05-23,Centre-Back,Defender,both,185.0,23.10198494182067,15000000.0
320411,2018,27,2191,2,0,7,0,Philip Billing,1996-06-11,Central Midfield,Midfield,left,193.0,23.04996577686516,7000000.0
335245,2018,2,85,0,0,0,0,Marc Navarro,1995-07-02,Right Midfield,Midfield,right,188.0,23.994524298425734,2000000.0
340324,2018,5,63,1,0,0,0,Eddie Nketiah,1999-05-30,Centre-Forward,Attack,right,175.0,20.084873374401095,8000000.0
340394,2018,2,48,0,0,0,0,Abdelhamid Sabiri,1996-11-28,Attacking Midfield,Midfield,right,186.0,22.584531143052704,1500000.0
340950,2018,33,2369,9,5,11,0,Diogo Jota,1996-12-04,Left Winger,Attack,right,178.0,22.56810403832991,35000000.0
341051,2018,6,374,0,3,1,0,Kyle Walker-Peters,1997-04-13,Right-Back,Defender,right,173.0,22.21218343600274,3500000.0
341429,2018,23,1943,1,1,2,0,Davinson Sánchez,1996-06-12,Centre-Back,Defender,right,188.0,23.04722792607803,55000000.0
341501,2018,9,597,0,0,0,0,Hamza Choudhury,1997-10-01,Defensive Midfield,Midfield,right,178.0,21.744010951403148,5000000.0
342048,2018,17,605,0,1,0,0,Grady Diangana,1998-04-19,Right Winger,Attack,left,180.0,21.196440793976727,5000000.0
346707,2018,9,687,1,1,2,0,Sean Longstaff,1997-10-30,Central Midfield,Midfield,right,187.0,21.66461327857632,7000000.0
348623,2018,5,407,0,0,1,0,Mason Holgate,1996-10-22,Centre-Back,Defender,right,187.0,22.68583162217659,7000000.0
348863,2018,21,1416,1,0,4,0,Juninho Bacuna,1997-08-07,Central Midfield,Midfield,right,178.0,21.894592744695416,3500000.0
354361,2018,22,1519,0,0,3,0,Frank Anguissa,1995-11-16,Central Midfield,Midfield,right,184.0,23.619438740588638,25000000.0
357147,2018,16,1014,0,2,3,0,Diogo Dalot,1999-03-18,Right-Back,Defender,right,184.0,20.28473648186174,20000000.0
357158,2018,17,706,0,0,1,0,Rúben Vinagre,1999-04-09,Left Midfield,Midfield,left,174.0,20.22450376454483,7000000.0
357662,2018,34,3004,2,0,4,0,Declan Rice,1999-01-14,Central Midfield,Midfield,right,188.0,20.45722108145106,45000000.0
363205,2018,29,1021,7,3,1,0,Gabriel Jesus,1997-04-03,Centre-Forward,Attack,right,175.0,22.239561943874058,70000000.0
364258,2018,22,1750,0,1,4,0,Bernardo,1995-05-14,Left-Back,Defender,left,186.0,24.128678986995208,9000000.0
364861,2018,1,55,0,0,0,0,Fousseni Diabaté,1995-10-18,Right Winger,Attack,left,178.0,23.698836413415467,3000000.0
378710,2018,35,2679,13,2,5,1,Richarlison,1997-05-10,Centre-Forward,Attack,right,184.0,22.138261464750173,50000000.0
391719,2018,8,335,1,0,0,0,Domingos Quina,1999-11-18,Central Midfield,Midfield,right,173.0,19.613963039014372,5000000.0
392768,2018,10,391,0,1,0,0,Callum Hudson-Odoi,2000-11-07,Left Winger,Attack,right,178.0,18.642026009582477,35000000.0
392775,2018,35,2294,2,6,0,0,Ryan Sessegnon,2000-05-18,Left-Back,Defender,left,178.0,19.11567419575633,35000000.0
398065,2018,16,1009,1,2,0,0,Harvey Barnes,1997-12-09,Left Winger,Attack,right,182.0,21.555099247091032,12000000.0
406008,2018,17,1289,2,1,3,0,Yan Valery,1999-02-22,Right-Back,Defender,right,185.0,20.35044490075291,7000000.0
406040,2018,21,601,0,2,0,0,Ademola Lookman,1997-10-20,Left Winger,Attack,right,174.0,21.691991786447637,20000000.0
406635,2018,13,329,1,0,0,0,Phil Foden,2000-05-28,Attacking Midfield,Midfield,left,171.0,19.08829568788501,25000000.0
406638,2018,8,216,0,0,0,0,Oliver Skipp,2000-09-16,Defensive Midfield,Midfield,right,175.0,18.784394250513348,5000000.0
410425,2018,28,1769,0,0,5,0,Yves Bissouma,1996-08-30,Defensive Midfield,Midfield,right,182.0,22.830937713894592,15000000.0
415912,2018,4,149,0,0,1,0,Konstantinos Mavropanos,1997-12-11,Centre-Back,Defender,right,194.0,21.54962354551677,3000000.0
419930,2018,6,403,0,0,0,0,Jack Simpson,1996-12-18,Centre-Back,Defender,left,190.0,22.529774127310063,1500000.0
429014,2018,26,650,0,1,1,0,Morgan Gibbs-White,2000-01-27,Attacking Midfield,Midfield,right,171.0,19.422313483915126,8000000.0
444208,2018,1,20,0,0,0,0,Michael Obafemi,2000-07-06,Centre-Forward,Attack,right,170.0,18.981519507186857,1000000.0
453594,2018,12,553,0,0,1,0,Adama Diakhaby,1996-07-05,Central Midfield,Midfield,left,184.0,22.98425735797399,8000000.0
465830,2018,33,2142,0,0,9,0,Mattéo Guendouzi,1999-04-14,Central Midfield,Midfield,right,185.0,20.210814510609172,35000000.0
467599,2018,2,26,0,0,0,0,Ben Wilmot,1999-11-04,Centre-Back,Defender,right,188.0,19.652292950034223,1500000.0
477758,2018,35,3135,0,3,4,1,Aaron Wan-Bissaka,1997-11-26,Right-Back,Defender,right,183.0,21.590691307323752,35000000.0
480763,2018,12,890,1,0,3,1,Juan Foyth,1998-01-12,Centre-Back,Defender,right,187.0,21.462012320328544,15000000.0
480987,2018,13,850,0,1,1,0,Chris Mepham,1997-11-05,Centre-Back,Defender,right,190.0,21.648186173853524,13000000.0
584769,2018,21,1598,3,5,2,0,Dwight McNeil,1999-11-22,Left Winger,Attack,left,183.0,19.603011635865844,15000000.0
3333,2019,22,926,2,2,4,0,James Milner,1986-01-04,Central Midfield,Midfield,right,175.0,34.48596851471595,6500000.0
6636,2019,11,770,0,0,0,0,Christian Fuchs,1986-04-07,Left-Back,Defender,left,187.0,34.23134839151266,1600000.0
7825,2019,12,1080,0,0,1,0,Pepe Reina,1982-08-31,Goalkeeper,Goalkeeper,right,188.0,37.831622176591374,650000.0
10003,2019,11,430,0,0,0,0,Wes Morgan,1984-01-21,Centre-Back,Defender,right,185.0,36.440793976728266,1200000.0
12384,2019,30,2352,1,1,5,0,Alexander Tettey,1986-04-04,Defensive Midfield,Midfield,right,181.0,34.23956194387406,1600000.0
13507,2019,8,400,0,0,0,0,Leighton Baines,1984-12-11,Left-Back,Defender,left,170.0,35.55099247091034,1600000.0
13520,2019,6,240,0,0,0,0,Phil Jagielka,1982-08-17,Centre-Back,Defender,right,180.0,37.869952087611225,800000.0
13572,2019,38,3420,0,0,1,0,Ben Foster,1983-04-03,Goalkeeper,Goalkeeper,left,193.0,37.242984257357975,1200000.0
13573,2019,15,965,0,0,5,0,Simon Francis,1985-02-16,Right-Back,Defender,right,191.0,35.36755646817249,800000.0
14086,2019,12,953,0,0,5,0,Ashley Young,1985-07-09,Right-Back,Defender,both,175.0,34.97604380561259,3200000.0
14221,2019,16,486,0,0,4,0,Aaron Lennon,1987-04-16,Right Winger,Attack,right,165.0,33.20739219712526,2400000.0
15773,2019,21,1890,0,1,6,0,Phil Bardsley,1985-06-28,Right-Back,Defender,right,180.0,35.006160164271044,800000.0
15930,2019,5,435,0,0,1,0,David Martin,1986-01-22,Goalkeeper,Goalkeeper,right,188.0,34.43668720054757,250000.0
16911,2019,38,3420,0,0,2,0,Kasper Schmeichel,1986-11-05,Goalkeeper,Goalkeeper,right,189.0,33.65092402464066,9500000.0
17965,2019,21,1808,0,0,0,0,Hugo Lloris,1986-12-26,Goalkeeper,Goalkeeper,left,188.0,33.51129363449692,14500000.0
19948,2019,5,450,0,0,0,0,Willy Caballero,1981-09-28,Goalkeeper,Goalkeeper,right,186.0,38.75427789185489,600000.0
20007,2019,10,589,0,0,2,0,Pablo Zabaleta,1985-01-16,Right-Back,Defender,right,176.0,35.45242984257358,800000.0
22614,2019,24,1512,5,5,4,0,Robert Snodgrass,1987-09-07,Right Winger,Attack,left,182.0,32.813141683778234,4800000.0
26267,2019,30,2399,0,1,9,1,Fernandinho,1985-05-04,Defensive Midfield,Midfield,right,179.0,35.15674195756331,8000000.0
26399,2019,24,1457,16,4,1,0,Sergio Agüero,1988-06-02,Centre-Forward,Attack,right,173.0,32.0766598220397,52000000.0
27511,2019,25,2168,0,1,1,0,Gary Cahill,1985-12-19,Centre-Back,Defender,right,193.0,34.52977412731006,4000000.0
29364,2019,38,3108,1,6,7,0,João Moutinho,1986-09-08,Central Midfield,Midfield,right,170.0,33.80971937029432,8000000.0
29391,2019,2,158,0,0,0,0,Michael McGovern,1984-07-12,Goalkeeper,Goalkeeper,right,190.0,35.96714579055441,300000.0
29692,2019,25,2119,0,0,1,0,Lukasz Fabianski,1985-04-18,Goalkeeper,Goalkeeper,right,190.0,35.200547570157426,3200000.0
29975,2019,5,235,0,0,1,0,Andrew Surman,1986-08-20,Central Midfield,Midfield,left,178.0,33.86173853524983,1600000.0
31835,2019,33,2685,4,3,5,0,Mark Noble,1987-05-08,Central Midfield,Midfield,right,180.0,33.14715947980835,4800000.0
33027,2019,36,3240,0,0,4,0,Tim Krul,1988-04-03,Goalkeeper,Goalkeeper,left,193.0,32.24093086926762,4000000.0
33713,2019,25,1297,2,3,1,0,Theo Walcott,1989-03-16,Right Winger,Attack,both,175.0,31.290896646132786,12000000.0
34130,2019,20,1795,0,0,0,0,Tom Heaton,1986-04-15,Goalkeeper,Goalkeeper,right,188.0,34.209445585215605,4800000.0
34322,2019,19,1697,2,0,6,0,Sokratis Papastathopoulos,1988-06-09,Centre-Back,Defender,right,186.0,32.05749486652977,14500000.0
35416,2019,28,1824,2,2,2,0,David McGoldrick,1987-11-29,Centre-Forward,Attack,right,184.0,32.58590006844627,1600000.0
35518,2019,27,1833,6,10,0,0,David Silva,1986-01-08,Attacking Midfield,Midfield,left,170.0,34.47501711156742,12000000.0
35664,2019,18,1449,1,2,1,0,Mesut Özil,1988-10-15,Attacking Midfield,Midfield,left,180.0,31.707049965776864,17500000.0
36291,2019,4,57,0,0,0,0,Gaëtan Bong,1988-04-25,Left-Back,Defender,left,183.0,32.18069815195072,800000.0
36859,2019,2,33,0,0,0,0,Leon Clarke,1985-02-10,Centre-Forward,Attack,right,188.0,35.383983572895275,300000.0
37304,2019,26,1399,2,3,0,0,Shane Long,1987-01-22,Centre-Forward,Attack,both,180.0,33.437371663244356,2800000.0
37403,2019,8,686,0,0,0,0,Roberto,1986-02-10,Goalkeeper,Goalkeeper,right,192.0,34.38466803559206,800000.0
37838,2019,10,777,0,1,1,0,Dejan Lovren,1989-07-05,Centre-Back,Defender,right,188.0,30.986995208761122,16000000.0
37981,2019,1,57,0,0,0,0,Sebastian Prödl,1987-06-21,Centre-Back,Defender,right,194.0,33.02669404517454,1200000.0
38145,2019,20,1510,0,0,6,0,Adrian Mariappa,1986-10-03,Centre-Back,Defender,right,179.0,33.74127310061601,1600000.0
39015,2019,1,22,0,0,0,0,Ralf Fährmann,1988-09-27,Goalkeeper,Goalkeeper,right,197.0,31.756331279945243,1600000.0
39372,2019,20,628,1,0,3,0,Mario Vrancic,1989-05-23,Central Midfield,Midfield,left,187.0,31.104722792607802,2000000.0
40423,2019,4,346,0,0,0,0,Claudio Bravo,1983-04-13,Goalkeeper,Goalkeeper,right,184.0,37.215605749486656,1200000.0
40611,2019,32,2744,1,1,3,1,Ryan Bertrand,1989-08-05,Left-Back,Defender,left,179.0,30.902121834360027,10500000.0
40613,2019,30,2618,0,0,1,0,Jack Cork,1989-06-25,Defensive Midfield,Midfield,right,185.0,31.014373716632445,12000000.0
41112,2019,14,1024,0,0,5,0,Jose Cholevas,1984-06-27,Left-Back,Defender,left,184.0,36.0082135523614,1200000.0
41416,2019,37,3104,0,4,6,0,James McArthur,1987-10-07,Central Midfield,Midfield,both,178.0,32.73100616016427,4800000.0
42412,2019,38,3386,1,2,8,1,Jonny Evans,1988-01-03,Centre-Back,Defender,both,188.0,32.49007529089665,12000000.0
42710,2019,33,2958,2,2,7,0,Toby Alderweireld,1989-03-02,Centre-Back,Defender,right,187.0,31.329226557152634,24000000.0
43250,2019,23,1646,1,1,2,0,Jan Vertonghen,1987-04-24,Centre-Back,Defender,left,189.0,33.1854893908282,14500000.0
43530,2019,15,374,1,1,1,0,Adam Lallana,1988-05-10,Attacking Midfield,Midfield,both,172.0,32.139630390143736,9500000.0
43763,2019,24,1878,0,4,2,0,Erik Pieters,1988-08-07,Centre-Back,Defender,left,183.0,31.89596167008898,4000000.0
44068,2019,19,752,0,2,1,0,Juan Mata,1988-04-28,Attacking Midfield,Midfield,left,170.0,32.172484599589325,9500000.0
44794,2019,10,190,0,0,0,0,Henri Lansbury,1990-10-12,Central Midfield,Midfield,right,183.0,29.71663244353183,1200000.0
44983,2019,24,1260,3,1,3,0,Dan Gosling,1990-02-01,Central Midfield,Midfield,right,180.0,30.409308692676248,2000000.0
45026,2019,38,3420,0,0,0,0,Rui Patrício,1988-02-15,Goalkeeper,Goalkeeper,left,190.0,32.37234770704997,16000000.0
45333,2019,33,1672,0,0,9,0,James McCarthy,1990-11-12,Central Midfield,Midfield,right,180.0,29.631759069130734,2800000.0
45494,2019,3,270,0,0,0,0,Wayne Hennessey,1987-01-24,Goalkeeper,Goalkeeper,right,198.0,33.43189596167009,2400000.0
45671,2019,10,466,2,0,0,0,Cenk Tosun,1991-06-07,Centre-Forward,Attack,right,183.0,29.065023956194388,12000000.0
45693,2019,23,790,1,1,0,0,Glenn Murray,1983-09-25,Centre-Forward,Attack,right,186.0,36.76386036960986,1600000.0
45760,2019,24,1189,0,0,6,0,Marco Stiepermann,1991-02-09,Attacking Midfield,Midfield,left,190.0,29.388090349075977,3200000.0
46001,2019,29,2456,2,1,8,0,Moussa Sissoko,1989-08-16,Central Midfield,Midfield,right,187.0,30.872005475701574,20000000.0
46741,2019,33,2811,2,1,5,2,David Luiz,1987-04-22,Centre-Back,Defender,right,189.0,33.190965092402465,12000000.0
46972,2019,36,2893,11,3,3,0,Teemu Pukki,1990-03-29,Centre-Forward,Attack,right,180.0,30.255989048596852,8000000.0
47713,2019,14,931,0,0,1,1,Mamadou Sakho,1990-02-13,Centre-Back,Defender,left,187.0,30.376454483230663,9500000.0
48002,2019,31,2787,2,0,4,0,Angelo Ogbonna,1988-05-23,Centre-Back,Defender,left,191.0,32.10403832991102,6500000.0
48066,2019,19,618,0,4,1,0,Andy Carroll,1989-01-06,Centre-Forward,Attack,left,193.0,31.479808350444902,3200000.0
49499,2019,37,2948,4,0,0,0,Georginio Wijnaldum,1990-11-11,Central Midfield,Midfield,right,175.0,29.634496919917865,40000000.0
49542,2019,25,1047,3,2,1,1,Billy Sharp,1986-02-05,Centre-Forward,Attack,right,175.0,34.39835728952772,1600000.0
49755,2019,33,2529,0,1,8,0,Dale Stephens,1989-06-12,Central Midfield,Midfield,right,185.0,31.04996577686516,4800000.0
50174,2019,23,1759,0,0,7,0,Danny Rose,1990-07-02,Left-Back,Defender,left,173.0,29.9958932238193,16000000.0
50201,2019,24,1258,2,1,4,1,Christian Benteke,1990-12-03,Centre-Forward,Attack,right,190.0,29.574264202600958,10500000.0
50362,2019,16,1190,0,0,5,0,Fabian Delph,1989-11-21,Central Midfield,Midfield,left,174.0,30.60643394934976,12000000.0
50935,2019,2,107,1,0,0,0,Chicharito,1988-06-01,Centre-Forward,Attack,right,175.0,32.07939767282683,6800000.0
51226,2019,6,113,0,0,0,0,Carlos Sánchez,1986-02-06,Defensive Midfield,Midfield,left,182.0,34.39561943874059,1200000.0
51321,2019,2,180,0,0,0,0,Darren Randolph,1987-05-12,Goalkeeper,Goalkeeper,right,187.0,33.13620807665982,2800000.0
51471,2019,31,2074,1,3,8,0,Mateo Kovacic,1994-05-06,Central Midfield,Midfield,right,178.0,26.151950718685832,36000000.0
52119,2019,29,2511,3,2,0,0,Patrick van Aanholt,1990-08-29,Left-Back,Defender,left,176.0,29.83709787816564,9500000.0
52495,2019,38,3255,0,1,4,0,Chris Basham,1988-07-20,Centre-Back,Defender,right,190.0,31.94524298425736,2400000.0
52769,2019,36,2604,9,7,4,0,Willian,1988-08-09,Left Winger,Attack,right,175.0,31.890485968514717,22500000.0
53360,2019,36,2009,8,2,1,0,Jay Rodríguez,1989-07-29,Centre-Forward,Attack,right,185.0,30.921286789869953,4800000.0
53622,2019,31,2017,2,1,7,0,İlkay Gündoğan,1990-10-24,Central Midfield,Midfield,right,180.0,29.683778234086244,40000000.0
54383,2019,30,2517,5,2,8,0,John Fleck,1991-08-24,Central Midfield,Midfield,left,169.0,28.851471594798085,6500000.0
54781,2019,24,1711,2,0,3,0,Nicolás Otamendi,1988-02-12,Centre-Back,Defender,right,182.0,32.380561259411365,14500000.0
55735,2019,3,111,0,0,1,0,Henrikh Mkhitaryan,1989-01-21,Central Midfield,Midfield,both,177.0,31.43874058863792,20000000.0
56818,2019,15,1004,0,0,6,0,Morgan Schneiderlin,1989-11-08,Defensive Midfield,Midfield,right,186.0,30.642026009582477,9500000.0
57079,2019,1,15,0,0,0,0,Jack Rodwell,1991-03-11,Defensive Midfield,Midfield,right,188.0,29.305954825462013,1200000.0
57500,2019,36,3230,2,6,1,0,César Azpilicueta,1989-08-28,Centre-Back,Defender,right,178.0,30.83915126625599,24000000.0
58864,2019,36,3139,22,3,3,1,Pierre-Emerick Aubameyang,1989-06-18,Centre-Forward,Attack,right,187.0,31.033538672142367,56000000.0
59377,2019,38,3420,0,0,2,0,David de Gea,1990-11-07,Goalkeeper,Goalkeeper,right,192.0,29.645448323066393,40000000.0
59606,2019,29,2490,0,0,7,0,Craig Cathcart,1989-02-06,Centre-Back,Defender,right,189.0,31.394934976043807,4000000.0
60744,2019,8,608,0,1,1,0,Daryl Janmaat,1989-07-22,Centre-Back,Defender,right,185.0,30.940451745379878,4000000.0
61560,2019,20,864,0,3,2,0,Marc Albrighton,1989-11-18,Right Midfield,Midfield,right,175.0,30.614647501711158,8000000.0
61592,2019,18,1586,1,1,4,0,James Tomkins,1989-03-29,Centre-Back,Defender,right,192.0,31.255304585900067,4000000.0
61651,2019,30,2244,4,5,2,0,Jordan Henderson,1990-06-17,Defensive Midfield,Midfield,right,182.0,30.036960985626283,28000000.0
61653,2019,27,1539,3,5,4,0,Conor Hourihane,1991-02-02,Central Midfield,Midfield,left,181.0,29.4072553045859,6000000.0
61819,2019,2,127,0,0,0,0,Charlie Daniels,1986-09-07,Left-Back,Defender,left,178.0,33.81245722108145,1600000.0
61841,2019,24,2061,0,1,7,0,Adam Smith,1991-04-29,Right-Back,Defender,right,174.0,29.17180013689254,7000000.0
61842,2019,24,1289,1,1,0,0,Andros Townsend,1991-07-16,Right Winger,Attack,left,181.0,28.958247775496236,12000000.0
62121,2019,11,92,0,0,0,0,Odion Ighalo,1989-06-16,Centre-Forward,Attack,right,181.0,31.039014373716633,5200000.0
62688,2019,16,1263,0,1,0,0,Scott Dann,1987-02-14,Centre-Back,Defender,right,194.0,33.374401095140314,2800000.0
63200,2019,19,1361,6,0,4,0,Ashley Barnes,1989-10-30,Centre-Forward,Attack,right,185.0,30.666666666666668,8000000.0
63494,2019,30,2632,0,3,8,0,Étienne Capoue,1988-07-11,Defensive Midfield,Midfield,right,189.0,31.969883641341546,5200000.0
64399,2019,35,3150,0,0,1,0,Vicente Guaita,1987-01-10,Goalkeeper,Goalkeeper,right,190.0,33.47022587268994,4000000.0
65255,2019,7,585,0,0,0,0,Timm Klose,1988-05-09,Centre-Back,Defender,right,195.0,32.14236824093087,2000000.0
65278,2019,11,662,1,1,1,0,Pedro,1987-07-28,Right Winger,Attack,both,167.0,32.92539356605065,9500000.0
65477,2019,27,2234,10,2,3,0,Troy Deeney,1988-06-29,Centre-Forward,Attack,right,184.0,32.002737850787135,6500000.0
66100,2019,30,1860,0,0,5,0,Oriol Romeu,1991-09-24,Defensive Midfield,Midfield,right,183.0,28.76659822039699,8000000.0
66333,2019,18,1026,1,1,1,0,Ahmed Elmohamady,1987-09-09,Right-Back,Defender,right,182.0,32.80766598220397,2000000.0
66923,2019,11,362,0,0,2,0,Luke Freeman,1992-03-22,Attacking Midfield,Midfield,left,176.0,28.27378507871321,2800000.0
66934,2019,35,2536,1,1,4,0,Cheikhou Kouyaté,1989-12-21,Defensive Midfield,Midfield,right,189.0,30.524298425735797,8000000.0
67063,2019,18,817,2,1,0,0,Danny Welbeck,1990-11-26,Centre-Forward,Attack,right,185.0,29.593429158110883,5500000.0
67252,2019,16,935,0,0,2,0,Ryan Bennett,1990-03-06,Centre-Back,Defender,right,188.0,30.31895961670089,4000000.0
67416,2019,14,1089,0,0,2,0,Neil Taylor,1989-02-07,Left-Back,Defender,left,176.0,31.392197125256672,2800000.0
68390,2019,27,1839,0,1,5,0,Séamus Coleman,1988-10-11,Right-Back,Defender,right,177.0,31.718001368925393,9500000.0
68645,2019,27,1901,0,1,5,0,Martín Montoya,1991-04-14,Right-Back,Defender,right,175.0,29.21286789869952,6500000.0
69015,2019,23,988,5,1,2,0,Andriy Yarmolenko,1989-10-23,Right Winger,Attack,left,189.0,30.68583162217659,9500000.0
69633,2019,20,1092,2,2,5,0,Christian Eriksen,1992-02-14,Attacking Midfield,Midfield,right,182.0,28.3750855578371,68000000.0
71271,2019,11,873,0,0,1,0,Adrián San Miguel,1987-01-03,Goalkeeper,Goalkeeper,right,190.0,33.489390828199866,4000000.0
71292,2019,26,2124,6,2,3,0,Jonjo Shelvey,1992-02-27,Central Midfield,Midfield,right,184.0,28.33949349760438,14500000.0
72476,2019,30,2650,0,0,2,0,Bernd Leno,1992-03-04,Goalkeeper,Goalkeeper,right,190.0,28.32306639288159,28000000.0
73484,2019,18,966,1,0,2,0,Tom Cleverley,1989-08-12,Central Midfield,Midfield,right,175.0,30.882956878850102,4800000.0
73491,2019,5,322,0,0,1,0,Danny Drinkwater,1990-03-05,Central Midfield,Midfield,right,178.0,30.321697467488022,4800000.0
73517,2019,7,537,0,0,0,0,Ørjan Nyland,1990-09-10,Goalkeeper,Goalkeeper,right,192.0,29.804243668720055,1200000.0
73522,2019,1,5,0,0,0,0,Matty James,1991-07-22,Central Midfield,Midfield,right,181.0,28.941820670773442,1200000.0
73547,2019,38,3100,1,1,8,0,Oliver Norwood,1991-04-12,Central Midfield,Midfield,right,175.0,29.218343600273784,6500000.0
74223,2019,8,210,0,0,0,0,Jack Wilshere,1992-01-01,Central Midfield,Midfield,left,172.0,28.49555099247091,4800000.0
74300,2019,31,2514,3,1,12,0,Luka Milivojevic,1991-04-07,Defensive Midfield,Midfield,right,186.0,29.232032854209447,20000000.0
74683,2019,21,1583,0,2,2,0,Nemanja Matić,1988-08-01,Defensive Midfield,Midfield,left,194.0,31.912388774811774,16000000.0
74810,2019,32,2880,1,1,7,0,Ben Mee,1989-09-21,Centre-Back,Defender,left,180.0,30.77344284736482,8000000.0
74960,2019,38,3420,0,0,0,0,Martin Dúbravka,1989-01-15,Goalkeeper,Goalkeeper,right,191.0,31.45516769336071,5500000.0
76467,2019,28,2241,0,1,5,0,Kiko Femenía,1991-02-02,Right-Back,Defender,right,174.0,29.4072553045859,4800000.0
77100,2019,35,2248,4,4,3,0,Lucas Moura,1992-08-13,Right Winger,Attack,right,172.0,27.87953456536619,32000000.0
77760,2019,2,24,0,0,1,0,Victor Wanyama,1991-06-25,Defensive Midfield,Midfield,right,184.0,29.01574264202601,6500000.0
77812,2019,17,1431,0,1,3,0,Christoph Zimmermann,1993-01-12,Centre-Back,Defender,right,194.0,27.463381245722108,2800000.0
78959,2019,19,1550,0,1,0,0,Martin Kelly,1990-04-27,Right-Back,Defender,right,191.0,30.17659137577002,2800000.0
79027,2019,35,2828,1,2,4,0,Davy Pröpper,1991-09-02,Central Midfield,Midfield,right,185.0,28.826830937713893,13500000.0
81512,2019,27,2252,0,2,3,1,Christian Kabasele,1991-02-24,Centre-Back,Defender,right,187.0,29.347022587268995,6500000.0
81789,2019,8,558,0,0,1,0,Maya Yoshida,1988-08-24,Centre-Back,Defender,right,189.0,31.849418206707735,4000000.0
81796,2019,3,136,0,0,0,0,Sung-yueng Ki,1989-01-24,Defensive Midfield,Midfield,right,188.0,31.430527036276523,2400000.0
82105,2019,9,704,1,0,0,0,Joel Matip,1991-08-08,Centre-Back,Defender,right,195.0,28.895277207392198,32000000.0
82243,2019,9,685,0,0,1,0,Moritz Leitner,1992-12-08,Central Midfield,Midfield,right,178.0,27.55920602327173,2400000.0
82442,2019,18,999,8,0,1,0,Olivier Giroud,1986-09-30,Centre-Forward,Attack,left,192.0,33.74948665297741,7000000.0
82863,2019,12,699,0,0,1,0,Lukas Rupp,1991-01-08,Central Midfield,Midfield,right,178.0,29.475701574264203,2400000.0
82873,2019,29,1803,2,4,4,0,Pascal Groß,1991-06-15,Central Midfield,Midfield,right,181.0,29.04312114989733,9500000.0
85324,2019,2,16,0,0,0,0,Borja Bastón,1992-08-25,Centre-Forward,Attack,right,186.0,27.8466803559206,3200000.0
85475,2019,32,2618,2,3,8,0,Federico Fernández,1989-02-21,Centre-Back,Defender,right,190.0,31.353867214236825,5500000.0
85706,2019,38,3346,2,4,7,0,Enda Stevens,1990-07-09,Left-Back,Defender,left,183.0,29.976728268309376,5500000.0
86202,2019,20,1710,2,0,3,0,Antonio Rüdiger,1993-03-03,Centre-Back,Defender,right,190.0,27.326488706365502,40000000.0
86792,2019,7,182,1,0,0,0,Xherdan Shaqiri,1991-10-10,Attacking Midfield,Midfield,left,169.0,28.722792607802873,16000000.0
87672,2019,15,712,3,0,1,0,Junior Stanislas,1989-11-26,Left Winger,Attack,right,183.0,30.5927446954141,2000000.0
88590,2019,15,1205,0,1,2,0,Shkodran Mustafi,1992-04-17,Centre-Back,Defender,right,184.0,28.202600958247775,12000000.0
88755,2019,35,2800,13,20,3,0,Kevin De Bruyne,1991-06-28,Attacking Midfield,Midfield,right,181.0,29.00752908966461,120000000.0
88971,2019,6,111,0,0,1,0,Jonathan Kodjia,1989-10-22,Centre-Forward,Attack,right,189.0,30.688569472963724,3300000.0
89231,2019,12,622,1,1,0,0,Jóhann Berg Gudmundsson,1990-10-27,Right Winger,Attack,left,186.0,29.675564681724847,8000000.0
90466,2019,35,2564,2,3,3,0,Gylfi Sigurdsson,1989-09-08,Attacking Midfield,Midfield,right,186.0,30.809034907597535,22500000.0
90836,2019,29,2430,1,0,6,1,Steve Cook,1991-04-19,Centre-Back,Defender,right,185.0,29.19917864476386,9500000.0
91059,2019,26,2020,6,4,0,0,Joshua King,1992-01-15,Centre-Forward,Attack,right,180.0,28.45722108145106,16000000.0
91317,2019,35,3150,2,6,9,0,Ashley Westwood,1990-04-01,Defensive Midfield,Midfield,right,174.0,30.247775496235455,5500000.0
91845,2019,30,2488,11,11,0,2,Heung-min Son,1992-07-08,Left Winger,Attack,both,183.0,27.978097193702943,64000000.0
92469,2019,18,1314,2,1,4,0,Matt Ritchie,1989-09-10,Right Midfield,Midfield,left,173.0,30.803559206023273,9500000.0
92571,2019,31,2730,3,0,7,0,Aaron Cresswell,1989-12-15,Left-Back,Defender,left,170.0,30.54072553045859,6500000.0
92572,2019,29,2383,0,0,4,0,Joel Ward,1989-10-29,Right-Back,Defender,right,186.0,30.6694045174538,3200000.0
93176,2019,3,121,0,0,1,0,Marcos Rojo,1990-03-20,Centre-Back,Defender,left,186.0,30.28062970568104,8000000.0
93720,2019,30,1879,10,6,8,0,Alexandre Lacazette,1991-05-28,Centre-Forward,Attack,right,175.0,29.09240246406571,48000000.0
93831,2019,16,1135,0,0,2,0,Tom Trybull,1993-03-09,Defensive Midfield,Midfield,right,183.0,27.310061601642712,3200000.0
93905,2019,9,245,0,0,2,0,Muhamed Besic,1992-09-10,Defensive Midfield,Midfield,right,180.0,27.802874743326488,2400000.0
94005,2019,26,1699,0,2,4,0,Sead Kolasinac,1993-06-20,Centre-Back,Defender,left,183.0,27.028062970568104,16000000.0
95424,2019,29,2396,1,4,5,0,Kyle Walker,1990-05-28,Right-Back,Defender,right,183.0,30.091718001368925,40000000.0
95435,2019,6,90,1,1,0,0,Connor Wickham,1993-03-31,Centre-Forward,Attack,right,189.0,27.249828884325805,1200000.0
95976,2019,28,2520,0,0,0,0,Alex McCarthy,1989-12-03,Goalkeeper,Goalkeeper,right,193.0,30.573579739904176,4000000.0
98240,2019,14,1188,2,0,2,0,Ciaran Clark,1989-09-26,Centre-Back,Defender,left,185.0,30.759753593429156,4800000.0
99331,2019,19,1497,1,0,3,0,Jannik Vestergaard,1992-08-03,Centre-Back,Defender,both,199.0,27.906913073237508,12000000.0
101500,2019,19,812,2,1,0,0,Matej Vydra,1992-05-01,Centre-Forward,Attack,right,180.0,28.164271047227928,4000000.0
102017,2019,31,2383,4,2,10,0,Jorginho,1991-12-20,Defensive Midfield,Midfield,right,180.0,28.528405201916495,52000000.0
102258,2019,17,1530,0,1,2,0,Matthew Lowton,1989-06-09,Right-Back,Defender,right,180.0,31.058179329226558,4000000.0
104124,2019,24,1771,10,3,3,0,Michail Antonio,1990-03-28,Centre-Forward,Attack,right,180.0,30.258726899383984,9500000.0
105470,2019,29,2545,0,1,0,1,Alisson,1992-10-02,Goalkeeper,Goalkeeper,right,193.0,27.742642026009584,72000000.0
108354,2019,37,3162,9,2,6,0,Jordan Ayew,1991-09-11,Centre-Forward,Attack,right,182.0,28.802190280629706,6500000.0
108725,2019,32,2446,14,1,1,0,Chris Wood,1991-12-07,Centre-Forward,Attack,right,191.0,28.56399726214921,14500000.0
109751,2019,26,1383,1,2,0,0,Onel Hernández,1993-02-01,Left Winger,Attack,right,172.0,27.408624229979466,3200000.0
110867,2019,1,8,0,0,0,0,Jed Steer,1992-09-23,Goalkeeper,Goalkeeper,left,183.0,27.76728268309377,1200000.0
111051,2019,7,291,0,0,0,0,Nampalys Mendy,1992-06-23,Defensive Midfield,Midfield,right,168.0,28.019164955509925,5500000.0
111114,2019,8,562,0,0,0,0,Kevin Long,1990-08-18,Centre-Back,Defender,right,188.0,29.867214236824093,1600000.0
111455,2019,31,2591,1,2,10,0,Granit Xhaka,1992-09-27,Defensive Midfield,Midfield,left,183.0,27.756331279945243,24000000.0
111630,2019,25,1211,2,2,3,0,Erik Lamela,1992-03-04,Right Winger,Attack,left,184.0,28.32306639288159,16000000.0
111873,2019,9,770,0,0,2,0,Emiliano Martínez,1992-09-02,Goalkeeper,Goalkeeper,right,195.0,27.824777549623544,2800000.0
112302,2019,28,1653,3,0,4,0,Roberto Pereyra,1991-01-07,Central Midfield,Midfield,both,182.0,29.478439425051334,9000000.0
112515,2019,18,1432,4,3,4,0,Marcos Alonso,1990-12-28,Centre-Back,Defender,left,188.0,29.505817932922657,20000000.0
112988,2019,21,1559,1,1,1,0,Cédric Soares,1991-08-31,Right-Back,Defender,right,171.0,28.83230663928816,8000000.0
117996,2019,2,135,0,0,0,0,Phil Jones,1992-02-21,Centre-Back,Defender,right,185.0,28.355920602327174,7000000.0
118534,2019,31,2556,2,0,3,0,Michael Keane,1993-01-11,Centre-Back,Defender,right,188.0,27.46611909650924,20000000.0
119164,2019,8,361,0,0,1,0,Ezequiel Schelotto,1989-05-23,Right-Back,Defender,right,187.0,31.104722792607802,1200000.0
119269,2019,19,1232,1,0,2,0,Shane Duffy,1992-01-01,Centre-Back,Defender,right,193.0,28.49555099247091,9500000.0
120565,2019,23,746,2,0,1,0,Andre Gray,1991-06-26,Centre-Forward,Attack,right,178.0,29.013004791238878,9500000.0
121324,2019,36,3189,2,0,5,0,John Egan,1992-10-20,Centre-Back,Defender,right,185.0,27.693360711841205,9500000.0
121385,2019,15,1262,0,0,4,0,Grant Hanley,1991-11-20,Centre-Back,Defender,right,188.0,28.61054072553046,2000000.0
121477,2019,29,2359,2,0,6,0,Craig Dawson,1990-05-06,Centre-Back,Defender,right,188.0,30.151950718685832,4800000.0
122153,2019,16,1205,1,4,1,0,Paul Pogba,1993-03-15,Central Midfield,Midfield,both,191.0,27.293634496919918,80000000.0
123536,2019,2,180,0,0,0,0,Simon Moore,1990-05-19,Goalkeeper,Goalkeeper,right,191.0,30.116358658453116,400000.0
123682,2019,35,2898,8,3,9,0,Callum Wilson,1992-02-27,Centre-Forward,Attack,right,180.0,28.33949349760438,24000000.0
123951,2019,31,2089,2,2,3,0,Aaron Mooy,1990-09-15,Central Midfield,Midfield,right,174.0,29.790554414784395,9500000.0
126600,2019,37,2966,1,1,5,0,Kenny McLean,1992-01-08,Central Midfield,Midfield,left,183.0,28.476386036960985,3500000.0
126664,2019,35,3036,0,7,6,0,Lucas Digne,1993-07-20,Left-Back,Defender,left,178.0,26.94592744695414,28000000.0
127032,2019,33,2706,1,5,4,0,Serge Aurier,1992-12-24,Right-Back,Defender,right,176.0,27.515400410677618,16000000.0
127108,2019,6,441,2,0,0,0,Florian Lejeune,1991-05-20,Centre-Back,Defender,right,190.0,29.114305270362767,4800000.0
127187,2019,37,3167,4,2,9,0,Abdoulaye Doucouré,1993-01-01,Attacking Midfield,Midfield,right,183.0,27.49349760438056,20000000.0
128229,2019,17,449,1,2,1,0,Robbie Brady,1992-01-14,Left Midfield,Midfield,left,176.0,28.459958932238195,4800000.0
128900,2019,22,926,0,1,1,0,Nathaniel Chalobah,1994-12-12,Defensive Midfield,Midfield,right,185.0,25.54962354551677,4800000.0
128901,2019,38,3420,0,0,5,0,Conor Coady,1993-02-25,Centre-Back,Defender,right,185.0,27.342915811088297,14500000.0
128907,2019,1,12,0,0,0,0,Ravel Morrison,1993-02-02,Attacking Midfield,Midfield,right,175.0,27.405886379192335,600000.0
128909,2019,6,505,0,0,0,0,Jack Robinson,1993-09-01,Centre-Back,Defender,left,180.0,26.82819986310746,2000000.0
128969,2019,38,3420,0,0,0,0,Mathew Ryan,1992-04-08,Goalkeeper,Goalkeeper,right,184.0,28.227241615331966,8000000.0
129078,2019,32,2769,4,4,2,0,Nathan Redmond,1994-03-06,Right Winger,Attack,right,173.0,26.31895961670089,16000000.0
129476,2019,28,2106,4,5,3,0,Gerard Deulofeu,1994-03-13,Centre-Forward,Attack,right,177.0,26.299794661190965,20000000.0
129588,2019,27,1133,1,2,2,0,Dennis Praet,1994-05-14,Central Midfield,Midfield,right,181.0,26.130047912388775,19000000.0
130164,2019,38,3420,0,0,2,0,Jordan Pickford,1994-03-07,Goalkeeper,Goalkeeper,left,185.0,26.316221765913756,28000000.0
130765,2019,30,1717,5,3,4,0,Stuart Armstrong,1992-03-30,Central Midfield,Midfield,right,183.0,28.251882272416154,6500000.0
131789,2019,38,3004,9,8,0,0,Roberto Firmino,1991-10-02,Centre-Forward,Attack,right,181.0,28.744695414099933,72000000.0
131978,2019,21,1104,1,4,0,0,Ross Barkley,1993-12-05,Central Midfield,Midfield,right,189.0,26.56810403832991,21500000.0
132098,2019,29,2590,18,2,4,0,Harry Kane,1993-07-28,Centre-Forward,Attack,right,188.0,26.924024640657084,120000000.0
134270,2019,34,2881,0,0,5,0,Dan Burn,1992-05-09,Centre-Back,Defender,left,201.0,28.142368240930868,4000000.0
134294,2019,38,2814,22,2,3,0,Danny Ings,1992-07-23,Centre-Forward,Attack,right,177.0,27.93702943189596,17500000.0
134425,2019,33,2660,20,4,5,0,Raheem Sterling,1994-12-08,Right Winger,Attack,right,170.0,25.560574948665298,128000000.0
135343,2019,22,1672,2,0,5,0,Fabian Schär,1991-12-20,Centre-Back,Defender,right,186.0,28.528405201916495,13000000.0
135853,2019,24,1378,0,3,1,0,Manuel Lanzini,1993-02-15,Attacking Midfield,Midfield,right,170.0,27.370294318959616,16000000.0
139208,2019,38,3420,5,1,1,0,Virgil van Dijk,1991-07-08,Centre-Back,Defender,right,195.0,28.980150581793293,80000000.0
140191,2019,27,2237,0,3,7,0,Ryan Fredericks,1992-10-10,Right-Back,Defender,right,181.0,27.720739219712527,4000000.0
140579,2019,21,636,1,0,0,1,Josip Drmic,1992-08-08,Centre-Forward,Attack,right,184.0,27.89322381930185,1600000.0
141660,2019,22,932,1,0,3,0,Jesse Lingard,1992-12-15,Attacking Midfield,Midfield,right,174.0,27.540041067761805,17500000.0
142310,2019,22,1980,0,1,3,0,Willy Boly,1991-02-03,Centre-Back,Defender,right,195.0,29.404517453798768,14500000.0
143424,2019,30,1493,4,1,1,0,Alex Oxlade-Chamberlain,1993-08-15,Central Midfield,Midfield,right,180.0,26.874743326488705,28000000.0
144028,2019,31,2013,5,3,0,0,Leandro Trossard,1994-12-04,Left Winger,Attack,right,172.0,25.571526351813826,13000000.0
145988,2019,38,3280,4,4,5,0,Wilfried Zaha,1992-11-10,Left Winger,Attack,right,180.0,27.63586584531143,44000000.0
146164,2019,17,650,0,0,1,0,Max Meyer,1995-09-18,Attacking Midfield,Midfield,right,173.0,24.78302532511978,8000000.0
146258,2019,19,1501,2,2,0,0,Jetro Willems,1994-03-30,Centre-Back,Defender,left,177.0,26.253251197809718,5500000.0
146690,2019,38,3420,2,4,7,0,George Baldock,1993-03-09,Right-Back,Defender,right,178.0,27.310061601642712,4800000.0
146795,2019,28,2063,1,4,2,0,Ryan Fraser,1994-02-24,Left Winger,Attack,right,163.0,26.34633812457221,17500000.0
148153,2019,36,3231,3,3,9,0,Lewis Dunk,1991-11-21,Centre-Back,Defender,right,192.0,28.607802874743328,16000000.0
148262,2019,24,1935,2,2,8,0,Jeff Hendrick,1992-01-31,Central Midfield,Midfield,right,185.0,28.413415468856947,9000000.0
148368,2019,28,705,4,3,1,0,Divock Origi,1995-04-18,Centre-Forward,Attack,right,189.0,25.201916495550993,16000000.0
148455,2019,34,2888,19,10,1,0,Mohamed Salah,1992-06-15,Right Winger,Attack,left,175.0,28.041067761806982,120000000.0
156941,2019,34,2456,5,3,5,0,John Lundstram,1994-02-18,Defensive Midfield,Midfield,right,181.0,26.362765229295004,8000000.0
157495,2019,19,1496,0,2,3,0,Benjamin Mendy,1994-07-17,Left-Back,Defender,left,185.0,25.95482546201232,28000000.0
157506,2019,17,1035,3,2,2,0,Jeffrey Schlupp,1992-12-23,Left Midfield,Midfield,left,178.0,27.51813826146475,9500000.0
157509,2019,28,2343,0,0,6,0,Kurt Zouma,1994-10-27,Centre-Back,Defender,right,190.0,25.675564681724847,28000000.0
158703,2019,2,6,0,0,0,0,Kieron Freeman,1992-03-21,Right-Back,Defender,right,178.0,28.27652292950034,1200000.0
159239,2019,8,41,1,0,0,0,Dennis Srbeny,1994-05-05,Centre-Forward,Attack,right,190.0,26.154688569472963,800000.0
159372,2019,25,1505,1,4,1,0,Felipe Anderson,1993-04-15,Left Winger,Attack,right,175.0,27.208761122518823,32000000.0
161869,2019,25,1821,0,4,3,0,Djibril Sidibé,1992-07-29,Right-Back,Defender,right,183.0,27.920602327173167,9500000.0
162029,2019,21,1599,0,1,5,0,Javier Manquillo,1994-05-05,Right-Back,Defender,right,178.0,26.154688569472963,4000000.0
163744,2019,28,2453,1,3,4,1,Jack Stephens,1994-01-27,Centre-Back,Defender,right,185.0,26.42299794661191,5500000.0
165793,2019,10,242,0,0,0,0,Takumi Minamino,1995-01-16,Left Winger,Attack,right,172.0,25.453798767967147,10000000.0
166240,2019,2,86,0,0,0,0,Jürgen Locadia,1993-11-07,Centre-Forward,Attack,right,193.0,26.64476386036961,8000000.0
167799,2019,33,2750,0,1,5,0,Pierre-Emile Højbjerg,1995-08-05,Defensive Midfield,Midfield,right,185.0,24.903490759753595,12000000.0
168157,2019,38,2794,4,0,5,0,Leander Dendoncker,1995-04-15,Defensive Midfield,Midfield,right,188.0,25.21013004791239,22500000.0
170321,2019,16,1229,0,0,2,0,Paul Dummett,1991-09-26,Centre-Back,Defender,left,183.0,28.761122518822724,5500000.0
170472,2019,3,58,0,0,0,0,Dimitri Foulquier,1993-03-23,Right-Back,Defender,right,183.0,27.27173169062286,2000000.0
171424,2019,33,1941,11,12,0,0,Riyad Mahrez,1991-02-21,Right Winger,Attack,left,179.0,29.35523613963039,48000000.0
171679,2019,36,2841,4,4,1,0,Matt Doherty,1992-01-16,Right-Back,Defender,right,185.0,28.45448323066393,16000000.0
173504,2019,38,3420,2,2,10,0,James Tarkowski,1992-11-19,Centre-Back,Defender,right,185.0,27.61122518822724,20000000.0
175169,2019,27,1279,3,2,2,0,Bernard,1992-09-08,Left Winger,Attack,right,167.0,27.808350444900753,16000000.0
175446,2019,35,2892,2,2,4,0,Jonny Otto,1994-03-03,Right-Back,Defender,both,175.0,26.327173169062284,16000000.0
175722,2019,19,1341,0,2,5,0,Eric Dier,1994-01-15,Centre-Back,Defender,right,191.0,26.455852156057496,20000000.0
176553,2019,15,1104,1,0,1,0,Aymeric Laporte,1994-05-27,Centre-Back,Defender,left,191.0,26.094455852156056,60000000.0
176591,2019,10,332,0,1,0,0,Jota Peleteiro,1991-06-16,Right Winger,Attack,left,178.0,29.0403832991102,3500000.0
177065,2019,3,72,1,0,0,1,Florin Andone,1993-04-11,Centre-Forward,Attack,right,181.0,27.21971252566735,3200000.0
177476,2019,29,2505,2,2,2,0,Nathan Aké,1995-02-18,Centre-Back,Defender,left,180.0,25.363449691991786,28000000.0
177907,2019,38,3420,1,1,6,0,Harry Maguire,1993-03-05,Centre-Back,Defender,right,194.0,27.32101300479124,56000000.0
179184,2019,16,224,1,1,0,0,Michy Batshuayi,1993-10-02,Centre-Forward,Attack,right,185.0,26.743326488706366,17500000.0
181375,2019,32,2263,7,2,1,0,Sébastien Haller,1994-06-22,Centre-Forward,Attack,right,190.0,26.023271731690624,36000000.0
181380,2019,17,932,0,1,6,0,Arthur Masuaku,1993-11-07,Left-Back,Defender,left,179.0,26.64476386036961,6500000.0
181579,2019,38,3420,5,3,9,0,James Ward-Prowse,1994-11-01,Central Midfield,Midfield,right,177.0,25.661875427789184,14500000.0
181778,2019,15,1025,0,0,3,0,Emerson,1994-08-03,Left-Back,Defender,left,176.0,25.908281998631075,24000000.0
182201,2019,14,946,1,0,1,0,Ally Samatta,1992-12-23,Centre-Forward,Attack,right,183.0,27.51813826146475,9500000.0
182712,2019,17,1205,0,0,4,0,João Cancelo,1994-05-27,Right-Back,Defender,right,182.0,26.094455852156056,36000000.0
182877,2019,32,2640,17,7,1,0,Anthony Martial,1995-12-05,Centre-Forward,Attack,right,184.0,24.569472963723477,48000000.0
182894,2019,2,135,0,0,0,0,Jean-Philippe Gbamin,1995-09-25,Centre-Back,Defender,right,186.0,24.763860369609855,22500000.0
183288,2019,24,1735,0,0,7,0,Luke Shaw,1995-07-12,Left-Back,Defender,left,178.0,24.969199178644764,17500000.0
183299,2019,16,676,1,2,1,0,Callum Robinson,1995-02-02,Centre-Forward,Attack,right,178.0,25.4072553045859,5500000.0
183318,2019,24,2079,1,0,5,0,Jamaal Lascelles,1993-11-11,Centre-Back,Defender,right,188.0,26.633812457221083,14500000.0
183720,2019,34,2064,4,4,3,0,Anwar El Ghazi,1995-05-03,Right Winger,Attack,right,189.0,25.16084873374401,8000000.0
184528,2019,17,1019,0,1,0,0,Emil Krafth,1994-08-02,Right-Back,Defender,right,184.0,25.911019849418206,4000000.0
184573,2019,35,3093,1,0,6,0,Victor Lindelöf,1994-07-17,Centre-Back,Defender,right,187.0,25.95482546201232,28000000.0
186368,2019,13,474,1,0,0,1,Valentino Lazaro,1996-03-24,Right Midfield,Midfield,right,181.0,24.268309377138944,15000000.0
186590,2019,16,1118,0,0,0,0,John Stones,1994-05-28,Centre-Back,Defender,right,188.0,26.091718001368925,36000000.0
186997,2019,19,741,0,3,2,0,Christian Atsu,1992-01-10,Left Winger,Attack,left,165.0,28.470910335386723,4800000.0
191217,2019,15,1159,1,0,2,0,Héctor Bellerín,1995-03-19,Right-Back,Defender,right,178.0,25.284052019164957,32000000.0
191614,2019,29,2159,0,0,8,0,Fred,1993-03-05,Central Midfield,Midfield,both,170.0,27.32101300479124,17500000.0
192080,2019,38,3420,0,0,1,0,Nick Pope,1992-04-19,Goalkeeper,Goalkeeper,right,198.0,28.197125256673512,9500000.0
192279,2019,33,2970,0,0,0,0,Kepa Arrizabalaga,1994-10-03,Goalkeeper,Goalkeeper,right,188.0,25.741273100616016,32000000.0
192565,2019,1,11,0,0,0,0,Leroy Sané,1996-01-11,Right Winger,Attack,left,183.0,24.468172484599588,80000000.0
192765,2019,18,1432,0,0,6,0,Ben Davies,1993-04-24,Centre-Back,Defender,left,181.0,27.184120465434635,17500000.0
193116,2019,28,2317,3,3,3,0,John McGinn,1994-10-18,Central Midfield,Midfield,left,178.0,25.700205338809035,16000000.0
193469,2019,17,1447,1,0,1,0,Björn Engels,1994-09-15,Centre-Back,Defender,right,195.0,25.790554414784395,9500000.0
195488,2019,18,1612,0,0,1,0,Paulo Gazzaniga,1992-01-02,Goalkeeper,Goalkeeper,right,195.0,28.49281314168378,2800000.0
195633,2019,24,1946,0,1,3,0,Charlie Taylor,1993-09-18,Left-Back,Defender,left,183.0,26.781656399726216,4000000.0
195652,2019,2,47,0,0,0,0,Jordon Ibe,1995-12-08,Right Winger,Attack,right,176.0,24.56125941136208,4800000.0
195906,2019,9,132,0,0,0,0,Albian Ajeti,1997-02-26,Centre-Forward,Attack,right,181.0,23.340177960301162,4800000.0
196522,2019,20,848,4,2,2,0,Dwight Gayle,1989-10-17,Centre-Forward,Attack,right,174.0,30.702258726899384,9500000.0
196948,2019,21,1752,0,0,5,0,Andreas Christensen,1996-04-10,Centre-Back,Defender,right,189.0,24.2217659137577,24000000.0
197838,2019,35,3034,23,5,3,0,Jamie Vardy,1987-01-11,Centre-Forward,Attack,right,179.0,33.46748802190281,16000000.0
200512,2019,35,2755,18,9,3,0,Sadio Mané,1992-04-10,Left Winger,Attack,right,175.0,28.2217659137577,120000000.0
201574,2019,10,900,0,0,0,0,Angus Gunn,1996-01-22,Goalkeeper,Goalkeeper,right,196.0,24.438056125941138,6500000.0
202886,2019,7,205,0,1,0,0,Ruben Loftus-Cheek,1996-01-23,Central Midfield,Midfield,right,191.0,24.435318275154003,24000000.0
203394,2019,25,1489,1,3,3,0,Andreas Pereira,1996-01-01,Central Midfield,Midfield,right,178.0,24.49555099247091,16000000.0
203460,2019,36,3234,8,6,8,0,Jack Grealish,1995-09-10,Left Winger,Attack,right,180.0,24.804928131416837,30500000.0
203853,2019,19,1273,0,0,2,0,Oleksandr Zinchenko,1996-12-15,Left-Back,Defender,left,175.0,23.540041067761805,24000000.0
204103,2019,37,2606,4,9,1,0,Adama Traoré,1996-01-25,Right Winger,Attack,right,178.0,24.42984257357974,25500000.0
204198,2019,33,2706,2,1,12,0,Romain Saïss,1990-03-26,Centre-Back,Defender,left,188.0,30.26420260095825,4000000.0
205503,2019,11,756,0,0,1,0,Ibrahim Amadou,1993-04-06,Defensive Midfield,Midfield,right,183.0,27.23340177960301,5500000.0
206040,2019,38,3252,17,6,3,0,Raúl Jiménez,1991-05-05,Centre-Forward,Attack,right,188.0,29.155373032169745,40000000.0
206225,2019,29,2226,1,2,3,1,Isaac Hayden,1995-03-22,Defensive Midfield,Midfield,right,187.0,25.27583846680356,8000000.0
207014,2019,30,2262,1,1,9,0,Will Hughes,1995-04-17,Central Midfield,Midfield,left,185.0,25.204654346338124,14500000.0
207929,2019,25,1852,8,4,2,0,Dele Alli,1996-04-11,Attacking Midfield,Midfield,right,188.0,24.21902806297057,64000000.0
209212,2019,19,1146,0,1,2,0,Solly March,1994-07-20,Right Winger,Attack,left,180.0,25.946611909650922,6500000.0
209781,2019,3,19,0,0,0,0,Oumar Niasse,1990-04-18,Centre-Forward,Attack,right,182.0,30.20123203285421,3200000.0
212829,2019,33,2915,0,1,4,0,Jack O'Connell,1994-03-29,Centre-Back,Defender,left,190.0,26.255989048596852,9500000.0
212847,2019,31,2670,3,1,4,0,Adam Webster,1995-01-04,Centre-Back,Defender,right,190.0,25.48665297741273,12000000.0
213268,2019,10,308,2,0,0,0,Alireza Jahanbakhsh,1993-08-11,Right Winger,Attack,right,180.0,26.885694729637233,6500000.0
215118,2019,14,1103,1,1,5,0,Calum Chambers,1995-01-20,Centre-Back,Defender,right,182.0,25.44284736481862,14500000.0
215679,2019,1,2,0,0,0,0,Georges-Kevin N'Koudou,1995-02-13,Left Winger,Attack,right,172.0,25.377138945927445,3500000.0
215876,2019,28,2520,3,2,1,0,Ricardo Pereira,1993-10-06,Right-Back,Defender,right,175.0,26.732375085557837,32000000.0
217115,2019,37,2771,10,3,2,0,Neal Maupay,1996-08-14,Centre-Forward,Attack,right,171.0,23.876796714579054,17500000.0
218087,2019,13,591,0,0,0,0,Ben Osborn,1994-08-05,Central Midfield,Midfield,left,176.0,25.90280629705681,2000000.0
221025,2019,19,1460,0,1,6,0,André Gomes,1993-07-30,Central Midfield,Midfield,right,190.0,26.91854893908282,22500000.0
225083,2019,22,1733,3,0,4,0,N'Golo Kanté,1991-03-29,Defensive Midfield,Midfield,right,168.0,29.256673511293634,80000000.0
225161,2019,38,3060,2,2,9,0,Rúben Neves,1997-03-13,Defensive Midfield,Midfield,right,183.0,23.299110198494184,40000000.0
225452,2019,3,24,0,0,0,0,Patrick Roberts,1997-02-05,Right Winger,Attack,left,167.0,23.397672826830938,2800000.0
225693,2019,28,2074,2,3,6,0,Fabinho,1993-10-23,Defensive Midfield,Midfield,right,188.0,26.68583162217659,56000000.0
230541,2019,8,207,0,0,0,0,Yoshinori Muto,1992-07-15,Centre-Forward,Attack,right,179.0,27.958932238193018,5500000.0
232271,2019,20,760,0,2,2,0,Sofiane Boufal,1993-09-17,Attacking Midfield,Midfield,right,175.0,26.784394250513348,8000000.0
232418,2019,10,729,0,0,0,0,Ondrej Duda,1994-12-05,Central Midfield,Midfield,right,180.0,25.568788501026695,10500000.0
233124,2019,18,1544,1,0,3,0,Kortney Hause,1995-07-16,Centre-Back,Defender,left,191.0,24.958247775496236,6500000.0
234189,2019,34,1951,6,2,4,0,Trezeguet,1994-10-01,Left Winger,Attack,right,181.0,25.746748802190282,8000000.0
234803,2019,36,3114,2,12,2,0,Andrew Robertson,1994-03-11,Left-Back,Defender,left,178.0,26.305270362765228,64000000.0
236953,2019,17,1294,0,0,4,0,Sam Byram,1993-09-16,Left-Back,Defender,right,183.0,26.78713210130048,2800000.0
238223,2019,35,3072,0,0,3,1,Ederson,1993-08-17,Goalkeeper,Goalkeeper,left,188.0,26.869267624914443,56000000.0
240306,2019,14,1193,8,7,2,0,Bruno Fernandes,1994-09-08,Attacking Midfield,Midfield,right,183.0,25.809719370294317,48000000.0
241481,2019,17,763,0,0,0,0,Jaïro Riedewald,1996-09-09,Defensive Midfield,Midfield,left,182.0,23.805612594113622,3200000.0
241641,2019,34,2029,6,7,5,0,Bernardo Silva,1994-08-10,Attacking Midfield,Midfield,left,173.0,25.88911704312115,80000000.0
242631,2019,25,1601,1,0,0,0,Alex Iwobi,1996-05-03,Left Winger,Attack,right,183.0,24.15879534565366,25500000.0
243028,2019,34,3058,1,1,4,0,Jan Bednarek,1996-04-12,Centre-Back,Defender,right,189.0,24.216290212183434,12000000.0
245537,2019,12,749,0,0,2,0,Nabil Bentaleb,1994-11-24,Defensive Midfield,Midfield,left,189.0,25.598904859685145,4000000.0
246968,2019,33,2019,8,4,0,0,Ayoze Pérez,1993-07-29,Centre-Forward,Attack,right,178.0,26.921286789869953,24000000.0
249089,2019,27,1345,0,0,5,0,Lewis Cook,1997-02-03,Central Midfield,Midfield,right,175.0,23.4031485284052,16000000.0
249126,2019,31,2230,0,0,9,0,Harry Winks,1996-02-02,Defensive Midfield,Midfield,right,178.0,24.407939767282684,32000000.0
249356,2019,19,1550,0,2,2,0,Jack Stacey,1996-04-06,Right-Back,Defender,right,180.0,24.23271731690623,3200000.0
249513,2019,27,2335,0,4,6,0,Diego Rico,1993-02-23,Left-Back,Defender,left,183.0,27.34839151266256,8000000.0
249565,2019,37,2834,3,6,2,0,Youri Tielemans,1997-05-07,Central Midfield,Midfield,right,176.0,23.148528405201915,44000000.0
250478,2019,28,2295,1,2,4,0,Matt Targett,1995-09-18,Left-Back,Defender,left,183.0,24.78302532511978,10500000.0
251896,2019,2,162,0,0,1,0,Jesús Vallejo,1997-01-05,Centre-Back,Defender,right,184.0,23.482546201232033,6000000.0
252755,2019,5,106,0,0,0,0,Richairo Zivkovic,1996-09-05,Centre-Forward,Attack,right,187.0,23.81656399726215,650000.0
253341,2019,8,581,0,0,1,0,Rob Holding,1995-09-20,Centre-Back,Defender,right,189.0,24.777549623545518,9500000.0
253677,2019,33,2903,2,2,7,0,Tyrone Mings,1993-03-13,Centre-Back,Defender,left,196.0,27.299110198494184,22500000.0
255916,2019,16,936,1,0,3,0,DeAndre Yedlin,1993-07-09,Right-Back,Defender,right,173.0,26.976043805612594,6500000.0
256178,2019,28,1999,0,0,7,0,Joe Gomez,1997-05-23,Centre-Back,Defender,right,188.0,23.104722792607802,33500000.0
256977,2019,9,288,1,1,0,0,Daniel Podence,1995-10-21,Left Winger,Attack,right,170.0,24.692676249144423,12000000.0
258889,2019,32,1644,3,1,1,0,Dominic Solanke,1997-09-14,Centre-Forward,Attack,right,186.0,22.792607802874745,12000000.0
258919,2019,36,3240,0,0,2,0,Dean Henderson,1997-03-12,Goalkeeper,Goalkeeper,right,188.0,23.301848049281315,14500000.0
258923,2019,31,2655,17,9,3,0,Marcus Rashford,1997-10-31,Left Winger,Attack,right,185.0,22.663928815879533,64000000.0
262980,2019,33,2709,1,2,13,0,Jefferson Lerma,1994-10-25,Defensive Midfield,Midfield,right,180.0,25.68104038329911,20000000.0
263236,2019,6,276,0,1,2,0,Kevin Danso,1998-09-19,Centre-Back,Defender,right,190.0,21.779603011635867,6300000.0
263856,2019,1,5,0,0,0,0,Víctor Camarasa,1994-05-28,Central Midfield,Midfield,right,183.0,26.091718001368925,4000000.0
265078,2019,12,295,2,0,0,0,Patrick Cutrone,1998-01-03,Centre-Forward,Attack,right,183.0,22.48870636550308,15500000.0
272622,2019,32,2766,3,1,8,0,Issa Diop,1997-01-09,Centre-Back,Defender,right,194.0,23.471594798083505,28000000.0
272642,2019,26,1874,3,5,0,0,Allan Saint-Maximin,1997-03-12,Left Winger,Attack,right,173.0,23.301848049281315,20000000.0
272999,2019,36,3034,4,2,5,0,Miguel Almirón,1994-02-10,Right Winger,Attack,left,178.0,26.38466803559206,16000000.0
274839,2019,32,2674,2,1,6,0,Wilfred Ndidi,1996-12-16,Defensive Midfield,Midfield,right,183.0,23.537303216974674,36000000.0
277033,2019,9,511,1,0,1,0,David Brooks,1997-07-08,Right Winger,Attack,left,173.0,22.978781656399725,24000000.0
277179,2019,6,422,0,0,1,0,Angeliño,1997-01-04,Left-Back,Defender,left,171.0,23.485284052019164,17500000.0
279455,2019,31,1664,7,0,2,0,Harry Wilson,1997-03-22,Right Winger,Attack,left,173.0,23.274469541409992,17500000.0
283528,2019,7,67,0,0,1,0,Ignacio Pussetto,1995-12-21,Centre-Forward,Attack,right,180.0,24.525667351129364,6500000.0
283628,2019,13,1041,3,0,0,0,Tomáš Souček,1995-02-27,Defensive Midfield,Midfield,right,192.0,25.338809034907598,12000000.0
284165,2019,14,703,3,1,2,0,Steven Bergwijn,1997-10-08,Left Winger,Attack,right,171.0,22.72689938398357,28000000.0
285548,2019,17,1176,1,0,2,0,Fabián Balbuena,1991-08-23,Centre-Back,Defender,right,188.0,28.854209445585216,9500000.0
285845,2019,20,1383,0,2,6,0,Ainsley Maitland-Niles,1997-08-29,Right-Back,Defender,right,180.0,22.836413415468858,14500000.0
286384,2019,4,148,0,0,0,0,Eric Bailly,1994-04-12,Centre-Back,Defender,right,187.0,26.217659137577,17500000.0
286949,2019,26,1818,1,0,3,0,Adam Masina,1994-01-02,Centre-Back,Defender,left,191.0,26.491444216290212,5500000.0
289446,2019,29,2282,2,1,3,0,Yerry Mina,1994-09-23,Centre-Back,Defender,right,195.0,25.76865160848734,20000000.0
291422,2019,30,1233,6,4,1,0,Lys Mousset,1996-02-08,Centre-Forward,Attack,right,186.0,24.39151266255989,9500000.0
292417,2019,21,608,2,3,1,0,Demarai Gray,1996-06-28,Left Winger,Attack,right,183.0,24.005475701574266,14500000.0
293569,2019,10,806,0,0,2,0,Josh Brownhill,1995-12-19,Central Midfield,Midfield,right,179.0,24.531143052703626,5500000.0
294057,2019,31,2629,6,3,4,0,James Maddison,1996-11-23,Attacking Midfield,Midfield,right,175.0,23.600273785078713,48000000.0
295330,2019,20,961,5,4,1,0,Kelechi Iheanacho,1996-10-03,Centre-Forward,Attack,left,185.0,23.73990417522245,12000000.0
295331,2019,5,65,0,0,1,0,Isaac Success,1996-01-07,Centre-Forward,Attack,right,182.0,24.479123887748116,3200000.0
298477,2019,36,2119,6,0,4,0,Oli McBurnie,1996-06-04,Centre-Forward,Attack,right,188.0,24.071184120465436,8000000.0
300716,2019,15,992,1,1,2,0,Kieran Tierney,1997-06-05,Left-Back,Defender,left,180.0,23.069130732375086,20000000.0
302215,2019,18,813,2,3,1,0,Naby Keïta,1995-02-10,Central Midfield,Midfield,right,172.0,25.385352498288842,33500000.0
303254,2019,15,1293,1,0,3,0,Fikayo Tomori,1997-12-19,Centre-Back,Defender,right,185.0,22.529774127310063,16000000.0
306024,2019,36,2630,13,1,9,0,Dominic Calvert-Lewin,1997-03-16,Centre-Forward,Attack,right,189.0,23.290896646132786,24000000.0
314210,2019,30,2026,1,0,8,0,Tom Davies,1998-06-30,Central Midfield,Midfield,right,180.0,22.001368925393567,16000000.0
314353,2019,38,3176,4,13,5,0,Trent Alexander-Arnold,1998-10-07,Right-Back,Defender,right,180.0,21.730321697467488,99000000.0
314875,2019,13,921,1,4,0,0,Jarrod Bowen,1996-12-20,Right Winger,Attack,left,176.0,23.526351813826146,16000000.0
315131,2019,3,136,0,0,1,0,Timothy Fosu-Mensah,1998-01-02,Right-Back,Defender,right,185.0,22.491444216290212,6300000.0
315779,2019,25,1727,9,6,0,0,Christian Pulisic,1998-09-18,Right Winger,Attack,right,177.0,21.782340862423,54000000.0
315969,2019,27,1771,4,1,2,0,Scott McTominay,1996-12-08,Central Midfield,Midfield,right,193.0,23.55920602327173,22500000.0
316125,2019,27,2375,3,3,3,0,Ben Chilwell,1996-12-21,Left-Back,Defender,left,180.0,23.523613963039015,40000000.0
318077,2019,29,1508,1,1,7,0,Lucas Torreira,1996-02-11,Defensive Midfield,Midfield,right,166.0,24.383299110198493,36000000.0
319301,2019,33,2291,3,6,4,0,Daniel James,1997-11-10,Right Winger,Attack,right,171.0,22.636550308008214,22500000.0
319745,2019,24,1700,0,2,1,0,Dani Ceballos,1996-08-07,Central Midfield,Midfield,right,179.0,23.89596167008898,32000000.0
320141,2019,34,3037,1,1,4,1,Çağlar Söyüncü,1996-05-23,Centre-Back,Defender,both,185.0,24.10403832991102,32000000.0
320411,2019,34,2533,1,1,8,0,Philip Billing,1996-06-11,Central Midfield,Midfield,left,193.0,24.05201916495551,14500000.0
321247,2019,36,2463,1,7,6,1,Emiliano Buendía,1996-12-25,Left Winger,Attack,right,172.0,23.512662559890487,14500000.0
324882,2019,29,1835,0,0,5,0,Marvelous Nakamba,1994-01-19,Defensive Midfield,Midfield,left,177.0,26.444900752908968,8000000.0
331726,2019,34,2222,15,4,2,0,Tammy Abraham,1997-10-02,Centre-Forward,Attack,right,194.0,22.743326488706366,40000000.0
332341,2019,37,2501,6,2,6,0,Todd Cantwell,1998-02-27,Attacking Midfield,Midfield,right,180.0,22.338124572210816,20000000.0
333014,2019,14,949,1,1,0,0,Sander Berge,1998-02-14,Defensive Midfield,Midfield,right,195.0,22.373716632443532,20000000.0
333241,2019,38,2698,2,2,6,0,Joelinton,1996-08-14,Central Midfield,Midfield,right,186.0,23.876796714579054,20000000.0
337800,2019,7,62,0,0,0,0,Gedson Fernandes,1999-01-09,Central Midfield,Midfield,right,183.0,21.472963723477072,13500000.0
340324,2019,13,633,2,0,0,1,Eddie Nketiah,1999-05-30,Centre-Forward,Attack,right,175.0,21.086926762491444,11000000.0
340325,2019,17,627,1,0,1,0,Reiss Nelson,1999-12-10,Left Winger,Attack,right,175.0,20.555783709787818,12500000.0
340329,2019,29,842,1,1,2,0,Joe Willock,1999-08-20,Central Midfield,Midfield,right,186.0,20.862422997946613,16000000.0
340950,2019,34,2298,7,1,4,0,Diogo Jota,1996-12-04,Left Winger,Attack,right,178.0,23.57015742642026,28000000.0
341051,2019,13,946,0,0,1,0,Kyle Walker-Peters,1997-04-13,Right-Back,Defender,right,173.0,23.21423682409309,8000000.0
341429,2019,29,2431,0,0,6,0,Davinson Sánchez,1996-06-12,Centre-Back,Defender,right,188.0,24.04928131416838,48000000.0
341501,2019,20,889,1,1,4,0,Hamza Choudhury,1997-10-01,Defensive Midfield,Midfield,right,178.0,22.746064339493497,8000000.0
342046,2019,5,187,0,0,0,0,Axel Tuanzebe,1997-11-14,Centre-Back,Defender,right,188.0,22.625598904859686,8000000.0
343475,2019,30,2646,0,0,3,1,Ben Godfrey,1998-01-15,Centre-Back,Defender,right,184.0,22.455852156057496,11500000.0
344830,2019,3,34,0,0,0,0,Tahith Chong,1999-12-04,Attacking Midfield,Midfield,left,185.0,20.57221081451061,6300000.0
346018,2019,28,2305,1,0,4,0,Jamal Lewis,1998-01-25,Left-Back,Defender,left,178.0,22.428473648186174,11000000.0
346478,2019,6,526,0,0,1,0,Japhet Tanganga,1999-03-31,Centre-Back,Defender,right,184.0,21.251197809719372,7200000.0
346483,2019,37,2875,7,6,3,0,Mason Mount,1999-01-10,Attacking Midfield,Midfield,right,181.0,21.470225872689937,40500000.0
346707,2019,23,1373,1,1,2,1,Sean Longstaff,1997-10-30,Central Midfield,Midfield,right,187.0,22.666666666666668,17500000.0
346779,2019,30,1106,4,3,0,0,Ché Adams,1996-07-13,Centre-Forward,Attack,right,175.0,23.964407939767284,9500000.0
348623,2019,27,2054,0,3,5,0,Mason Holgate,1996-10-22,Centre-Back,Defender,right,187.0,23.68788501026694,13500000.0
348795,2019,28,1487,0,2,6,0,Giovani Lo Celso,1996-04-09,Attacking Midfield,Midfield,left,177.0,24.22450376454483,40000000.0
354352,2019,25,2041,0,2,7,0,Frédéric Guilbert,1994-12-24,Right-Back,Defender,right,178.0,25.516769336071185,7000000.0
355861,2019,14,628,0,0,0,0,Arnaut Danjuma,1997-01-31,Left Winger,Attack,right,178.0,23.411362080766597,9500000.0
357147,2019,4,66,0,0,0,0,Diogo Dalot,1999-03-18,Right-Back,Defender,right,184.0,21.286789869952088,18000000.0
357158,2019,16,645,0,0,1,0,Rúben Vinagre,1999-04-09,Left Midfield,Midfield,left,174.0,21.22655715263518,9000000.0
357565,2019,35,2486,3,2,8,0,Rodri,1996-06-22,Defensive Midfield,Midfield,right,190.0,24.021902806297057,64000000.0
357658,2019,1,90,0,0,0,0,Mark Travers,1999-05-18,Goalkeeper,Goalkeeper,right,191.0,21.11978097193703,250000.0
357662,2019,38,3420,1,3,6,0,Declan Rice,1999-01-14,Central Midfield,Midfield,right,188.0,21.45927446954141,49500000.0
357885,2019,36,2179,2,5,3,0,Pablo Fornals,1996-02-22,Central Midfield,Midfield,right,178.0,24.35318275154004,16000000.0
363205,2019,34,2027,14,8,3,0,Gabriel Jesus,1997-04-03,Centre-Forward,Attack,right,175.0,23.241615331964407,56000000.0
364135,2019,29,835,2,2,1,0,Moise Kean,2000-02-28,Centre-Forward,Attack,right,183.0,20.33675564681725,25000000.0
364258,2019,14,678,0,0,1,0,Bernardo,1995-05-14,Left-Back,Defender,left,186.0,25.130732375085557,4800000.0
378710,2019,36,3080,13,3,8,0,Richarlison,1997-05-10,Centre-Forward,Attack,right,184.0,23.140314852840522,52000000.0
381362,2019,21,1790,5,1,3,0,Wesley Moraes,1996-11-24,Centre-Forward,Attack,right,191.0,23.59753593429158,24000000.0
391719,2019,4,18,0,0,0,0,Domingos Quina,1999-11-18,Central Midfield,Midfield,right,173.0,20.61601642710472,3200000.0
392765,2019,2,97,0,0,0,0,Emile Smith Rowe,2000-07-28,Attacking Midfield,Midfield,right,182.0,19.923340177960302,2700000.0
392768,2019,22,851,1,5,1,0,Callum Hudson-Odoi,2000-11-07,Left Winger,Attack,right,178.0,19.644079397672826,31500000.0
392770,2019,2,19,0,0,0,0,Angel Gomes,2000-08-31,Attacking Midfield,Midfield,right,168.0,19.83025325119781,3600000.0
392775,2019,6,342,0,0,0,0,Ryan Sessegnon,2000-05-18,Left-Back,Defender,left,178.0,20.11772758384668,31500000.0
398065,2019,36,2090,6,8,0,0,Harvey Barnes,1997-12-09,Left Winger,Attack,right,182.0,22.55715263518138,17500000.0
398402,2019,4,25,0,0,0,0,Sam Surridge,1998-07-28,Centre-Forward,Attack,right,190.0,21.924709103353866,450000.0
406008,2019,11,784,0,0,1,0,Yan Valery,1999-02-22,Right-Back,Defender,right,185.0,21.352498288843258,6300000.0
406635,2019,23,893,5,2,0,0,Phil Foden,2000-05-28,Attacking Midfield,Midfield,left,171.0,20.09034907597536,27000000.0
406638,2019,7,74,0,0,0,0,Oliver Skipp,2000-09-16,Defensive Midfield,Midfield,right,175.0,19.786447638603697,7200000.0
410225,2019,28,2029,5,6,1,0,Ismaïla Sarr,1998-02-25,Right Winger,Attack,right,185.0,22.34360027378508,24500000.0
410425,2019,22,1262,1,0,4,0,Yves Bissouma,1996-08-30,Defensive Midfield,Midfield,right,182.0,23.83299110198494,9500000.0
412660,2019,18,538,0,0,0,0,Keinan Davis,1998-02-13,Centre-Forward,Attack,left,189.0,22.376454483230663,2300000.0
413220,2019,13,1010,0,1,1,0,James Justin,1998-02-23,Right-Back,Defender,both,183.0,22.349075975359344,3600000.0
413403,2019,25,2042,1,2,3,0,Ezri Konsa,1997-10-23,Centre-Back,Defender,right,180.0,22.68583162217659,6500000.0
415646,2019,1,6,0,0,0,0,Bruno Jordão,1998-10-12,Defensive Midfield,Midfield,right,180.0,21.71663244353183,2300000.0
419930,2019,4,238,0,0,0,0,Jack Simpson,1996-12-18,Centre-Back,Defender,left,190.0,23.531827515400412,1200000.0
420808,2019,2,9,0,0,0,0,George Hirst,1999-02-15,Centre-Forward,Attack,right,191.0,21.371663244353183,450000.0
423744,2019,6,192,0,0,0,0,Billy Gilmour,2001-06-11,Defensive Midfield,Midfield,right,170.0,19.052703627652292,5400000.0
425713,2019,1,1,0,0,0,0,Akin Famewo,1998-11-09,Centre-Back,Defender,left,188.0,21.639972621492127,25000.0
427568,2019,37,3330,0,1,0,0,Aaron Ramsdale,1998-05-14,Goalkeeper,Goalkeeper,right,190.0,22.130047912388775,12500000.0
429014,2019,7,126,0,0,0,0,Morgan Gibbs-White,2000-01-27,Attacking Midfield,Midfield,right,171.0,20.424366872005475,7200000.0
433177,2019,26,1753,1,5,6,0,Bukayo Saka,2001-09-05,Right Winger,Attack,left,178.0,18.817248459958932,20000000.0
433181,2019,1,19,0,0,0,0,Tino Anjorin,2001-11-23,Central Midfield,Midfield,right,186.0,18.600958247775495,2300000.0
433188,2019,6,122,1,0,0,0,Curtis Jones,2001-01-30,Central Midfield,Midfield,right,185.0,19.41409993155373,1800000.0
434207,2019,24,1261,3,2,0,0,Aaron Connolly,2000-01-28,Centre-Forward,Attack,right,174.0,20.421629021218344,4000000.0
434223,2019,12,220,0,0,0,0,Adam Idah,2001-02-11,Centre-Forward,Attack,right,190.0,19.381245722108144,900000.0
444208,2019,21,661,3,2,1,0,Michael Obafemi,2000-07-06,Centre-Forward,Attack,right,170.0,19.983572895277206,4500000.0
447661,2019,36,2608,3,2,8,0,Douglas Luiz,1998-05-09,Central Midfield,Midfield,right,177.0,22.143737166324435,18000000.0
450936,2019,21,1008,2,2,3,0,Tanguy Ndombélé,1996-12-28,Central Midfield,Midfield,right,181.0,23.50444900752909,52000000.0
465830,2019,24,1748,0,2,6,0,Mattéo Guendouzi,1999-04-14,Central Midfield,Midfield,right,185.0,21.21286789869952,40500000.0
466794,2019,13,790,0,0,1,0,Eric García,2001-01-09,Centre-Back,Defender,right,183.0,19.471594798083505,6300000.0
469860,2019,4,47,0,0,0,0,Indiana Vassilev,2001-02-16,Right Winger,Attack,left,175.0,19.367556468172484,250000.0
471690,2019,36,3240,0,2,7,0,Max Aarons,2000-01-04,Right-Back,Defender,right,177.0,20.487337440109513,20000000.0
472423,2019,24,1513,0,2,1,0,Reece James,1999-12-08,Right-Back,Defender,right,180.0,20.56125941136208,22500000.0
476237,2019,19,1183,0,0,1,0,Steven Alzate,1998-09-08,Central Midfield,Midfield,right,180.0,21.809719370294317,2300000.0
477758,2019,35,3072,0,4,8,0,Aaron Wan-Bissaka,1997-11-26,Right-Back,Defender,right,183.0,22.5927446954141,32000000.0
480116,2019,8,638,0,0,2,0,Lloyd Kelly,1998-10-06,Centre-Back,Defender,left,189.0,21.73305954825462,8000000.0
480763,2019,4,66,0,0,1,0,Juan Foyth,1998-01-12,Centre-Back,Defender,right,187.0,22.46406570841889,13500000.0
480987,2019,12,911,1,0,1,0,Chris Mepham,1997-11-05,Centre-Back,Defender,right,190.0,22.650239561943874,8000000.0
484387,2019,9,572,2,0,1,0,Matty Longstaff,2000-03-21,Central Midfield,Midfield,right,171.0,20.27652292950034,3600000.0
485424,2019,18,925,2,2,4,1,Moussa Djenepo,1998-06-15,Left Winger,Attack,right,177.0,22.04243668720055,11000000.0
487465,2019,29,927,3,3,3,0,Pedro Neto,2000-03-09,Right Winger,Attack,left,174.0,20.309377138945926,11500000.0
503733,2019,11,440,0,1,0,0,Anthony Gordon,2001-02-24,Left Winger,Attack,right,183.0,19.345653661875428,1300000.0
503795,2019,5,441,0,0,0,0,Jeremy Ngakia,2000-09-07,Right-Back,Defender,right,184.0,19.811088295687885,250000.0
504148,2019,9,621,0,1,2,0,Tariq Lamptey,2000-09-30,Right-Back,Defender,right,163.0,19.748117727583846,3200000.0
505219,2019,1,8,0,0,0,0,James Garner,2001-03-13,Defensive Midfield,Midfield,right,182.0,19.299110198494184,2700000.0
507700,2019,17,1006,1,1,6,0,Brandon Williams,2000-09-03,Left-Back,Defender,right,180.0,19.822039698836413,11000000.0
525247,2019,3,184,0,0,0,0,Maximilian Kilman,1997-05-23,Centre-Back,Defender,left,194.0,23.104722792607802,800000.0
532826,2019,31,1313,10,1,0,0,Mason Greenwood,2001-10-01,Right Winger,Attack,both,181.0,18.746064339493497,29000000.0
534033,2019,9,352,0,0,0,0,Alexis Mac Allister,1998-12-24,Central Midfield,Midfield,right,176.0,21.516769336071185,11000000.0
552655,2019,2,6,0,0,0,0,Troy Parrott,2002-02-04,Centre-Forward,Attack,right,185.0,18.401095140314855,3600000.0
565822,2019,2,7,0,0,0,0,Harvey Elliott,2003-04-04,Attacking Midfield,Midfield,left,170.0,17.240246406570844,3600000.0
584769,2019,38,3345,2,6,5,0,Dwight McNeil,1999-11-22,Left Winger,Attack,left,183.0,20.605065023956193,18000000.0
626724,2019,3,22,0,0,0,0,João Pedro,2001-09-26,Centre-Forward,Attack,right,186.0,18.759753593429156,18000000.0
655488,2019,14,656,3,0,1,0,Gabriel Martinelli,2001-06-18,Left Winger,Attack,right,178.0,19.033538672142367,25000000.0
3333,2020,26,1061,0,1,3,0,James Milner,1986-01-04,Central Midfield,Midfield,right,175.0,35.48528405201917,3000000.0
6636,2020,9,702,0,0,4,0,Christian Fuchs,1986-04-07,Left-Back,Defender,left,187.0,35.23066392881588,800000.0
10003,2020,3,16,0,0,0,0,Wes Morgan,1984-01-21,Centre-Back,Defender,right,185.0,37.440109514031484,400000.0
13520,2020,10,527,0,0,1,1,Phil Jagielka,1982-08-17,Centre-Back,Defender,right,180.0,38.86926762491444,250000.0
14555,2020,1,90,0,0,0,0,Scott Carson,1985-09-03,Goalkeeper,Goalkeeper,right,188.0,35.82203969883641,300000.0
15773,2020,4,273,0,0,2,0,Phil Bardsley,1985-06-28,Right-Back,Defender,right,180.0,36.00547570157426,300000.0
16911,2020,38,3420,0,0,0,0,Kasper Schmeichel,1986-11-05,Goalkeeper,Goalkeeper,right,189.0,34.65023956194388,6000000.0
17965,2020,38,3420,0,0,0,0,Hugo Lloris,1986-12-26,Goalkeeper,Goalkeeper,left,188.0,34.510609171800134,9000000.0
19948,2020,1,90,0,0,0,0,Willy Caballero,1981-09-28,Goalkeeper,Goalkeeper,right,186.0,39.75359342915811,250000.0
22614,2020,11,531,0,0,2,0,Robert Snodgrass,1987-09-07,Right Winger,Attack,left,182.0,33.81245722108145,1500000.0
26267,2020,21,1184,0,2,6,0,Fernandinho,1985-05-04,Defensive Midfield,Midfield,right,179.0,36.15605749486653,2000000.0
26399,2020,12,558,4,1,0,0,Sergio Agüero,1988-06-02,Centre-Forward,Attack,right,173.0,33.07597535934291,18000000.0
27486,2020,3,270,0,0,0,0,Kiko Casilla,1986-10-02,Goalkeeper,Goalkeeper,right,190.0,34.743326488706366,800000.0
27511,2020,20,1800,1,1,3,0,Gary Cahill,1985-12-19,Centre-Back,Defender,right,193.0,35.52908966461328,1500000.0
29241,2020,23,1938,2,0,5,0,Thiago Silva,1984-09-22,Centre-Back,Defender,right,181.0,36.76933607118412,3000000.0
29364,2020,33,2534,1,1,5,0,João Moutinho,1986-09-08,Central Midfield,Midfield,right,170.0,34.809034907597535,4000000.0
29692,2020,35,3150,0,0,2,0,Lukasz Fabianski,1985-04-18,Goalkeeper,Goalkeeper,right,190.0,36.199863107460644,1500000.0
29712,2020,2,91,0,0,0,0,John Ruddy,1986-10-24,Goalkeeper,Goalkeeper,right,192.0,34.68309377138946,800000.0
31835,2020,21,706,0,0,1,0,Mark Noble,1987-05-08,Central Midfield,Midfield,right,180.0,34.14647501711157,2000000.0
33713,2020,22,1641,3,3,0,0,Theo Walcott,1989-03-16,Right Winger,Attack,both,175.0,32.290212183436005,5000000.0
35416,2020,35,2402,8,1,7,0,David McGoldrick,1987-11-29,Centre-Forward,Attack,right,184.0,33.58521560574949,1500000.0
36827,2020,13,767,0,0,2,0,Branislav Ivanovic,1984-02-22,Right-Back,Defender,right,185.0,37.35249828884326,500000.0
37304,2020,11,201,0,0,0,0,Shane Long,1987-01-22,Centre-Forward,Attack,both,180.0,34.43668720054757,1200000.0
37920,2020,3,149,0,1,0,0,Kamil Grosicki,1988-06-08,Left Winger,Attack,right,180.0,33.059548254620125,1000000.0
38094,2020,4,228,0,0,1,0,Lee Peltier,1986-12-11,Right-Back,Defender,right,178.0,34.55167693360712,400000.0
39381,2020,20,922,11,2,1,0,Gareth Bale,1989-07-16,Right Winger,Attack,left,186.0,31.956194387405887,18000000.0
40611,2020,29,2599,0,1,5,0,Ryan Bertrand,1989-08-05,Left-Back,Defender,left,179.0,31.901437371663246,8000000.0
40613,2020,16,1353,0,0,2,0,Jack Cork,1989-06-25,Defensive Midfield,Midfield,right,185.0,32.01368925393566,5000000.0
41416,2020,18,1471,0,2,3,0,James McArthur,1987-10-07,Central Midfield,Midfield,both,178.0,33.73032169746749,2000000.0
42412,2020,28,2476,2,2,6,0,Jonny Evans,1988-01-03,Centre-Back,Defender,both,188.0,33.489390828199866,7000000.0
42710,2020,25,2241,1,0,2,0,Toby Alderweireld,1989-03-02,Centre-Back,Defender,right,187.0,32.328542094455855,11000000.0
43084,2020,2,114,0,0,0,0,Gaetano Berardi,1988-08-21,Right-Back,Defender,right,179.0,32.85694729637235,300000.0
43530,2020,30,1590,1,1,0,0,Adam Lallana,1988-05-10,Attacking Midfield,Midfield,both,172.0,33.138945927446954,4000000.0
43763,2020,20,1263,0,2,1,0,Erik Pieters,1988-08-07,Centre-Back,Defender,left,183.0,32.8952772073922,1500000.0
44068,2020,9,511,1,2,0,0,Juan Mata,1988-04-28,Attacking Midfield,Midfield,left,170.0,33.17180013689254,4000000.0
44792,2020,10,810,0,0,0,1,Kieran Gibbs,1989-09-26,Left-Back,Defender,left,181.0,31.759069130732374,2500000.0
45026,2020,37,3330,0,0,1,0,Rui Patrício,1988-02-15,Goalkeeper,Goalkeeper,left,190.0,33.37166324435318,10000000.0
45333,2020,16,823,0,0,1,0,James McCarthy,1990-11-12,Central Midfield,Midfield,right,180.0,30.63107460643395,3000000.0
45671,2020,5,44,0,0,1,0,Cenk Tosun,1991-06-07,Centre-Forward,Attack,right,183.0,30.064339493497606,5000000.0
46001,2020,25,1577,0,0,3,0,Moussa Sissoko,1989-08-16,Central Midfield,Midfield,right,187.0,31.871321013004792,10000000.0
46220,2020,16,417,0,2,1,0,Pablo Hernández,1985-04-11,Attacking Midfield,Midfield,right,173.0,36.219028062970565,800000.0
46741,2020,20,1396,1,0,1,1,David Luiz,1987-04-22,Centre-Back,Defender,right,189.0,34.19028062970568,4000000.0
47713,2020,4,275,0,0,0,0,Mamadou Sakho,1990-02-13,Centre-Back,Defender,left,187.0,31.37577002053388,6000000.0
48002,2020,28,2493,3,0,4,0,Angelo Ogbonna,1988-05-23,Centre-Back,Defender,left,191.0,33.10335386721424,2500000.0
48066,2020,18,383,1,0,1,0,Andy Carroll,1989-01-06,Centre-Forward,Attack,left,193.0,32.479123887748116,1500000.0
48280,2020,26,1368,10,3,3,0,Edinson Cavani,1987-02-14,Centre-Forward,Attack,right,184.0,34.37371663244353,6000000.0
49499,2020,38,2948,2,0,1,0,Georginio Wijnaldum,1990-11-11,Central Midfield,Midfield,right,175.0,30.633812457221083,30000000.0
49542,2020,16,728,3,0,1,0,Billy Sharp,1986-02-05,Centre-Forward,Attack,right,175.0,35.397672826830934,500000.0
49755,2020,7,258,0,0,1,0,Dale Stephens,1989-06-12,Central Midfield,Midfield,right,185.0,32.049281314168375,2500000.0
50201,2020,30,1817,10,1,3,0,Christian Benteke,1990-12-03,Centre-Forward,Attack,right,190.0,30.573579739904176,9000000.0
50362,2020,8,261,0,0,1,0,Fabian Delph,1989-11-21,Central Midfield,Midfield,left,174.0,31.60574948665298,3500000.0
51152,2020,27,1390,3,3,3,0,Aleksandar Mitrović,1994-09-16,Centre-Forward,Attack,right,189.0,26.78713210130048,16000000.0
51321,2020,3,270,0,0,0,0,Darren Randolph,1987-05-12,Goalkeeper,Goalkeeper,right,187.0,34.13552361396304,1500000.0
51471,2020,27,1818,0,1,4,0,Mateo Kovacic,1994-05-06,Central Midfield,Midfield,right,178.0,27.15126625598905,45000000.0
52119,2020,22,1775,0,1,2,0,Patrick van Aanholt,1990-08-29,Left-Back,Defender,left,176.0,30.836413415468858,7000000.0
52495,2020,31,2586,0,1,5,0,Chris Basham,1988-07-20,Centre-Back,Defender,right,190.0,32.94455852156057,2000000.0
52570,2020,8,720,0,0,0,0,Fraser Forster,1988-03-17,Goalkeeper,Goalkeeper,right,201.0,33.28678986995209,3000000.0
52769,2020,25,1407,1,5,0,0,Willian,1988-08-09,Left Winger,Attack,right,175.0,32.889801505817935,9000000.0
53360,2020,31,1256,1,2,3,0,Jay Rodríguez,1989-07-29,Centre-Forward,Attack,right,185.0,31.920602327173167,4000000.0
53622,2020,28,2031,13,3,1,0,İlkay Gündoğan,1990-10-24,Central Midfield,Midfield,right,180.0,30.68309377138946,40000000.0
54383,2020,31,2576,0,2,4,0,John Fleck,1991-08-24,Central Midfield,Midfield,left,169.0,29.8507871321013,5000000.0
57500,2020,26,2191,1,2,5,1,César Azpilicueta,1989-08-28,Centre-Back,Defender,right,178.0,31.838466803559207,13000000.0
58864,2020,29,2337,10,3,2,0,Pierre-Emerick Aubameyang,1989-06-18,Centre-Forward,Attack,right,187.0,32.03285420944559,25000000.0
59377,2020,26,2295,0,1,0,0,David de Gea,1990-11-07,Goalkeeper,Goalkeeper,right,192.0,30.64476386036961,18000000.0
59641,2020,3,270,0,0,1,0,Denis Odoi,1988-05-27,Centre-Back,Defender,right,178.0,33.09240246406571,600000.0
60444,2020,24,1858,1,0,4,0,Thiago Alcántara,1991-04-11,Central Midfield,Midfield,right,174.0,30.220396988364133,30000000.0
60558,2020,2,122,0,0,2,0,Maxime Le Marchand,1989-10-11,Centre-Back,Defender,left,185.0,31.718001368925393,1500000.0
61560,2020,31,1742,1,5,2,0,Marc Albrighton,1989-11-18,Right Midfield,Midfield,right,175.0,31.613963039014372,4000000.0
61592,2020,8,552,0,0,1,0,James Tomkins,1989-03-29,Centre-Back,Defender,right,192.0,32.25462012320329,2500000.0
61651,2020,21,1707,1,1,0,0,Jordan Henderson,1990-06-17,Defensive Midfield,Midfield,right,182.0,31.0362765229295,20000000.0
61653,2020,4,228,1,1,0,0,Conor Hourihane,1991-02-02,Central Midfield,Midfield,left,181.0,30.406570841889117,3500000.0
61814,2020,1,90,0,0,0,0,David Button,1989-02-27,Goalkeeper,Goalkeeper,right,191.0,32.336755646817245,1000000.0
61832,2020,18,1246,0,0,2,1,Jake Livermore,1989-11-14,Defensive Midfield,Midfield,right,180.0,31.6249144421629,2500000.0
61842,2020,34,2259,1,5,0,0,Andros Townsend,1991-07-16,Right Winger,Attack,left,181.0,29.95756331279945,7000000.0
62121,2020,1,9,0,0,0,0,Odion Ighalo,1989-06-16,Centre-Forward,Attack,right,181.0,32.03832991101985,3500000.0
62688,2020,15,1350,1,0,1,0,Scott Dann,1987-02-14,Centre-Back,Defender,right,194.0,34.37371663244353,1500000.0
63200,2020,22,1334,3,0,4,0,Ashley Barnes,1989-10-30,Centre-Forward,Attack,right,185.0,31.665982203969882,3500000.0
64399,2020,37,3330,0,0,2,0,Vicente Guaita,1987-01-10,Goalkeeper,Goalkeeper,right,190.0,34.469541409993155,2000000.0
65976,2020,19,547,2,0,2,0,Hal Robson-Kanu,1989-05-21,Centre-Forward,Attack,left,183.0,32.10951403148528,1500000.0
66100,2020,21,1767,1,1,6,0,Oriol Romeu,1991-09-24,Defensive Midfield,Midfield,right,183.0,29.765913757700204,6000000.0
66333,2020,14,833,0,0,2,0,Ahmed Elmohamady,1987-09-09,Right-Back,Defender,right,182.0,33.80698151950719,1500000.0
66934,2020,36,3123,1,0,4,0,Cheikhou Kouyaté,1989-12-21,Defensive Midfield,Midfield,right,189.0,31.523613963039015,6000000.0
67063,2020,24,1549,6,3,0,0,Danny Welbeck,1990-11-26,Centre-Forward,Attack,right,185.0,30.5927446954141,4000000.0
67416,2020,1,15,0,0,1,0,Neil Taylor,1989-02-07,Left-Back,Defender,left,176.0,32.39151266255989,1500000.0
67420,2020,38,3400,0,0,7,0,Luke Ayling,1991-08-25,Right-Back,Defender,right,183.0,29.848049281314168,5000000.0
67421,2020,30,2584,3,1,4,0,Kyle Bartley,1991-05-22,Centre-Back,Defender,right,194.0,30.10814510609172,2500000.0
68390,2020,25,1612,0,3,0,0,Séamus Coleman,1988-10-11,Right-Back,Defender,right,177.0,32.71731690622861,5000000.0
69015,2020,15,363,0,1,2,0,Andriy Yarmolenko,1989-10-23,Right Winger,Attack,left,189.0,31.685147159479808,4000000.0
71271,2020,3,270,0,0,0,0,Adrián San Miguel,1987-01-03,Goalkeeper,Goalkeeper,right,190.0,34.48870636550308,1000000.0
71292,2020,30,2617,1,3,7,0,Jonjo Shelvey,1992-02-27,Central Midfield,Midfield,right,184.0,29.338809034907598,13000000.0
72476,2020,35,3132,0,0,0,1,Bernd Leno,1992-03-04,Goalkeeper,Goalkeeper,right,190.0,29.322381930184804,22000000.0
73547,2020,32,2223,0,0,6,0,Oliver Norwood,1991-04-12,Central Midfield,Midfield,right,175.0,30.217659137577,5000000.0
74300,2020,31,2364,1,1,8,1,Luka Milivojevic,1991-04-07,Defensive Midfield,Midfield,right,186.0,30.23134839151266,8000000.0
74683,2020,20,1101,0,1,2,0,Nemanja Matić,1988-08-01,Defensive Midfield,Midfield,left,194.0,32.91170431211499,8000000.0
74810,2020,30,2694,2,0,3,0,Ben Mee,1989-09-21,Centre-Back,Defender,left,180.0,31.772758384668034,6000000.0
74960,2020,13,1170,0,0,0,0,Martin Dúbravka,1989-01-15,Goalkeeper,Goalkeeper,right,191.0,32.45448323066393,5000000.0
75067,2020,25,2187,1,0,4,1,Liam Cooper,1991-08-30,Centre-Back,Defender,left,186.0,29.83436002737851,7000000.0
75458,2020,7,630,0,0,1,0,Robin Olsen,1990-01-08,Goalkeeper,Goalkeeper,right,196.0,31.474332648870636,3000000.0
77100,2020,30,1403,3,4,1,0,Lucas Moura,1992-08-13,Right Winger,Attack,right,172.0,28.878850102669404,25000000.0
77274,2020,33,1825,2,1,1,0,Matt Phillips,1991-03-13,Right Winger,Attack,right,183.0,30.299794661190965,4000000.0
78959,2020,1,1,0,0,0,0,Martin Kelly,1990-04-27,Right-Back,Defender,right,191.0,31.175906913073238,1500000.0
79027,2020,7,211,0,0,0,0,Davy Pröpper,1991-09-02,Central Midfield,Midfield,right,185.0,29.82614647501711,8000000.0
82105,2020,10,691,1,2,2,0,Joel Matip,1991-08-08,Centre-Back,Defender,right,195.0,29.894592744695416,18000000.0
82442,2020,17,747,4,0,1,0,Olivier Giroud,1986-09-30,Centre-Forward,Attack,left,192.0,34.74880219028063,4000000.0
82873,2020,34,2480,3,8,3,0,Pascal Groß,1991-06-15,Central Midfield,Midfield,right,181.0,30.04243668720055,7000000.0
85177,2020,13,1147,0,1,2,0,Nathaniel Clyne,1991-04-05,Right-Back,Defender,right,175.0,30.236824093086927,3000000.0
85475,2020,24,2082,0,0,4,0,Federico Fernández,1989-02-21,Centre-Back,Defender,right,190.0,32.35318275154004,3000000.0
85706,2020,30,2700,0,1,6,0,Enda Stevens,1990-07-09,Left-Back,Defender,left,183.0,30.976043805612594,3500000.0
86202,2020,19,1710,1,0,0,0,Antonio Rüdiger,1993-03-03,Centre-Back,Defender,right,190.0,28.32580424366872,28000000.0
86792,2020,14,552,0,2,2,0,Xherdan Shaqiri,1991-10-10,Attacking Midfield,Midfield,left,169.0,29.72210814510609,12000000.0
88103,2020,23,1776,6,5,4,0,James Rodríguez,1991-07-12,Attacking Midfield,Midfield,left,181.0,29.968514715947983,28000000.0
88590,2020,3,44,0,0,0,0,Shkodran Mustafi,1992-04-17,Centre-Back,Defender,right,184.0,29.201916495550993,2500000.0
88755,2020,25,2001,6,12,1,0,Kevin De Bruyne,1991-06-28,Attacking Midfield,Midfield,right,181.0,30.00684462696783,100000000.0
89231,2020,22,1368,2,0,2,0,Jóhann Berg Gudmundsson,1990-10-27,Right Winger,Attack,left,186.0,30.67488021902806,3000000.0
90466,2020,36,2254,6,5,2,0,Gylfi Sigurdsson,1989-09-08,Attacking Midfield,Midfield,right,186.0,31.808350444900753,13000000.0
91059,2020,11,138,0,0,0,0,Joshua King,1992-01-15,Centre-Forward,Attack,right,180.0,29.456536618754278,8000000.0
91317,2020,38,3411,3,3,7,0,Ashley Westwood,1990-04-01,Defensive Midfield,Midfield,right,174.0,31.247091033538673,5000000.0
91845,2020,37,3126,17,10,0,0,Heung-min Son,1992-07-08,Left Winger,Attack,both,183.0,28.97741273100616,85000000.0
92469,2020,18,1351,0,3,2,0,Matt Ritchie,1989-09-10,Right Midfield,Midfield,left,173.0,31.802874743326488,3000000.0
92571,2020,36,3172,0,8,3,0,Aaron Cresswell,1989-12-15,Left-Back,Defender,left,170.0,31.540041067761805,5000000.0
92572,2020,26,2255,0,1,5,0,Joel Ward,1989-10-29,Right-Back,Defender,right,186.0,31.668720054757017,2500000.0
92738,2020,35,2397,4,5,6,0,Mateusz Klich,1990-06-13,Defensive Midfield,Midfield,right,183.0,31.04722792607803,4000000.0
93720,2020,31,1929,13,2,3,0,Alexandre Lacazette,1991-05-28,Centre-Forward,Attack,right,175.0,30.091718001368925,28000000.0
94005,2020,1,90,0,0,0,0,Sead Kolasinac,1993-06-20,Centre-Back,Defender,left,183.0,28.027378507871322,6500000.0
95424,2020,24,1946,1,1,1,0,Kyle Walker,1990-05-28,Right-Back,Defender,right,183.0,31.091033538672143,28000000.0
95976,2020,30,2700,0,0,2,0,Alex McCarthy,1989-12-03,Goalkeeper,Goalkeeper,right,193.0,31.572895277207394,5000000.0
98240,2020,22,1893,1,0,3,0,Ciaran Clark,1989-09-26,Centre-Back,Defender,left,185.0,31.759069130732374,3000000.0
99331,2020,30,2575,3,0,3,1,Jannik Vestergaard,1992-08-03,Centre-Back,Defender,both,199.0,28.906228610540726,18000000.0
99397,2020,25,2250,0,0,3,0,Karl Darlow,1990-10-08,Goalkeeper,Goalkeeper,right,190.0,30.72689938398357,3000000.0
101500,2020,28,1368,3,2,0,0,Matej Vydra,1992-05-01,Centre-Forward,Attack,right,180.0,29.163586584531142,3000000.0
102017,2020,28,2014,7,1,2,0,Jorginho,1991-12-20,Defensive Midfield,Midfield,right,180.0,29.527720739219713,40000000.0
102258,2020,34,3060,1,1,5,0,Matthew Lowton,1989-06-09,Right-Back,Defender,right,180.0,32.05749486652977,2500000.0
104124,2020,26,1983,10,5,3,0,Michail Antonio,1990-03-28,Centre-Forward,Attack,right,180.0,31.2580424366872,12000000.0
105470,2020,33,2970,1,0,1,0,Alisson,1992-10-02,Goalkeeper,Goalkeeper,right,193.0,28.7419575633128,60000000.0
108354,2020,33,2097,1,3,4,0,Jordan Ayew,1991-09-11,Centre-Forward,Attack,right,182.0,29.801505817932924,8000000.0
108725,2020,33,2751,12,3,0,0,Chris Wood,1991-12-07,Centre-Forward,Attack,right,191.0,29.56331279945243,8000000.0
110864,2020,37,3330,0,1,1,0,Sam Johnstone,1993-03-25,Goalkeeper,Goalkeeper,right,193.0,28.265571526351813,8000000.0
111051,2020,23,1458,0,1,5,0,Nampalys Mendy,1992-06-23,Defensive Midfield,Midfield,right,168.0,29.018480492813143,8000000.0
111114,2020,8,636,0,0,2,0,Kevin Long,1990-08-18,Centre-Back,Defender,right,188.0,30.86652977412731,1000000.0
111195,2020,28,2282,1,1,3,0,Joël Veltman,1992-01-15,Right-Back,Defender,right,184.0,29.456536618754278,6000000.0
111422,2020,5,117,0,0,0,0,Neeskens Kebano,1992-03-10,Left Winger,Attack,right,170.0,29.305954825462013,1000000.0
111455,2020,31,2526,1,2,6,1,Granit Xhaka,1992-09-27,Defensive Midfield,Midfield,left,183.0,28.75564681724846,22000000.0
111524,2020,1,90,0,0,0,0,Ahmed Hegazy,1991-01-25,Centre-Back,Defender,right,193.0,30.428473648186174,4000000.0
111630,2020,23,704,1,0,6,0,Erik Lamela,1992-03-04,Right Winger,Attack,left,184.0,29.322381930184804,16000000.0
111873,2020,38,3420,0,0,1,0,Emiliano Martínez,1992-09-02,Goalkeeper,Goalkeeper,right,195.0,28.824093086926762,30000000.0
112515,2020,13,959,2,0,2,0,Marcos Alonso,1990-12-28,Centre-Back,Defender,left,188.0,30.50513347022587,12000000.0
112988,2020,10,745,0,1,1,0,Cédric Soares,1991-08-31,Right-Back,Defender,right,171.0,29.831622176591377,6000000.0
113036,2020,19,1490,0,0,3,0,Romaine Sawyers,1991-11-02,Attacking Midfield,Midfield,right,175.0,29.659137577002053,2000000.0
118534,2020,35,2990,3,1,4,0,Michael Keane,1993-01-11,Centre-Back,Defender,right,188.0,28.465434633812457,25000000.0
120629,2020,36,3240,0,0,2,0,Alphonse Areola,1993-02-27,Goalkeeper,Goalkeeper,right,195.0,28.33675564681725,17000000.0
121324,2020,31,2630,0,1,7,1,John Egan,1992-10-20,Centre-Back,Defender,right,185.0,28.692676249144423,9000000.0
121477,2020,22,1926,3,0,5,0,Craig Dawson,1990-05-06,Centre-Back,Defender,right,188.0,31.15126625598905,3000000.0
122153,2020,26,1896,3,5,3,0,Paul Pogba,1993-03-15,Central Midfield,Midfield,both,191.0,28.292950034223136,60000000.0
122155,2020,17,1115,1,1,0,0,Willian José,1991-11-23,Centre-Forward,Attack,right,186.0,29.60164271047228,18000000.0
123275,2020,10,760,1,1,2,0,Tom Cairney,1991-01-20,Central Midfield,Midfield,left,185.0,30.442162902121833,9000000.0
123682,2020,26,2085,12,5,2,0,Callum Wilson,1992-02-27,Centre-Forward,Attack,right,180.0,29.338809034907598,22000000.0
126422,2020,24,2052,0,0,6,0,Allan,1991-01-08,Defensive Midfield,Midfield,right,175.0,30.47501711156742,22000000.0
126664,2020,30,2682,0,7,2,1,Lucas Digne,1993-07-20,Left-Back,Defender,left,178.0,27.94524298425736,35000000.0
127032,2020,19,1608,2,3,0,0,Serge Aurier,1992-12-24,Right-Back,Defender,right,176.0,28.514715947980836,20000000.0
127187,2020,29,2452,2,3,6,0,Abdoulaye Doucouré,1993-01-01,Attacking Midfield,Midfield,right,183.0,28.49281314168378,25000000.0
128229,2020,19,1055,1,1,3,0,Robbie Brady,1992-01-14,Left Midfield,Midfield,left,176.0,29.45927446954141,3000000.0
128899,2020,1,90,0,0,0,0,Jack Butland,1993-03-10,Goalkeeper,Goalkeeper,right,196.0,28.306639288158795,2000000.0
128901,2020,37,3304,1,0,5,0,Conor Coady,1993-02-25,Centre-Back,Defender,right,185.0,28.34223134839151,25000000.0
128909,2020,11,876,0,2,3,0,Jack Robinson,1993-09-01,Centre-Back,Defender,left,180.0,27.82751540041068,2000000.0
128969,2020,14,1260,0,0,1,0,Mathew Ryan,1992-04-08,Goalkeeper,Goalkeeper,right,184.0,29.22655715263518,6000000.0
129078,2020,29,1730,2,3,1,0,Nathan Redmond,1994-03-06,Right Winger,Attack,right,173.0,27.318275154004105,18000000.0
129588,2020,15,723,1,1,0,0,Dennis Praet,1994-05-14,Central Midfield,Midfield,right,181.0,27.129363449691994,18000000.0
129627,2020,5,135,0,0,0,0,Charlie Austin,1989-07-05,Centre-Forward,Attack,right,188.0,31.98631074606434,2000000.0
130164,2020,31,2743,0,0,1,0,Jordan Pickford,1994-03-07,Goalkeeper,Goalkeeper,left,185.0,27.315537303216974,22000000.0
130765,2020,33,2774,4,5,3,0,Stuart Armstrong,1992-03-30,Central Midfield,Midfield,right,183.0,29.251197809719372,8000000.0
131505,2020,26,1288,7,2,3,0,Rodrigo,1991-03-06,Centre-Forward,Attack,left,182.0,30.31895961670089,18000000.0
131789,2020,36,2852,9,7,2,0,Roberto Firmino,1991-10-02,Centre-Forward,Attack,right,181.0,29.744010951403148,50000000.0
131978,2020,26,1577,3,1,0,0,Ross Barkley,1993-12-05,Central Midfield,Midfield,right,189.0,27.567419575633128,20000000.0
131996,2020,36,2335,7,7,1,0,Bertrand Traoré,1995-09-06,Right Winger,Attack,left,181.0,25.815195071868583,20000000.0
132098,2020,35,3086,23,14,1,0,Harry Kane,1993-07-28,Centre-Forward,Attack,right,188.0,27.923340177960302,120000000.0
134270,2020,27,2059,1,0,5,0,Dan Burn,1992-05-09,Centre-Back,Defender,left,201.0,29.141683778234086,5000000.0
134294,2020,29,2185,12,4,1,0,Danny Ings,1992-07-23,Centre-Forward,Attack,right,177.0,28.93634496919918,22000000.0
134425,2020,31,2536,10,8,4,0,Raheem Sterling,1994-12-08,Right Winger,Attack,right,170.0,26.559890485968516,90000000.0
135343,2020,18,1245,1,0,4,1,Fabian Schär,1991-12-20,Centre-Back,Defender,right,186.0,29.527720739219713,9000000.0
135853,2020,17,562,1,1,1,0,Manuel Lanzini,1993-02-15,Attacking Midfield,Midfield,right,170.0,28.369609856262834,10000000.0
137616,2020,16,1319,0,1,4,0,Okay Yokuşlu,1994-03-09,Defensive Midfield,Midfield,right,190.0,27.310061601642712,7500000.0
137745,2020,13,620,0,0,2,0,Marçal,1989-02-19,Left-Back,Defender,left,178.0,32.3586584531143,1800000.0
139208,2020,5,371,1,0,1,0,Virgil van Dijk,1991-07-08,Centre-Back,Defender,right,195.0,29.97946611909651,55000000.0
140191,2020,14,567,1,1,2,0,Ryan Fredericks,1992-10-10,Right-Back,Defender,right,181.0,28.720054757015742,2500000.0
141660,2020,16,1425,9,5,3,0,Jesse Lingard,1992-12-15,Attacking Midfield,Midfield,right,174.0,28.539356605065024,22000000.0
142310,2020,21,1880,1,1,2,0,Willy Boly,1991-02-03,Centre-Back,Defender,right,195.0,30.403832991101986,14000000.0
143424,2020,13,245,1,1,0,0,Alex Oxlade-Chamberlain,1993-08-15,Central Midfield,Midfield,right,180.0,27.874058863791923,18000000.0
144028,2020,35,2618,5,5,2,0,Leandro Trossard,1994-12-04,Left Winger,Attack,right,172.0,26.570841889117045,17000000.0
145466,2020,7,630,0,0,0,0,Tim Ream,1987-10-05,Centre-Back,Defender,left,186.0,33.73579739904175,600000.0
145988,2020,30,2614,11,2,6,0,Wilfried Zaha,1992-11-10,Left Winger,Attack,right,180.0,28.635181382614647,45000000.0
146509,2020,25,2235,0,2,0,0,Conor Townsend,1993-03-04,Left-Back,Defender,left,183.0,28.32306639288159,2000000.0
146690,2020,32,2789,0,2,7,0,George Baldock,1993-03-09,Right-Back,Defender,right,178.0,28.309377138945926,5000000.0
146795,2020,18,927,0,3,2,0,Ryan Fraser,1994-02-24,Left Winger,Attack,right,163.0,27.345653661875428,10000000.0
147094,2020,1,8,0,0,0,0,José Izquierdo,1992-07-07,Left Winger,Attack,right,171.0,28.980150581793293,4000000.0
148153,2020,33,2933,5,0,5,2,Lewis Dunk,1991-11-21,Centre-Back,Defender,right,192.0,29.607118412046542,25000000.0
148262,2020,22,1425,2,1,3,0,Jeff Hendrick,1992-01-31,Central Midfield,Midfield,right,185.0,29.412731006160165,9000000.0
148368,2020,9,182,0,0,0,0,Divock Origi,1995-04-18,Centre-Forward,Attack,right,189.0,26.20123203285421,12000000.0
148455,2020,37,3082,22,5,0,0,Mohamed Salah,1992-06-15,Right Winger,Attack,left,175.0,29.0403832991102,100000000.0
149716,2020,36,2477,3,0,2,0,Ivan Cavaleiro,1993-10-18,Left Winger,Attack,right,175.0,27.698836413415467,7000000.0
152651,2020,1,90,0,0,0,0,Terence Kongolo,1994-02-14,Centre-Back,Defender,left,188.0,27.37303216974675,3500000.0
156941,2020,28,2032,0,2,8,1,John Lundstram,1994-02-18,Defensive Midfield,Midfield,right,181.0,27.362080766598222,7000000.0
157490,2020,4,263,0,0,2,0,Michael Hector,1992-07-19,Centre-Back,Defender,right,193.0,28.947296372347708,3500000.0
157495,2020,13,955,2,1,2,0,Benjamin Mendy,1994-07-17,Left-Back,Defender,left,185.0,26.954140999315538,20000000.0
157506,2020,27,1426,2,3,3,0,Jeffrey Schlupp,1992-12-23,Left Midfield,Midfield,left,178.0,28.517453798767967,9000000.0
157509,2020,24,2027,5,0,3,0,Kurt Zouma,1994-10-27,Centre-Back,Defender,right,190.0,26.67488021902806,32000000.0
157672,2020,34,3055,0,7,3,0,Vladimír Coufal,1992-08-22,Right-Back,Defender,right,175.0,28.854209445585216,12000000.0
158764,2020,38,3411,8,2,7,0,Stuart Dallas,1991-04-19,Right-Back,Defender,right,183.0,30.198494182067076,4000000.0
159372,2020,2,2,0,0,0,0,Felipe Anderson,1993-04-15,Left Winger,Attack,right,175.0,28.20807665982204,10000000.0
160438,2020,23,1542,1,0,3,0,Mohamed Elneny,1992-07-11,Defensive Midfield,Midfield,right,179.0,28.969199178644764,10000000.0
162029,2020,13,826,0,0,1,0,Javier Manquillo,1994-05-05,Right-Back,Defender,right,178.0,27.15400410677618,3000000.0
163744,2020,18,1539,0,0,2,0,Jack Stephens,1994-01-27,Centre-Back,Defender,right,185.0,27.422313483915126,5000000.0
165793,2020,19,1006,3,0,1,0,Takumi Minamino,1995-01-16,Left Winger,Attack,right,172.0,26.45311430527036,12000000.0
167799,2020,38,3420,2,4,9,0,Pierre-Emile Højbjerg,1995-08-05,Defensive Midfield,Midfield,right,185.0,25.90280629705681,35000000.0
168157,2020,33,2500,1,0,4,0,Leander Dendoncker,1995-04-15,Defensive Midfield,Midfield,right,188.0,26.209445585215605,30000000.0
170321,2020,15,1256,1,0,2,0,Paul Dummett,1991-09-26,Centre-Back,Defender,left,183.0,29.760438056125942,3000000.0
170527,2020,35,2606,6,12,2,0,Timo Werner,1996-03-06,Centre-Forward,Attack,right,180.0,25.31690622861054,65000000.0
170934,2020,28,1705,1,1,5,0,Mario Lemina,1993-09-01,Defensive Midfield,Midfield,right,184.0,27.82751540041068,10000000.0
171424,2020,27,1955,9,6,0,0,Riyad Mahrez,1991-02-21,Right Winger,Attack,left,179.0,30.354551676933607,42000000.0
171679,2020,17,1239,0,2,4,0,Matt Doherty,1992-01-16,Right-Back,Defender,right,185.0,29.453798767967147,16000000.0
173504,2020,36,3240,1,0,6,0,James Tarkowski,1992-11-19,Centre-Back,Defender,right,185.0,28.61054072553046,25000000.0
173900,2020,22,1156,3,3,0,0,Hélder Costa,1994-01-12,Right Winger,Attack,left,179.0,27.463381245722108,10000000.0
174094,2020,9,291,0,0,3,0,Morgan Sanson,1994-08-18,Central Midfield,Midfield,right,180.0,26.86652977412731,16000000.0
174915,2020,1,19,0,0,0,0,Islam Slimani,1988-06-18,Centre-Forward,Attack,right,188.0,33.0321697467488,3000000.0
175169,2020,12,449,1,0,2,0,Bernard,1992-09-08,Left Winger,Attack,right,167.0,28.80766598220397,12000000.0
175446,2020,7,499,0,0,0,0,Jonny Otto,1994-03-03,Right-Back,Defender,both,175.0,27.326488706365502,15000000.0
175722,2020,28,2520,0,0,3,0,Eric Dier,1994-01-15,Centre-Back,Defender,right,191.0,27.45516769336071,22000000.0
176553,2020,16,1343,0,0,1,0,Aymeric Laporte,1994-05-27,Centre-Back,Defender,left,191.0,27.093771389459274,45000000.0
177476,2020,10,797,1,0,4,0,Nathan Aké,1995-02-18,Centre-Back,Defender,left,180.0,26.362765229295004,32000000.0
177907,2020,34,3048,2,1,11,0,Harry Maguire,1993-03-05,Centre-Back,Defender,right,194.0,28.320328542094455,45000000.0
179184,2020,18,722,2,2,0,0,Michy Batshuayi,1993-10-02,Centre-Forward,Attack,right,185.0,27.742642026009584,10000000.0
181375,2020,16,935,3,0,0,0,Sébastien Haller,1994-06-22,Centre-Forward,Attack,right,190.0,27.02258726899384,27000000.0
181380,2020,12,1010,0,2,2,0,Arthur Masuaku,1993-11-07,Left-Back,Defender,left,179.0,27.644079397672826,7000000.0
181579,2020,38,3420,8,7,5,0,James Ward-Prowse,1994-11-01,Central Midfield,Midfield,right,177.0,26.661190965092402,30000000.0
181778,2020,2,88,0,0,0,0,Emerson,1994-08-03,Left-Back,Defender,left,176.0,26.90759753593429,12000000.0
182712,2020,28,2302,2,4,5,1,João Cancelo,1994-05-27,Right-Back,Defender,right,182.0,27.093771389459274,55000000.0
182877,2020,22,1488,4,6,0,1,Anthony Martial,1995-12-05,Centre-Forward,Attack,right,184.0,25.568788501026695,45000000.0
182894,2020,1,11,0,0,0,0,Jean-Philippe Gbamin,1995-09-25,Centre-Back,Defender,right,186.0,25.763175906913073,15000000.0
183288,2020,32,2655,1,5,8,0,Luke Shaw,1995-07-12,Left-Back,Defender,left,178.0,25.968514715947983,35000000.0
183299,2020,28,1563,5,0,0,0,Callum Robinson,1995-02-02,Centre-Forward,Attack,right,178.0,26.406570841889117,6000000.0
183318,2020,19,1627,2,0,4,0,Jamaal Lascelles,1993-11-11,Centre-Back,Defender,right,188.0,27.633127994524298,13000000.0
183334,2020,38,3063,17,8,3,0,Patrick Bamford,1993-09-05,Centre-Forward,Attack,left,185.0,27.81656399726215,22000000.0
183720,2020,28,1612,10,0,2,0,Anwar El Ghazi,1995-05-03,Right Winger,Attack,right,189.0,26.16016427104723,13000000.0
184528,2020,16,1291,1,0,4,0,Emil Krafth,1994-08-02,Right-Back,Defender,right,184.0,26.910335386721425,3500000.0
184573,2020,29,2586,1,1,0,0,Victor Lindelöf,1994-07-17,Centre-Back,Defender,right,187.0,26.954140999315538,24000000.0
186186,2020,33,2382,5,3,7,0,Bobby De Cordova-Reid,1993-02-02,Attacking Midfield,Midfield,right,170.0,28.40520191649555,10000000.0
186590,2020,22,1934,4,0,0,1,John Stones,1994-05-28,Centre-Back,Defender,right,188.0,27.091033538672143,30000000.0
186901,2020,2,180,0,0,0,0,Marek Rodák,1996-12-13,Goalkeeper,Goalkeeper,right,194.0,24.54483230663929,5000000.0
191217,2020,25,2093,1,3,8,0,Héctor Bellerín,1995-03-19,Right-Back,Defender,right,178.0,26.28336755646817,25000000.0
191614,2020,30,2396,1,0,5,0,Fred,1993-03-05,Central Midfield,Midfield,both,170.0,28.320328542094455,22000000.0
192080,2020,32,2880,0,0,1,0,Nick Pope,1992-04-19,Goalkeeper,Goalkeeper,right,198.0,29.196440793976727,15000000.0
192279,2020,7,585,0,0,1,0,Kepa Arrizabalaga,1994-10-03,Goalkeeper,Goalkeeper,right,188.0,26.740588637919235,13000000.0
192765,2020,20,1340,0,2,1,0,Ben Davies,1993-04-24,Centre-Back,Defender,left,181.0,28.18343600273785,16000000.0
193116,2020,37,3330,3,6,12,0,John McGinn,1994-10-18,Central Midfield,Midfield,left,178.0,26.699520876112253,30000000.0
194460,2020,16,665,1,1,2,0,Joe Bryan,1993-09-17,Left-Back,Defender,left,170.0,27.783709787816566,5000000.0
195633,2020,29,2428,0,1,1,0,Charlie Taylor,1993-09-18,Left-Back,Defender,left,183.0,27.78097193702943,4000000.0
196522,2020,18,504,1,1,0,0,Dwight Gayle,1989-10-17,Centre-Forward,Attack,right,174.0,31.701574264202602,4000000.0
196948,2020,17,1371,0,0,2,1,Andreas Christensen,1996-04-10,Centre-Back,Defender,right,189.0,25.22108145106092,30000000.0
197838,2020,34,2844,15,9,1,0,Jamie Vardy,1987-01-11,Centre-Forward,Attack,right,179.0,34.46680355920602,7000000.0
199527,2020,26,1621,2,3,3,0,Jacob Murphy,1995-02-24,Right Winger,Attack,right,179.0,26.34633812457221,4000000.0
200512,2020,35,2812,11,8,3,0,Sadio Mané,1992-04-10,Left Winger,Attack,right,175.0,29.22108145106092,85000000.0
202886,2020,31,1974,1,0,3,0,Ruben Loftus-Cheek,1996-01-23,Central Midfield,Midfield,right,191.0,25.43463381245722,18000000.0
203460,2020,26,2185,6,12,5,0,Jack Grealish,1995-09-10,Left Winger,Attack,right,180.0,25.804243668720055,65000000.0
203853,2020,20,1474,0,0,0,0,Oleksandr Zinchenko,1996-12-15,Left-Back,Defender,left,175.0,24.539356605065024,25000000.0
204103,2020,37,2643,2,3,4,0,Adama Traoré,1996-01-25,Right Winger,Attack,right,178.0,25.429158110882955,30000000.0
204198,2020,27,2408,3,0,2,0,Romain Saïss,1990-03-26,Centre-Back,Defender,left,188.0,31.263518138261464,10000000.0
205657,2020,1,15,0,0,0,0,Rúnar Alex Rúnarsson,1995-02-18,Goalkeeper,Goalkeeper,right,186.0,26.362765229295004,1500000.0
206040,2020,10,825,4,0,0,0,Raúl Jiménez,1991-05-05,Centre-Forward,Attack,right,188.0,30.154688569472963,28000000.0
206225,2020,24,1944,0,0,8,0,Isaac Hayden,1995-03-22,Defensive Midfield,Midfield,right,187.0,26.275154004106778,10000000.0
206746,2020,22,1482,0,1,3,0,Kenny Tete,1995-10-09,Right-Back,Defender,right,180.0,25.724845995893222,5000000.0
207929,2020,15,618,0,1,0,0,Dele Alli,1996-04-11,Attacking Midfield,Midfield,right,188.0,25.218343600273784,30000000.0
209212,2020,21,1674,2,1,0,0,Solly March,1994-07-20,Right Winger,Attack,left,180.0,26.94592744695414,9000000.0
210178,2020,10,900,0,0,2,0,Pablo Marí,1993-08-31,Centre-Back,Defender,left,193.0,27.83025325119781,7000000.0
212829,2020,2,180,0,0,0,0,Jack O'Connell,1994-03-29,Centre-Back,Defender,left,190.0,27.255304585900067,5000000.0
212847,2020,29,2595,1,0,4,0,Adam Webster,1995-01-04,Centre-Back,Defender,right,190.0,26.48596851471595,18000000.0
213268,2020,21,522,0,1,3,0,Alireza Jahanbakhsh,1993-08-11,Right Winger,Attack,right,180.0,27.88501026694045,5000000.0
214056,2020,12,719,1,0,2,0,Daniel Amartey,1994-12-21,Centre-Back,Defender,right,186.0,26.524298425735797,5000000.0
214928,2020,13,1007,1,0,1,0,Kean Bryan,1996-11-01,Centre-Back,Defender,left,185.0,24.659822039698838,2000000.0
215118,2020,10,752,0,2,0,0,Calum Chambers,1995-01-20,Centre-Back,Defender,right,182.0,26.442162902121833,12000000.0
215876,2020,15,956,0,1,3,0,Ricardo Pereira,1993-10-06,Right-Back,Defender,right,175.0,27.731690622861056,30000000.0
217111,2020,23,1177,2,3,3,0,Hakim Ziyech,1993-03-19,Right Winger,Attack,left,180.0,28.281998631074607,38000000.0
217115,2020,33,2520,8,2,1,1,Neal Maupay,1996-08-14,Centre-Forward,Attack,right,171.0,24.876112251882272,20000000.0
218087,2020,24,1605,1,0,1,0,Ben Osborn,1994-08-05,Central Midfield,Midfield,left,176.0,26.902121834360027,2000000.0
221025,2020,28,1569,0,1,3,0,André Gomes,1993-07-30,Central Midfield,Midfield,right,190.0,27.917864476386036,20000000.0
221624,2020,1,90,0,0,0,0,Zack Steffen,1995-04-02,Goalkeeper,Goalkeeper,right,191.0,26.245037645448324,6000000.0
225083,2020,30,2145,0,2,7,0,N'Golo Kanté,1991-03-29,Defensive Midfield,Midfield,right,168.0,30.255989048596852,55000000.0
225161,2020,36,2680,5,1,7,0,Rúben Neves,1997-03-13,Defensive Midfield,Midfield,right,183.0,24.298425735797398,45000000.0
225693,2020,30,2566,0,1,6,0,Fabinho,1993-10-23,Defensive Midfield,Midfield,right,188.0,27.685147159479808,60000000.0
225984,2020,33,2583,11,6,2,1,Matheus Pereira,1996-05-05,Attacking Midfield,Midfield,left,175.0,25.152635181382614,15000000.0
226973,2020,31,2250,0,2,5,0,Harrison Reed,1995-01-27,Central Midfield,Midfield,right,181.0,26.42299794661191,10000000.0
230784,2020,24,1535,0,2,5,0,Thomas Partey,1993-06-13,Defensive Midfield,Midfield,right,185.0,28.046543463381244,40000000.0
231572,2020,34,2988,1,1,5,0,Nélson Semedo,1993-11-16,Right-Back,Defender,right,179.0,27.619438740588638,28000000.0
233124,2020,7,630,1,0,2,0,Kortney Hause,1995-07-16,Centre-Back,Defender,left,191.0,25.95756331279945,5000000.0
234189,2020,21,1167,2,1,0,0,Trezeguet,1994-10-01,Left Winger,Attack,right,181.0,26.746064339493497,10000000.0
234803,2020,38,3386,1,7,2,0,Andrew Robertson,1994-03-11,Left-Back,Defender,left,178.0,27.304585900068446,65000000.0
236490,2020,31,2670,2,1,3,0,Ola Aina,1996-10-08,Right-Back,Defender,right,184.0,24.725530458590008,6000000.0
238223,2020,36,3240,0,1,3,0,Ederson,1993-08-17,Goalkeeper,Goalkeeper,left,188.0,27.86858316221766,50000000.0
240306,2020,37,3109,18,11,6,0,Bruno Fernandes,1994-09-08,Attacking Midfield,Midfield,right,183.0,26.809034907597535,90000000.0
241481,2020,33,1817,2,0,4,0,Jaïro Riedewald,1996-09-09,Defensive Midfield,Midfield,left,182.0,24.804928131416837,8000000.0
241641,2020,26,2070,2,6,5,0,Bernardo Silva,1994-08-10,Attacking Midfield,Midfield,left,173.0,26.888432580424368,70000000.0
242631,2020,30,1540,1,2,0,0,Alex Iwobi,1996-05-03,Left Winger,Attack,right,183.0,25.15811088295688,22000000.0
243028,2020,36,3101,1,1,5,1,Jan Bednarek,1996-04-12,Centre-Back,Defender,right,189.0,25.215605749486652,25000000.0
243589,2020,11,372,0,0,1,0,Josh Onomah,1997-04-27,Central Midfield,Midfield,right,185.0,24.175222450376456,6000000.0
246291,2020,15,1205,1,0,1,0,Diego Llorente,1993-08-16,Centre-Back,Defender,right,186.0,27.871321013004792,20000000.0
246968,2020,25,1332,2,1,1,0,Ayoze Pérez,1993-07-29,Centre-Forward,Attack,right,178.0,27.920602327173167,18000000.0
249126,2020,15,861,0,0,5,0,Harry Winks,1996-02-02,Defensive Midfield,Midfield,right,178.0,25.4072553045859,20000000.0
249565,2020,38,3358,6,4,5,0,Youri Tielemans,1997-05-07,Central Midfield,Midfield,right,176.0,24.147843942505133,55000000.0
250478,2020,38,3405,0,2,7,0,Matt Targett,1995-09-18,Left-Back,Defender,left,183.0,25.782340862423,17000000.0
251912,2020,33,2780,2,0,3,1,Semi Ajayi,1993-11-09,Centre-Back,Defender,right,193.0,27.638603696098563,6000000.0
253341,2020,30,2558,0,0,2,0,Rob Holding,1995-09-20,Centre-Back,Defender,right,189.0,25.776865160848732,18000000.0
253677,2020,36,3195,2,2,6,0,Tyrone Mings,1993-03-13,Centre-Back,Defender,left,196.0,28.298425735797398,30000000.0
255755,2020,9,691,0,2,0,0,Alex Telles,1992-12-15,Left-Back,Defender,left,181.0,28.539356605065024,20000000.0
255916,2020,6,437,0,0,0,0,DeAndre Yedlin,1993-07-09,Right-Back,Defender,right,173.0,27.975359342915812,5000000.0
256178,2020,7,590,0,0,0,0,Joe Gomez,1997-05-23,Centre-Back,Defender,right,188.0,24.10403832991102,30000000.0
256977,2020,24,1677,3,2,3,0,Daniel Podence,1995-10-21,Left Winger,Attack,right,170.0,25.691991786447637,25000000.0
258004,2020,32,2845,1,0,4,0,Rúben Dias,1997-05-14,Centre-Back,Defender,right,187.0,24.128678986995208,75000000.0
258878,2020,33,2954,0,0,1,0,Tosin Adarabioyo,1997-09-24,Centre-Back,Defender,right,197.0,23.76454483230664,12000000.0
258883,2020,4,80,0,0,0,0,Jonjoe Kenny,1997-03-15,Right-Back,Defender,right,176.0,24.292950034223136,5800000.0
258885,2020,8,551,0,0,1,0,Max Lowe,1997-05-11,Left-Back,Defender,left,175.0,24.136892539356605,3000000.0
258919,2020,13,1125,0,0,3,0,Dean Henderson,1997-03-12,Goalkeeper,Goalkeeper,right,188.0,24.301163586584533,22000000.0
258923,2020,37,2924,11,11,4,0,Marcus Rashford,1997-10-31,Left Winger,Attack,right,185.0,23.66324435318275,85000000.0
260827,2020,31,2730,1,1,7,1,Joachim Andersen,1996-05-31,Centre-Back,Defender,right,192.0,25.08145106091718,22000000.0
261988,2020,11,543,0,0,0,0,Filip Krovinovic,1995-08-29,Defensive Midfield,Midfield,right,175.0,25.83709787816564,3000000.0
262226,2020,27,2347,2,3,0,0,Timothy Castagne,1995-12-05,Right-Back,Defender,right,185.0,25.568788501026695,28000000.0
265078,2020,2,23,0,0,0,0,Patrick Cutrone,1998-01-03,Centre-Forward,Attack,right,183.0,23.488021902806295,9000000.0
271966,2020,16,1193,3,2,2,0,Mbaye Diagne,1991-10-28,Centre-Forward,Attack,right,191.0,29.672826830937716,3000000.0
272622,2020,18,1379,2,0,2,0,Issa Diop,1997-01-09,Centre-Back,Defender,right,194.0,24.470910335386723,18000000.0
272642,2020,25,1567,3,4,0,0,Allan Saint-Maximin,1997-03-12,Left Winger,Attack,right,173.0,24.301163586584533,30000000.0
272999,2020,34,2438,4,1,3,0,Miguel Almirón,1994-02-10,Right Winger,Attack,left,178.0,27.38398357289528,16000000.0
274839,2020,26,2179,1,4,6,0,Wilfred Ndidi,1996-12-16,Defensive Midfield,Midfield,right,183.0,24.536618754277892,60000000.0
282429,2020,27,2249,0,4,5,0,Sergio Reguilón,1996-12-16,Left-Back,Defender,left,178.0,24.536618754277892,25000000.0
283628,2020,38,3420,10,1,7,1,Tomáš Souček,1995-02-27,Defensive Midfield,Midfield,right,192.0,26.338124572210816,40000000.0
284165,2020,21,1212,1,4,3,0,Steven Bergwijn,1997-10-08,Left Winger,Attack,right,171.0,23.72621492128679,22000000.0
285033,2020,2,180,0,0,0,0,Will Norris,1993-08-12,Goalkeeper,Goalkeeper,left,195.0,27.88227241615332,400000.0
285548,2020,14,1198,1,0,1,1,Fabián Balbuena,1991-08-23,Centre-Back,Defender,right,188.0,29.853524982888434,5000000.0
285845,2020,26,1719,0,1,2,0,Ainsley Maitland-Niles,1997-08-29,Right-Back,Defender,right,180.0,23.835728952772072,16000000.0
286384,2020,12,915,0,0,3,0,Eric Bailly,1994-04-12,Centre-Back,Defender,right,187.0,27.21697467488022,15000000.0
288255,2020,19,513,1,1,1,0,Donny van de Beek,1997-04-18,Central Midfield,Midfield,right,184.0,24.199863107460644,30000000.0
289446,2020,24,1939,2,0,2,0,Yerry Mina,1994-09-23,Centre-Back,Defender,right,195.0,26.767967145790553,20000000.0
290532,2020,30,1388,1,6,0,0,Saïd Benrahma,1995-08-10,Left Winger,Attack,right,172.0,25.88911704312115,22000000.0
290951,2020,11,309,0,0,1,1,Aboubakar Kamara,1995-03-07,Centre-Forward,Attack,right,177.0,26.316221765913756,2000000.0
291422,2020,11,289,0,0,0,0,Lys Mousset,1996-02-08,Centre-Forward,Attack,right,186.0,25.39082819986311,9000000.0
292417,2020,1,18,0,0,0,0,Demarai Gray,1996-06-28,Left Winger,Attack,right,183.0,25.00479123887748,8000000.0
293283,2020,1,21,0,0,0,0,Oskar Buur,1998-03-31,Right-Back,Defender,right,180.0,23.249828884325805,300000.0
293569,2020,33,2813,0,1,2,0,Josh Brownhill,1995-12-19,Central Midfield,Midfield,right,179.0,25.530458590006845,7000000.0
294057,2020,31,2105,8,7,4,0,James Maddison,1996-11-23,Attacking Midfield,Midfield,right,175.0,24.59958932238193,55000000.0
295330,2020,25,1457,12,2,1,0,Kelechi Iheanacho,1996-10-03,Centre-Forward,Attack,left,185.0,24.739219712525667,20000000.0
296986,2020,27,1339,1,2,3,0,Tyler Roberts,1999-01-12,Centre-Forward,Attack,right,180.0,22.46406570841889,6000000.0
297212,2020,12,732,0,0,0,0,Joe Rodon,1997-10-22,Centre-Back,Defender,right,193.0,23.68788501026694,10000000.0
298477,2020,23,1319,1,1,2,0,Oli McBurnie,1996-06-04,Centre-Forward,Attack,right,188.0,25.07049965776865,10000000.0
300716,2020,27,2301,1,4,4,0,Kieran Tierney,1997-06-05,Left-Back,Defender,left,180.0,24.0684462696783,32000000.0
302215,2020,10,521,0,0,1,0,Naby Keïta,1995-02-10,Central Midfield,Midfield,right,172.0,26.38466803559206,32000000.0
303254,2020,1,45,0,0,0,0,Fikayo Tomori,1997-12-19,Centre-Back,Defender,right,185.0,23.529089664613277,28000000.0
306024,2020,33,2876,16,3,3,0,Dominic Calvert-Lewin,1997-03-16,Centre-Forward,Attack,right,189.0,24.290212183436,45000000.0
309400,2020,27,1520,4,5,2,0,Kai Havertz,1999-06-11,Centre-Forward,Attack,left,193.0,22.053388090349078,70000000.0
312239,2020,3,102,0,1,0,0,Percy Tau,1994-05-13,Right Winger,Attack,left,175.0,27.132101300479125,3000000.0
314183,2020,21,1132,1,0,1,0,Karlan Grant,1997-09-18,Centre-Forward,Attack,right,183.0,23.78097193702943,8000000.0
314210,2020,25,1426,0,1,3,0,Tom Davies,1998-06-30,Central Midfield,Midfield,right,180.0,23.000684462696782,18000000.0
314353,2020,36,3033,2,7,2,0,Trent Alexander-Arnold,1998-10-07,Right-Back,Defender,right,180.0,22.729637234770706,75000000.0
314366,2020,5,114,0,0,0,0,Kyle Edwards,1998-02-17,Left Midfield,Midfield,right,178.0,23.364818617385353,1000000.0
314875,2020,38,2577,8,5,0,0,Jarrod Bowen,1996-12-20,Right Winger,Attack,left,176.0,24.525667351129364,30000000.0
315131,2020,1,81,0,0,1,0,Timothy Fosu-Mensah,1998-01-02,Right-Back,Defender,right,185.0,23.49075975359343,4000000.0
315779,2020,27,1737,4,2,2,0,Christian Pulisic,1998-09-18,Right Winger,Attack,right,177.0,22.781656399726216,50000000.0
315969,2020,32,2128,4,1,3,0,Scott McTominay,1996-12-08,Central Midfield,Midfield,right,193.0,24.55852156057495,35000000.0
316125,2020,27,2291,3,5,3,0,Ben Chilwell,1996-12-21,Left-Back,Defender,left,180.0,24.522929500342233,45000000.0
316264,2020,14,866,1,2,0,0,Martin Ødegaard,1998-12-17,Attacking Midfield,Midfield,left,178.0,22.535249828884325,40000000.0
319301,2020,15,912,3,1,3,0,Daniel James,1997-11-10,Right Winger,Attack,right,171.0,23.63586584531143,18000000.0
319745,2020,25,1614,0,3,4,0,Dani Ceballos,1996-08-07,Central Midfield,Midfield,right,179.0,24.895277207392198,27000000.0
320141,2020,23,1816,1,0,2,0,Çağlar Söyüncü,1996-05-23,Centre-Back,Defender,both,185.0,25.10335386721424,45000000.0
324358,2020,37,3329,14,5,4,0,Ollie Watkins,1995-12-30,Centre-Forward,Attack,right,180.0,25.50034223134839,32000000.0
324882,2020,13,751,0,0,3,0,Marvelous Nakamba,1994-01-19,Defensive Midfield,Midfield,left,177.0,27.444216290212182,7000000.0
328784,2020,17,1131,0,0,1,0,Robin Koch,1996-07-17,Centre-Back,Defender,right,192.0,24.95277207392197,17000000.0
329813,2020,1,47,0,0,0,0,João Virgínia,1999-10-10,Goalkeeper,Goalkeeper,left,192.0,21.72210814510609,1000000.0
331726,2020,22,1034,6,2,0,0,Tammy Abraham,1997-10-02,Centre-Forward,Attack,right,194.0,23.742642026009584,38000000.0
333014,2020,15,1121,1,1,4,0,Sander Berge,1998-02-14,Defensive Midfield,Midfield,right,195.0,23.37303216974675,18000000.0
333241,2020,31,1988,4,2,3,0,Joelinton,1996-08-14,Central Midfield,Midfield,right,186.0,24.876112251882272,17000000.0
335721,2020,36,3196,0,0,5,0,Ben White,1997-10-08,Right-Back,Defender,right,186.0,23.72621492128679,28000000.0
338070,2020,2,6,0,0,0,0,Konstantinos Tsimikas,1996-05-12,Left-Back,Defender,left,179.0,25.13347022587269,8000000.0
340322,2020,18,742,1,1,2,0,Nathan Tella,1999-07-05,Right Winger,Attack,right,173.0,21.987679671457904,2000000.0
340324,2020,17,414,2,1,0,0,Eddie Nketiah,1999-05-30,Centre-Forward,Attack,right,175.0,22.086242299794662,16000000.0
340325,2020,2,70,0,0,0,0,Reiss Nelson,1999-12-10,Left Winger,Attack,right,175.0,21.555099247091032,9000000.0
340329,2020,21,1214,8,0,1,0,Joe Willock,1999-08-20,Central Midfield,Midfield,right,186.0,21.861738535249827,16000000.0
340918,2020,2,180,0,0,0,0,Caoimhín Kelleher,1998-11-23,Goalkeeper,Goalkeeper,right,188.0,22.600958247775495,2500000.0
340950,2020,19,1113,9,0,2,0,Diogo Jota,1996-12-04,Left Winger,Attack,right,178.0,24.569472963723477,45000000.0
341051,2020,30,2649,0,3,4,0,Kyle Walker-Peters,1997-04-13,Right-Back,Defender,right,173.0,24.213552361396303,18000000.0
341317,2020,25,1273,1,1,2,0,Oliver Burke,1997-04-07,Centre-Forward,Attack,right,188.0,24.229979466119097,6000000.0
341429,2020,18,1486,0,0,1,0,Davinson Sánchez,1996-06-12,Centre-Back,Defender,right,188.0,25.048596851471594,32000000.0
341501,2020,10,314,0,0,1,0,Hamza Choudhury,1997-10-01,Defensive Midfield,Midfield,right,178.0,23.745379876796715,7000000.0
341647,2020,9,275,0,2,0,0,Cengiz Ünder,1997-07-14,Right Winger,Attack,left,173.0,23.96167008898015,18000000.0
342046,2020,9,403,0,0,2,0,Axel Tuanzebe,1997-11-14,Centre-Back,Defender,right,188.0,23.6249144421629,8000000.0
342048,2020,20,1237,1,0,0,0,Grady Diangana,1998-04-19,Right Winger,Attack,left,180.0,23.197809719370294,10000000.0
343052,2020,29,1612,10,1,1,1,Nicolas Pépé,1995-05-29,Right Winger,Attack,left,183.0,26.088980150581794,35000000.0
343475,2020,31,2683,0,2,4,0,Ben Godfrey,1998-01-15,Centre-Back,Defender,right,184.0,23.45516769336071,25000000.0
344009,2020,1,2,0,0,0,0,Nathan Broadhead,1998-04-05,Left Winger,Attack,right,178.0,23.236139630390145,500000.0
345468,2020,9,165,0,0,0,0,Andi Zeqiri,1999-06-22,Centre-Forward,Attack,left,185.0,22.023271731690624,2500000.0
346018,2020,24,1834,0,1,4,0,Jamal Lewis,1998-01-25,Left-Back,Defender,left,178.0,23.42778918548939,15000000.0
346478,2020,6,488,0,0,2,0,Japhet Tanganga,1999-03-31,Centre-Back,Defender,right,184.0,22.250513347022586,8000000.0
346482,2020,13,102,0,0,0,0,Dan Nlundulu,1999-02-05,Centre-Forward,Attack,right,185.0,22.39835728952772,1500000.0
346483,2020,36,2894,6,6,2,0,Mason Mount,1999-01-10,Attacking Midfield,Midfield,right,181.0,22.469541409993155,75000000.0
346707,2020,22,1408,0,1,2,0,Sean Longstaff,1997-10-30,Central Midfield,Midfield,right,187.0,23.665982203969882,15000000.0
346779,2020,36,2674,9,5,1,0,Ché Adams,1996-07-13,Centre-Forward,Attack,right,175.0,24.9637234770705,20000000.0
348623,2020,28,2289,1,0,9,0,Mason Holgate,1996-10-22,Centre-Back,Defender,right,187.0,24.687200547570157,20000000.0
348795,2020,18,950,1,1,5,0,Giovani Lo Celso,1996-04-09,Attacking Midfield,Midfield,left,177.0,25.22381930184805,27000000.0
349701,2020,28,2162,0,0,4,1,Antonee Robinson,1997-08-08,Left-Back,Defender,left,183.0,23.89322381930185,7000000.0
351749,2020,29,2429,1,2,10,0,Kalvin Phillips,1995-12-02,Defensive Midfield,Midfield,right,179.0,25.57700205338809,30000000.0
351755,2020,35,2930,1,3,5,0,Darnell Furlong,1995-10-31,Right-Back,Defender,right,183.0,25.66461327857632,5000000.0
354361,2020,36,2585,0,3,6,0,Frank Anguissa,1995-11-16,Central Midfield,Midfield,right,184.0,25.620807665982205,25000000.0
357158,2020,2,172,0,0,0,0,Rúben Vinagre,1999-04-09,Left Midfield,Midfield,left,174.0,22.2258726899384,5000000.0
357565,2020,34,2748,2,2,6,0,Rodri,1996-06-22,Defensive Midfield,Midfield,right,190.0,25.021218343600275,70000000.0
357656,2020,1,1,0,0,0,0,Jayson Molumby,1999-08-06,Central Midfield,Midfield,right,176.0,21.900068446269678,1000000.0
357662,2020,32,2880,2,1,2,0,Declan Rice,1999-01-14,Central Midfield,Midfield,right,188.0,22.458590006844627,65000000.0
357885,2020,33,2584,5,4,3,0,Pablo Fornals,1996-02-22,Central Midfield,Midfield,right,178.0,25.352498288843258,18000000.0
361260,2020,9,803,0,0,3,0,Ozan Kabak,2000-03-25,Centre-Back,Defender,right,187.0,21.26488706365503,25000000.0
363205,2020,29,2059,9,4,2,0,Gabriel Jesus,1997-04-03,Centre-Forward,Attack,right,175.0,24.240930869267626,60000000.0
364135,2020,2,13,0,0,0,0,Moise Kean,2000-02-28,Centre-Forward,Attack,right,183.0,21.336071184120467,35000000.0
364258,2020,3,205,0,0,0,0,Bernardo,1995-05-14,Left-Back,Defender,left,186.0,26.130047912388775,4000000.0
371814,2020,17,1455,1,1,2,0,Nathaniel Phillips,1997-03-21,Centre-Back,Defender,right,190.0,24.27652292950034,8000000.0
378710,2020,34,2872,7,3,4,1,Richarlison,1997-05-10,Centre-Forward,Attack,right,184.0,24.139630390143736,55000000.0
381156,2020,4,37,0,0,1,0,Joel Mumbongo,1999-01-09,Centre-Forward,Attack,right,188.0,22.472279260780287,300000.0
381362,2020,3,16,0,0,0,0,Wesley Moraes,1996-11-24,Centre-Forward,Attack,right,191.0,24.5968514715948,13000000.0
384461,2020,12,647,0,0,0,0,Jakub Moder,1999-04-07,Central Midfield,Midfield,right,191.0,22.23134839151266,10000000.0
387331,2020,3,61,0,0,0,0,Sam Field,1998-05-08,Defensive Midfield,Midfield,left,191.0,23.145790554414784,1000000.0
392763,2020,14,344,0,0,0,0,Ian Poveda,2000-02-09,Right Winger,Attack,left,167.0,21.388090349075977,1500000.0
392765,2020,20,1449,2,4,0,0,Emile Smith Rowe,2000-07-28,Attacking Midfield,Midfield,right,182.0,20.922655715263517,18000000.0
392768,2020,23,1058,2,3,0,0,Callum Hudson-Odoi,2000-11-07,Left Winger,Attack,right,178.0,20.643394934976044,32000000.0
392771,2020,25,2091,0,0,3,0,Ethan Ampadu,2000-09-14,Defensive Midfield,Midfield,right,182.0,20.791238877481177,15000000.0
396174,2020,3,270,1,0,1,0,Jimmy Dunne,1997-10-19,Right-Back,Defender,right,191.0,23.696098562628336,600000.0
397102,2020,6,261,0,0,0,0,Josh Benson,1999-12-05,Central Midfield,Midfield,right,175.0,21.568788501026695,400000.0
398065,2020,25,1950,9,4,0,0,Harvey Barnes,1997-12-09,Left Winger,Attack,right,182.0,23.5564681724846,35000000.0
398184,2020,24,1307,7,2,1,0,Ferran Torres,2000-02-29,Centre-Forward,Attack,right,183.0,21.333333333333332,50000000.0
401320,2020,28,2103,0,0,3,0,Dara O'Shea,1999-03-04,Centre-Back,Defender,right,189.0,22.324435318275153,3000000.0
403151,2020,27,2430,0,0,2,0,Robert Sánchez,1997-11-18,Goalkeeper,Goalkeeper,right,197.0,23.613963039014372,8000000.0
405686,2020,1,4,0,0,0,0,Reda Khadra,2001-07-04,Attacking Midfield,Midfield,right,175.0,19.98904859685147,150000.0
406008,2020,3,101,0,0,0,0,Yan Valery,1999-02-22,Right-Back,Defender,right,185.0,22.351813826146476,3000000.0
406040,2020,34,2756,4,4,5,0,Ademola Lookman,1997-10-20,Left Winger,Attack,right,174.0,23.693360711841205,11000000.0
406560,2020,27,1122,0,0,1,0,Rhian Brewster,2000-04-01,Centre-Forward,Attack,right,180.0,21.245722108145106,12000000.0
406635,2020,28,1614,9,5,0,0,Phil Foden,2000-05-28,Attacking Midfield,Midfield,left,171.0,21.089664613278575,80000000.0
410425,2020,36,3114,1,0,8,1,Yves Bissouma,1996-08-30,Defensive Midfield,Midfield,right,182.0,24.83230663928816,25000000.0
410436,2020,4,360,0,0,0,0,Bailey Peacock-Farrell,1996-10-29,Goalkeeper,Goalkeeper,left,194.0,24.66803559206023,1000000.0
410708,2020,27,2076,1,0,3,0,Pascal Struijk,1999-08-11,Centre-Back,Defender,left,190.0,21.88637919233402,9000000.0
411295,2020,30,2364,6,9,3,0,Raphinha,1996-12-14,Left Winger,Attack,left,176.0,24.542094455852155,30000000.0
412660,2020,15,265,1,1,0,0,Keinan Davis,1998-02-13,Centre-Forward,Attack,left,189.0,23.37577002053388,3000000.0
413032,2020,22,1012,0,0,3,0,Ibrahima Diallo,1999-03-08,Defensive Midfield,Midfield,right,179.0,22.313483915126625,15000000.0
413220,2020,23,2070,2,2,4,0,James Justin,1998-02-23,Right-Back,Defender,both,183.0,23.34839151266256,17000000.0
413403,2020,36,3195,2,0,3,0,Ezri Konsa,1997-10-23,Centre-Back,Defender,right,180.0,23.685147159479808,25000000.0
417346,2020,36,2855,8,8,2,0,Jack Harrison,1996-11-20,Left Winger,Attack,left,175.0,24.607802874743328,15000000.0
420002,2020,7,218,1,0,0,0,Jean-Philippe Mateta,1997-06-28,Centre-Forward,Attack,right,192.0,24.005475701574266,13000000.0
421424,2020,1,67,0,0,0,0,Jake Vokins,2000-03-17,Left-Back,Defender,left,180.0,21.286789869952088,250000.0
423744,2020,5,259,0,0,0,0,Billy Gilmour,2001-06-11,Defensive Midfield,Midfield,right,170.0,20.05201916495551,10000000.0
425334,2020,28,2378,0,2,8,0,Matty Cash,1997-08-07,Right-Back,Defender,right,185.0,23.89596167008898,22000000.0
427568,2020,38,3420,0,0,1,0,Aaron Ramsdale,1998-05-14,Goalkeeper,Goalkeeper,right,190.0,23.129363449691994,12000000.0
429014,2020,11,410,1,0,1,0,Morgan Gibbs-White,2000-01-27,Attacking Midfield,Midfield,right,171.0,21.423682409308693,7000000.0
433177,2020,32,2561,5,4,1,0,Bukayo Saka,2001-09-05,Right Winger,Attack,left,178.0,19.81656399726215,65000000.0
433188,2020,24,1178,1,2,2,0,Curtis Jones,2001-01-30,Central Midfield,Midfield,right,185.0,20.413415468856947,30000000.0
434207,2020,17,791,2,1,0,0,Aaron Connolly,2000-01-28,Centre-Forward,Attack,right,174.0,21.420944558521562,7000000.0
435338,2020,23,1997,2,0,4,0,Gabriel,1997-12-19,Centre-Back,Defender,left,190.0,23.529089664613277,25000000.0
442531,2020,31,2745,0,0,2,0,Edouard Mendy,1992-03-01,Goalkeeper,Goalkeeper,right,194.0,29.3305954825462,25000000.0
444208,2020,4,57,0,0,0,0,Michael Obafemi,2000-07-06,Centre-Forward,Attack,right,170.0,20.982888432580424,3000000.0
444211,2020,3,173,0,0,0,0,Will Smallbone,2000-02-21,Central Midfield,Midfield,right,183.0,21.35523613963039,2000000.0
447661,2020,33,2791,0,2,10,0,Douglas Luiz,1998-05-09,Central Midfield,Midfield,right,177.0,23.143052703627653,35000000.0
450936,2020,33,2106,3,2,3,0,Tanguy Ndombélé,1996-12-28,Central Midfield,Midfield,right,181.0,24.503764544832308,50000000.0
453824,2020,15,809,3,0,0,0,Josh Maja,1998-12-27,Centre-Forward,Attack,right,181.0,22.507871321013006,5000000.0
456877,2020,2,31,0,0,0,0,Rekeem Harper,2000-03-08,Central Midfield,Midfield,right,183.0,21.311430527036276,2500000.0
461882,2020,1,9,0,0,0,0,Khanya Leshabela,1999-09-18,Central Midfield,Midfield,,175.0,21.782340862423,100000.0
465294,2020,1,12,0,0,0,0,Allan Tchaptchet,2001-12-21,Centre-Back,Defender,,193.0,19.523613963039015,150000.0
465717,2020,16,1108,2,0,2,0,Jayden Bogle,2000-07-27,Right-Back,Defender,right,178.0,20.92539356605065,7000000.0
466794,2020,6,380,0,0,0,0,Eric García,2001-01-09,Centre-Back,Defender,right,183.0,20.470910335386723,20000000.0
468002,2020,14,518,1,0,1,0,Ben Johnson,2000-01-24,Right-Back,Defender,right,184.0,21.43189596167009,3000000.0
472423,2020,32,2367,1,2,3,0,Reece James,1999-12-08,Right-Back,Defender,right,180.0,21.560574948665298,40000000.0
475411,2020,28,2265,0,1,7,0,Wesley Fofana,2000-12-17,Centre-Back,Defender,right,188.0,20.53388090349076,40000000.0
476237,2020,15,897,1,0,2,0,Steven Alzate,1998-09-08,Central Midfield,Midfield,right,180.0,22.809034907597535,6000000.0
477758,2020,34,3060,2,4,3,0,Aaron Wan-Bissaka,1997-11-26,Right-Back,Defender,right,183.0,23.592060232717316,40000000.0
479999,2020,34,2563,4,6,3,0,Eberechi Eze,1998-06-29,Attacking Midfield,Midfield,right,178.0,23.003422313483917,20000000.0
484387,2020,5,377,0,0,0,0,Matty Longstaff,2000-03-21,Central Midfield,Midfield,right,171.0,21.27583846680356,5000000.0
485424,2020,27,1238,1,0,5,0,Moussa Djenepo,1998-06-15,Left Winger,Attack,right,177.0,23.041752224503764,13000000.0
485583,2020,12,574,0,0,1,0,Ki-Jana Hoever,2002-01-18,Right-Back,Defender,right,183.0,19.446954140999317,7000000.0
487465,2020,31,2560,5,6,4,0,Pedro Neto,2000-03-09,Right Winger,Attack,left,174.0,21.308692676249144,35000000.0
487469,2020,19,513,0,1,0,0,Vitinha,2000-02-13,Defensive Midfield,Midfield,right,170.0,21.377138945927445,7000000.0
488362,2020,30,2532,2,2,11,0,Conor Gallagher,2000-02-06,Central Midfield,Midfield,right,182.0,21.39630390143737,15000000.0
503679,2020,9,660,0,0,0,0,Rhys Williams,2001-02-03,Centre-Back,Defender,right,195.0,20.40246406570842,5000000.0
503680,2020,6,249,0,0,1,0,Neco Williams,2001-04-13,Left-Back,Defender,right,183.0,20.213552361396303,8000000.0
503733,2020,3,88,0,0,0,0,Anthony Gordon,2001-02-24,Left Winger,Attack,right,183.0,20.344969199178646,5000000.0
503749,2020,22,615,0,0,0,0,Jacob Ramsey,2001-05-28,Central Midfield,Midfield,right,180.0,20.09034907597536,5000000.0
504148,2020,11,890,1,3,4,0,Tariq Lamptey,2000-09-30,Right-Back,Defender,right,163.0,20.747433264887064,18000000.0
505194,2020,14,970,1,0,2,0,Luke Thomas,2001-06-10,Left-Back,Defender,left,181.0,20.05475701574264,5000000.0
505653,2020,32,1356,4,3,2,0,Fábio Silva,2002-07-19,Centre-Forward,Attack,right,185.0,18.94866529774127,25000000.0
507472,2020,2,3,0,0,0,1,Alexandre Jankewitz,2001-12-25,Central Midfield,Midfield,right,185.0,19.512662559890487,500000.0
507700,2020,4,187,0,0,0,0,Brandon Williams,2000-09-03,Left-Back,Defender,right,180.0,20.82135523613963,10000000.0
511813,2020,2,85,0,0,0,0,Sidnei Tavares,2001-09-29,Defensive Midfield,Midfield,right,188.0,19.750855578370977,300000.0
511815,2020,6,187,0,1,1,0,Owen Otasowie,2001-01-06,Defensive Midfield,Midfield,right,191.0,20.479123887748116,1500000.0
525247,2020,18,1307,0,1,4,0,Maximilian Kilman,1997-05-23,Centre-Back,Defender,left,194.0,24.10403832991102,4500000.0
525287,2020,9,305,1,0,2,0,Carlos Vinícius,1995-03-25,Centre-Forward,Attack,left,190.0,26.26694045174538,18000000.0
528888,2020,1,14,0,0,0,0,Tyrese Francois,2000-07-16,Central Midfield,Midfield,left,173.0,20.955509924709105,150000.0
530879,2020,1,90,0,0,1,0,Kayne Ramsay,2000-10-10,Right-Back,Defender,right,179.0,20.720054757015742,250000.0
532826,2020,31,1826,7,2,2,0,Mason Greenwood,2001-10-01,Right Winger,Attack,both,181.0,19.745379876796715,50000000.0
534033,2020,21,1115,1,1,1,0,Alexis Mac Allister,1998-12-24,Central Midfield,Midfield,right,176.0,22.5160848733744,10000000.0
534700,2020,13,455,0,0,0,0,Jamie Shackleton,1999-10-08,Central Midfield,Midfield,right,168.0,21.727583846680357,2500000.0
536835,2020,3,167,0,1,0,0,Amad Diallo,2002-07-11,Right Winger,Attack,left,173.0,18.97056810403833,18000000.0
542586,2020,35,3150,0,0,0,0,Illan Meslier,2000-03-02,Goalkeeper,Goalkeeper,left,197.0,21.32785763175907,20000000.0
559263,2020,4,255,1,0,0,0,Fábio Carvalho,2002-08-30,Attacking Midfield,Midfield,right,170.0,18.833675564681723,250000.0
559801,2020,1,37,0,0,0,0,Niall Huggins,2000-12-18,Right-Back,Defender,right,173.0,20.531143052703626,200000.0
563963,2020,12,842,0,0,1,0,Mohammed Salisu,1999-04-17,Centre-Back,Defender,left,188.0,22.203969883641342,10000000.0
567576,2020,1,3,0,0,0,0,Elliot Anderson,2002-11-06,Central Midfield,Midfield,right,179.0,18.647501711156742,200000.0
568535,2020,1,8,0,0,0,0,Theo Corbeanu,2002-05-17,Right Winger,Attack,left,190.0,19.121149897330596,500000.0
578391,2020,21,1405,1,1,1,0,Rayan Aït-Nouri,2001-06-06,Left-Back,Defender,left,180.0,20.06570841889117,18000000.0
583189,2020,2,156,1,0,0,0,Anthony Elanga,2002-04-27,Right Winger,Attack,right,178.0,19.175906913073238,800000.0
584769,2020,36,3072,2,5,1,0,Dwight McNeil,1999-11-22,Left Winger,Attack,left,183.0,21.60438056125941,22000000.0
591193,2020,2,81,0,0,1,0,Niels Nkounkou,2000-11-01,Left-Back,Defender,left,180.0,20.659822039698838,3000000.0
596446,2020,2,31,0,0,0,0,Leif Davis,1999-12-31,Left-Back,Defender,left,182.0,21.49760438056126,800000.0
607224,2020,1,8,0,0,0,0,Hannibal,2003-01-21,Attacking Midfield,Midfield,right,177.0,18.439425051334702,3000000.0
610665,2020,3,36,0,0,1,0,Caleb Watts,2002-01-16,Attacking Midfield,Midfield,right,,19.45242984257358,250000.0
610849,2020,1,39,0,0,0,0,Liam Delap,2003-02-08,Centre-Forward,Attack,right,186.0,18.390143737166323,1000000.0
623570,2020,1,11,0,0,0,0,Iliman Ndiaye,2000-03-06,Right Winger,Attack,right,180.0,21.31690622861054,200000.0
638649,2020,1,1,0,0,0,0,Femi Seriki,2002-04-28,Right-Back,Defender,right,183.0,19.173169062286107,200000.0
640026,2020,2,10,0,0,0,0,Shola Shoretire,2004-02-02,Left Winger,Attack,both,179.0,17.4072553045859,3000000.0
640245,2020,1,1,0,0,0,0,Will Fish,2003-02-17,Centre-Back,Defender,right,185.0,18.365503080082135,500000.0
655488,2020,14,586,2,1,0,0,Gabriel Martinelli,2001-06-18,Left Winger,Attack,right,178.0,20.032854209445585,22000000.0
657863,2020,2,3,0,0,0,0,Lewis Richardson,2003-02-07,Attacking Midfield,Midfield,right,178.0,18.392881587953458,200000.0
659459,2020,2,18,0,0,0,0,Carney Chukwuemeka,2003-10-20,Central Midfield,Midfield,right,187.0,17.694729637234772,1000000.0
665390,2020,1,1,0,0,0,0,Jaden Philogene,2002-02-08,Left Winger,Attack,right,181.0,19.38945927446954,500000.0
670883,2020,1,1,0,0,0,0,Dane Scarlett,2004-03-24,Centre-Forward,Attack,right,180.0,17.267624914442163,250000.0
730893,2020,19,1710,1,1,1,0,Tyrick Mitchell,1999-09-01,Left-Back,Defender,left,181.0,21.828884325804243,7000000.0
746740,2020,4,284,1,0,0,0,Daniel Jebbison,2003-08-13,Centre-Forward,Attack,right,190.0,17.880903490759753,1000000.0
3333,2021,24,850,0,1,2,0,James Milner,1986-01-04,Central Midfield,Midfield,right,175.0,36.48459958932238,2000000.0
8198,2021,30,2459,18,3,8,0,Cristiano Ronaldo,1985-02-05,Centre-Forward,Attack,right,185.0,37.39630390143737,30000000.0
13572,2021,26,2340,0,1,0,0,Ben Foster,1983-04-03,Goalkeeper,Goalkeeper,left,193.0,39.24161533196441,300000.0
14086,2021,24,1238,0,2,2,0,Ashley Young,1985-07-09,Right-Back,Defender,both,175.0,36.97467488021903,1000000.0
14221,2021,28,1549,2,0,2,0,Aaron Lennon,1987-04-16,Right Winger,Attack,right,165.0,35.20602327173169,1000000.0
16911,2021,37,3330,0,0,1,0,Kasper Schmeichel,1986-11-05,Goalkeeper,Goalkeeper,right,189.0,35.64955509924709,4000000.0
17965,2021,38,3420,0,0,2,0,Hugo Lloris,1986-12-26,Goalkeeper,Goalkeeper,left,188.0,35.50992470910335,7000000.0
19948,2021,2,180,0,0,1,0,Willy Caballero,1981-09-28,Goalkeeper,Goalkeeper,right,186.0,40.75290896646133,250000.0
26267,2021,19,958,2,1,1,0,Fernandinho,1985-05-04,Defensive Midfield,Midfield,right,179.0,37.15537303216975,1500000.0
29241,2021,32,2651,3,1,2,0,Thiago Silva,1984-09-22,Centre-Back,Defender,right,181.0,37.76865160848734,2500000.0
29364,2021,35,2976,2,1,4,0,João Moutinho,1986-09-08,Central Midfield,Midfield,right,170.0,35.80835044490075,2500000.0
29692,2021,37,3330,0,0,2,0,Lukasz Fabianski,1985-04-18,Goalkeeper,Goalkeeper,right,190.0,37.19917864476386,1000000.0
29712,2021,2,135,0,0,0,0,John Ruddy,1986-10-24,Goalkeeper,Goalkeeper,right,192.0,35.68240930869268,300000.0
31835,2021,11,327,1,0,0,0,Mark Noble,1987-05-08,Central Midfield,Midfield,right,180.0,35.14579055441479,1000000.0
33027,2021,29,2610,0,0,1,0,Tim Krul,1988-04-03,Goalkeeper,Goalkeeper,left,193.0,34.23956194387406,2000000.0
33713,2021,9,379,0,0,0,0,Theo Walcott,1989-03-16,Right Winger,Attack,both,175.0,33.28952772073922,1800000.0
33873,2021,3,270,0,0,0,0,Asmir Begovic,1987-06-20,Goalkeeper,Goalkeeper,right,199.0,35.0280629705681,1000000.0
37304,2021,13,303,1,0,1,0,Shane Long,1987-01-22,Centre-Forward,Attack,both,180.0,35.436002737850785,800000.0
40611,2021,4,338,0,0,1,0,Ryan Bertrand,1989-08-05,Left-Back,Defender,left,179.0,32.90075290896646,3000000.0
40613,2021,20,1676,1,0,4,0,Jack Cork,1989-06-25,Defensive Midfield,Midfield,right,185.0,33.01300479123888,1800000.0
41416,2021,21,1437,0,4,3,0,James McArthur,1987-10-07,Central Midfield,Midfield,both,178.0,34.729637234770706,1200000.0
42412,2021,18,1350,1,1,3,0,Jonny Evans,1988-01-03,Centre-Back,Defender,both,188.0,34.48870636550308,4000000.0
43530,2021,24,1561,0,1,4,0,Adam Lallana,1988-05-10,Attacking Midfield,Midfield,both,172.0,34.13826146475017,2000000.0
43763,2021,12,727,0,1,1,0,Erik Pieters,1988-08-07,Centre-Back,Defender,left,183.0,33.894592744695416,900000.0
44068,2021,7,232,0,0,0,0,Juan Mata,1988-04-28,Attacking Midfield,Midfield,left,170.0,34.171115674195754,2500000.0
44983,2021,4,164,1,0,0,0,Dan Gosling,1990-02-01,Central Midfield,Midfield,right,180.0,32.407939767282684,1000000.0
45494,2021,2,180,0,0,0,0,Wayne Hennessey,1987-01-24,Goalkeeper,Goalkeeper,right,198.0,35.43052703627652,500000.0
45671,2021,1,6,0,0,0,0,Cenk Tosun,1991-06-07,Centre-Forward,Attack,right,183.0,31.06365503080082,2000000.0
46001,2021,36,3221,2,1,5,0,Moussa Sissoko,1989-08-16,Central Midfield,Midfield,right,187.0,32.87063655030801,4500000.0
46972,2021,37,3261,11,3,4,0,Teemu Pukki,1990-03-29,Centre-Forward,Attack,right,180.0,32.25462012320329,4000000.0
48002,2021,11,922,1,0,1,0,Angelo Ogbonna,1988-05-23,Centre-Back,Defender,left,191.0,34.10266940451746,1200000.0
48280,2021,15,765,2,1,0,0,Edinson Cavani,1987-02-14,Centre-Forward,Attack,right,184.0,35.37303216974675,4000000.0
48870,2021,2,180,0,0,0,0,Jonas Lössl,1989-02-01,Goalkeeper,Goalkeeper,right,195.0,33.4072553045859,1000000.0
49755,2021,3,123,0,0,1,0,Dale Stephens,1989-06-12,Central Midfield,Midfield,right,185.0,33.04859685147159,1000000.0
50174,2021,8,689,0,0,4,0,Danny Rose,1990-07-02,Left-Back,Defender,left,173.0,31.994524298425734,2200000.0
50201,2021,25,1137,4,1,3,0,Christian Benteke,1990-12-03,Centre-Forward,Attack,right,190.0,31.572895277207394,6000000.0
50362,2021,11,666,0,0,2,0,Fabian Delph,1989-11-21,Central Midfield,Midfield,left,174.0,32.60506502395619,1800000.0
51471,2021,25,1556,2,5,4,0,Mateo Kovacic,1994-05-06,Central Midfield,Midfield,right,178.0,28.150581793292265,42000000.0
52059,2021,8,517,1,0,2,0,Zanka,1990-04-23,Centre-Back,Defender,right,189.0,32.186173853524984,1200000.0
52570,2021,19,1710,0,0,1,0,Fraser Forster,1988-03-17,Goalkeeper,Goalkeeper,right,201.0,34.286105407255306,2000000.0
53360,2021,29,1371,2,2,3,0,Jay Rodríguez,1989-07-29,Centre-Forward,Attack,right,185.0,32.91991786447639,2000000.0
53622,2021,27,1855,8,3,1,0,İlkay Gündoğan,1990-10-24,Central Midfield,Midfield,right,180.0,31.682409308692677,25000000.0
57500,2021,27,2074,1,2,3,0,César Azpilicueta,1989-08-28,Centre-Back,Defender,right,178.0,32.837782340862425,9000000.0
58864,2021,14,1040,4,1,3,0,Pierre-Emerick Aubameyang,1989-06-18,Centre-Forward,Attack,right,187.0,33.0321697467488,15000000.0
59377,2021,38,3420,0,0,0,0,David de Gea,1990-11-07,Goalkeeper,Goalkeeper,right,192.0,31.644079397672826,15000000.0
59606,2021,31,2396,0,1,3,0,Craig Cathcart,1989-02-06,Centre-Back,Defender,right,189.0,33.39356605065024,1200000.0
60444,2021,25,1537,1,4,2,0,Thiago Alcántara,1991-04-11,Central Midfield,Midfield,right,174.0,31.21971252566735,20000000.0
60577,2021,3,168,0,0,0,0,Nicolas N'Koulou,1990-03-27,Centre-Back,Defender,right,184.0,32.26009582477755,2500000.0
61560,2021,17,1127,1,2,3,0,Marc Albrighton,1989-11-18,Right Midfield,Midfield,right,175.0,32.61327857631759,2500000.0
61592,2021,8,546,1,0,2,0,James Tomkins,1989-03-29,Centre-Back,Defender,right,192.0,33.2539356605065,1500000.0
61651,2021,35,2603,2,5,3,0,Jordan Henderson,1990-06-17,Defensive Midfield,Midfield,right,182.0,32.035592060232716,15000000.0
61842,2021,21,1458,3,2,3,0,Andros Townsend,1991-07-16,Right Winger,Attack,left,181.0,30.95687885010267,5000000.0
63200,2021,23,799,1,0,4,0,Ashley Barnes,1989-10-30,Centre-Forward,Attack,right,185.0,32.6652977412731,1500000.0
64399,2021,30,2655,0,0,2,0,Vicente Guaita,1987-01-10,Goalkeeper,Goalkeeper,right,190.0,35.46885694729637,1500000.0
66100,2021,36,2899,2,2,9,0,Oriol Romeu,1991-09-24,Defensive Midfield,Midfield,right,183.0,30.765229295003422,5000000.0
66934,2021,27,1978,0,1,3,0,Cheikhou Kouyaté,1989-12-21,Defensive Midfield,Midfield,right,189.0,32.52292950034223,4000000.0
67063,2021,25,1476,6,3,0,0,Danny Welbeck,1990-11-26,Centre-Forward,Attack,right,185.0,31.592060232717316,4000000.0
67420,2021,26,2275,2,2,4,1,Luke Ayling,1991-08-25,Right-Back,Defender,right,183.0,30.847364818617386,4000000.0
68390,2021,30,2658,1,1,4,0,Séamus Coleman,1988-10-11,Right-Back,Defender,right,177.0,33.71663244353183,3000000.0
69015,2021,19,304,1,0,1,0,Andriy Yarmolenko,1989-10-23,Right Winger,Attack,left,189.0,32.68446269678302,2500000.0
69633,2021,11,938,1,4,1,0,Christian Eriksen,1992-02-14,Attacking Midfield,Midfield,right,182.0,30.373716632443532,20000000.0
71292,2021,24,1986,2,1,7,0,Jonjo Shelvey,1992-02-27,Central Midfield,Midfield,right,184.0,30.338124572210816,10000000.0
72476,2021,4,360,0,0,0,0,Bernd Leno,1992-03-04,Goalkeeper,Goalkeeper,right,190.0,30.321697467488022,9000000.0
73484,2021,28,1623,0,2,2,0,Tom Cleverley,1989-08-12,Central Midfield,Midfield,right,175.0,32.88158795345654,1800000.0
73564,2021,1,90,0,0,0,0,Jason Steele,1990-08-18,Goalkeeper,Goalkeeper,right,188.0,31.865845311430526,600000.0
74300,2021,15,776,0,0,1,0,Luka Milivojevic,1991-04-07,Defensive Midfield,Midfield,right,186.0,31.23066392881588,4000000.0
74683,2021,23,1383,0,4,3,0,Nemanja Matić,1988-08-01,Defensive Midfield,Midfield,left,194.0,33.91101984941821,5000000.0
74810,2021,21,1840,3,0,3,0,Ben Mee,1989-09-21,Centre-Back,Defender,left,180.0,32.772073921971256,2500000.0
74943,2021,26,1923,1,1,5,0,Juraj Kucka,1987-02-26,Central Midfield,Midfield,right,186.0,35.34017796030116,1800000.0
74960,2021,26,2340,0,0,1,0,Martin Dúbravka,1989-01-15,Goalkeeper,Goalkeeper,right,191.0,33.45379876796714,4000000.0
75067,2021,21,1815,0,1,5,0,Liam Cooper,1991-08-30,Centre-Back,Defender,left,186.0,30.833675564681723,7000000.0
75458,2021,1,90,0,0,0,0,Robin Olsen,1990-01-08,Goalkeeper,Goalkeeper,right,196.0,32.473648186173854,2000000.0
76467,2021,27,2150,0,5,2,0,Kiko Femenía,1991-02-02,Right-Back,Defender,right,174.0,31.405886379192335,2500000.0
77100,2021,34,1774,2,6,4,0,Lucas Moura,1992-08-13,Right Winger,Attack,right,172.0,29.87816563997262,20000000.0
77812,2021,3,157,0,0,0,0,Christoph Zimmermann,1993-01-12,Centre-Back,Defender,right,194.0,29.462012320328544,1000000.0
80197,2021,20,783,1,1,2,1,Salomón Rondón,1989-09-16,Centre-Forward,Attack,right,186.0,32.785763175906915,2500000.0
80444,2021,19,1338,5,3,0,0,Philippe Coutinho,1992-06-12,Attacking Midfield,Midfield,right,172.0,30.04791238877481,20000000.0
81512,2021,16,1190,0,0,0,0,Christian Kabasele,1991-02-24,Centre-Back,Defender,right,187.0,31.345653661875428,3000000.0
82105,2021,31,2790,3,3,2,0,Joel Matip,1991-08-08,Centre-Back,Defender,right,195.0,30.89390828199863,18000000.0
82863,2021,19,762,0,0,0,0,Lukas Rupp,1991-01-08,Central Midfield,Midfield,right,178.0,31.474332648870636,1200000.0
82873,2021,29,2043,2,4,1,0,Pascal Groß,1991-06-15,Central Midfield,Midfield,right,181.0,31.041752224503764,6000000.0
85177,2021,16,1351,0,1,1,0,Nathaniel Clyne,1991-04-05,Right-Back,Defender,right,175.0,31.236139630390145,2000000.0
85475,2021,7,522,0,0,0,0,Federico Fernández,1989-02-21,Centre-Back,Defender,right,190.0,33.35249828884326,1500000.0
86202,2021,34,3036,3,2,9,0,Antonio Rüdiger,1993-03-03,Centre-Back,Defender,right,190.0,29.32511978097194,40000000.0
88755,2021,30,2206,15,8,2,0,Kevin De Bruyne,1991-06-28,Attacking Midfield,Midfield,right,181.0,31.006160164271048,85000000.0
89231,2021,18,1105,0,1,2,0,Jóhann Berg Gudmundsson,1990-10-27,Right Winger,Attack,left,186.0,31.67419575633128,2000000.0
91059,2021,32,2249,5,3,5,0,Joshua King,1992-01-15,Centre-Forward,Attack,right,180.0,30.455852156057496,8000000.0
91317,2021,27,2289,0,3,7,0,Ashley Westwood,1990-04-01,Defensive Midfield,Midfield,right,174.0,32.24640657084189,2000000.0
91845,2021,35,3022,23,9,2,0,Heung-min Son,1992-07-08,Left Winger,Attack,both,183.0,29.976728268309376,75000000.0
92469,2021,18,1334,0,2,5,0,Matt Ritchie,1989-09-10,Right Midfield,Midfield,left,173.0,32.80219028062971,1800000.0
92571,2021,31,2728,2,3,3,0,Aaron Cresswell,1989-12-15,Left-Back,Defender,left,170.0,32.539356605065024,3000000.0
92572,2021,28,2486,0,0,8,0,Joel Ward,1989-10-29,Right-Back,Defender,right,186.0,32.668035592060235,2000000.0
92738,2021,33,2082,1,2,5,0,Mateusz Klich,1990-06-13,Defensive Midfield,Midfield,right,183.0,32.04654346338125,3000000.0
93720,2021,30,1787,4,7,0,0,Alexandre Lacazette,1991-05-28,Centre-Forward,Attack,right,175.0,31.091033538672143,15000000.0
94005,2021,2,91,0,0,1,0,Sead Kolasinac,1993-06-20,Centre-Back,Defender,left,183.0,29.026694045174537,3000000.0
95424,2021,20,1755,0,2,1,0,Kyle Walker,1990-05-28,Right-Back,Defender,right,183.0,32.09034907597536,18000000.0
95810,2021,6,430,2,0,0,0,Kieran Trippier,1990-09-19,Right-Back,Defender,right,173.0,31.7782340862423,15000000.0
95976,2021,17,1530,0,0,1,0,Alex McCarthy,1989-12-03,Goalkeeper,Goalkeeper,right,193.0,32.57221081451061,3000000.0
96341,2021,26,1586,8,1,1,0,Romelu Lukaku,1993-05-13,Centre-Forward,Attack,left,190.0,29.130732375085557,70000000.0
98240,2021,13,1014,0,1,2,1,Ciaran Clark,1989-09-26,Centre-Back,Defender,left,185.0,32.75838466803559,1800000.0
99331,2021,10,564,0,0,2,0,Jannik Vestergaard,1992-08-03,Centre-Back,Defender,both,199.0,29.905544147843944,13000000.0
99397,2021,8,720,0,0,1,0,Karl Darlow,1990-10-08,Goalkeeper,Goalkeeper,right,190.0,31.72621492128679,2500000.0
101500,2021,22,668,2,3,1,0,Matej Vydra,1992-05-01,Centre-Forward,Attack,right,180.0,30.16290212183436,2000000.0
102017,2021,29,2279,6,2,5,0,Jorginho,1991-12-20,Defensive Midfield,Midfield,right,180.0,30.527036276522928,40000000.0
102258,2021,25,1773,1,2,3,1,Matthew Lowton,1989-06-09,Right-Back,Defender,right,180.0,33.05681040383299,1200000.0
104124,2021,36,2980,10,8,8,0,Michail Antonio,1990-03-28,Centre-Forward,Attack,right,180.0,32.257357973990416,10000000.0
105470,2021,36,3240,0,1,0,0,Alisson,1992-10-02,Goalkeeper,Goalkeeper,right,193.0,29.741273100616016,50000000.0
108354,2021,31,2025,3,3,2,0,Jordan Ayew,1991-09-11,Centre-Forward,Attack,right,182.0,30.80082135523614,6000000.0
108725,2021,34,2707,5,0,1,0,Chris Wood,1991-12-07,Centre-Forward,Attack,right,191.0,30.562628336755647,10000000.0
110867,2021,1,90,0,0,0,0,Jed Steer,1992-09-23,Goalkeeper,Goalkeeper,left,183.0,29.765913757700204,600000.0
111051,2021,14,1035,0,0,3,0,Nampalys Mendy,1992-06-23,Defensive Midfield,Midfield,right,168.0,30.017796030116358,4000000.0
111114,2021,6,408,0,0,1,0,Kevin Long,1990-08-18,Centre-Back,Defender,right,188.0,31.865845311430526,1000000.0
111195,2021,34,2881,1,1,6,0,Joël Veltman,1992-01-15,Right-Back,Defender,right,184.0,30.455852156057496,10000000.0
111455,2021,27,2331,1,2,10,1,Granit Xhaka,1992-09-27,Defensive Midfield,Midfield,left,183.0,29.754962354551676,20000000.0
111873,2021,36,3240,0,0,4,0,Emiliano Martínez,1992-09-02,Goalkeeper,Goalkeeper,right,195.0,29.82340862422998,28000000.0
112515,2021,28,2172,4,5,8,0,Marcos Alonso,1990-12-28,Centre-Back,Defender,left,188.0,31.50444900752909,12000000.0
112988,2021,21,1484,1,1,3,0,Cédric Soares,1991-08-31,Right-Back,Defender,right,171.0,30.830937713894592,6000000.0
117996,2021,4,161,0,0,0,0,Phil Jones,1992-02-21,Centre-Back,Defender,right,185.0,30.354551676933607,3000000.0
118534,2021,32,2792,3,2,4,0,Michael Keane,1993-01-11,Centre-Back,Defender,right,188.0,29.464750171115675,20000000.0
119269,2021,18,1434,1,0,7,0,Shane Duffy,1992-01-01,Centre-Back,Defender,right,193.0,30.494182067077343,5000000.0
120186,2021,12,1080,0,0,0,0,Daniel Bachmann,1994-07-09,Goalkeeper,Goalkeeper,right,191.0,27.975359342915812,2500000.0
120629,2021,1,90,0,0,0,0,Alphonse Areola,1993-02-27,Goalkeeper,Goalkeeper,right,195.0,29.336071184120467,8000000.0
121257,2021,22,1530,0,1,5,0,Adam Forshaw,1991-10-08,Central Midfield,Midfield,right,175.0,30.72689938398357,2000000.0
121385,2021,33,2899,1,0,2,0,Grant Hanley,1991-11-20,Centre-Back,Defender,right,188.0,30.60917180013689,3500000.0
121477,2021,34,2754,2,2,5,1,Craig Dawson,1990-05-06,Centre-Back,Defender,right,188.0,32.15058179329227,3000000.0
122153,2021,20,1354,1,9,7,1,Paul Pogba,1993-03-15,Central Midfield,Midfield,both,191.0,29.29226557152635,48000000.0
123682,2021,18,1389,8,0,4,0,Callum Wilson,1992-02-27,Centre-Forward,Attack,right,180.0,30.338124572210816,18000000.0
125314,2021,37,3322,3,2,7,0,Pontus Jansson,1991-02-13,Centre-Back,Defender,right,196.0,31.37577002053388,7000000.0
126422,2021,28,2187,0,2,7,1,Allan,1991-01-08,Defensive Midfield,Midfield,right,175.0,31.474332648870636,15000000.0
126600,2021,31,2707,1,0,3,0,Kenny McLean,1992-01-08,Central Midfield,Midfield,left,183.0,30.47501711156742,2500000.0
126664,2021,29,2443,0,4,6,0,Lucas Digne,1993-07-20,Left-Back,Defender,left,178.0,28.944558521560573,25000000.0
127187,2021,30,2538,2,4,6,0,Abdoulaye Doucouré,1993-01-01,Attacking Midfield,Midfield,right,183.0,29.492128678986994,22000000.0
128899,2021,9,765,0,0,0,0,Jack Butland,1993-03-10,Goalkeeper,Goalkeeper,right,196.0,29.305954825462013,1800000.0
128901,2021,38,3363,4,0,4,0,Conor Coady,1993-02-25,Centre-Back,Defender,right,185.0,29.34154688569473,25000000.0
128904,2021,28,2495,0,0,5,0,Ben Gibson,1993-01-15,Centre-Back,Defender,left,185.0,29.453798767967147,6000000.0
129078,2021,27,1832,1,5,0,0,Nathan Redmond,1994-03-06,Right Winger,Attack,right,173.0,28.317590691307323,18000000.0
130164,2021,35,3150,0,0,2,0,Jordan Pickford,1994-03-07,Goalkeeper,Goalkeeper,left,185.0,28.314852840520192,20000000.0
130765,2021,25,1470,2,1,1,0,Stuart Armstrong,1992-03-30,Central Midfield,Midfield,right,183.0,30.250513347022586,6000000.0
131505,2021,31,2270,6,1,9,0,Rodrigo,1991-03-06,Centre-Forward,Attack,left,182.0,31.318275154004105,12000000.0
131789,2021,20,985,5,4,3,0,Roberto Firmino,1991-10-02,Centre-Forward,Attack,right,181.0,30.743326488706366,32000000.0
131978,2021,6,175,1,0,0,0,Ross Barkley,1993-12-05,Central Midfield,Midfield,right,189.0,28.566735112936346,12000000.0
131996,2021,9,213,0,0,0,0,Bertrand Traoré,1995-09-06,Right Winger,Attack,left,181.0,26.8145106091718,16000000.0
132098,2021,37,3232,17,9,5,0,Harry Kane,1993-07-28,Centre-Forward,Attack,right,188.0,28.922655715263517,90000000.0
134270,2021,29,2462,1,1,8,0,Dan Burn,1992-05-09,Centre-Back,Defender,left,201.0,30.140999315537304,12000000.0
134294,2021,30,1905,7,6,4,0,Danny Ings,1992-07-23,Centre-Forward,Attack,right,177.0,29.935660506502394,20000000.0
134425,2021,30,2127,13,6,1,0,Raheem Sterling,1994-12-08,Right Winger,Attack,right,170.0,27.55920602327173,70000000.0
135343,2021,25,2161,2,2,4,0,Fabian Schär,1991-12-20,Centre-Back,Defender,right,186.0,30.527036276522928,7000000.0
135853,2021,30,1788,5,3,2,0,Manuel Lanzini,1993-02-15,Attacking Midfield,Midfield,right,170.0,29.36892539356605,12000000.0
137745,2021,18,1453,0,0,3,0,Marçal,1989-02-19,Left-Back,Defender,left,178.0,33.35797399041752,1500000.0
139208,2021,34,3060,3,4,3,0,Virgil van Dijk,1991-07-08,Centre-Back,Defender,right,195.0,30.978781656399725,55000000.0
140191,2021,7,303,0,0,1,0,Ryan Fredericks,1992-10-10,Right-Back,Defender,right,181.0,29.71937029431896,1500000.0
141660,2021,16,356,2,0,1,0,Jesse Lingard,1992-12-15,Attacking Midfield,Midfield,right,174.0,29.53867214236824,18000000.0
142310,2021,10,900,0,0,1,0,Willy Boly,1991-02-03,Centre-Back,Defender,right,195.0,31.4031485284052,6000000.0
143424,2021,17,787,2,1,0,0,Alex Oxlade-Chamberlain,1993-08-15,Central Midfield,Midfield,right,180.0,28.87337440109514,16000000.0
144028,2021,34,2809,8,3,2,0,Leandro Trossard,1994-12-04,Left Winger,Attack,right,172.0,27.57015742642026,20000000.0
145988,2021,33,2762,14,1,6,0,Wilfried Zaha,1992-11-10,Left Winger,Attack,right,180.0,29.634496919917865,38000000.0
146795,2021,27,1472,2,3,3,0,Ryan Fraser,1994-02-24,Left Winger,Attack,right,163.0,28.344969199178646,10000000.0
148153,2021,29,2574,1,0,3,1,Lewis Dunk,1991-11-21,Centre-Back,Defender,right,192.0,30.60643394934976,20000000.0
148262,2021,3,70,1,0,0,0,Jeff Hendrick,1992-01-31,Central Midfield,Midfield,right,185.0,30.412046543463383,5000000.0
148367,2021,35,3059,3,4,8,0,Christian Nørgaard,1994-03-10,Defensive Midfield,Midfield,right,187.0,28.306639288158795,14000000.0
148368,2021,7,126,3,1,0,0,Divock Origi,1995-04-18,Centre-Forward,Attack,right,189.0,27.200547570157426,12000000.0
148455,2021,35,2762,23,14,1,0,Mohamed Salah,1992-06-15,Right Winger,Attack,left,175.0,30.039698836413415,90000000.0
148928,2021,10,478,0,0,1,0,Saúl Ñíguez,1994-11-21,Central Midfield,Midfield,left,184.0,27.60574948665298,25000000.0
157495,2021,1,79,0,0,0,0,Benjamin Mendy,1994-07-17,Left-Back,Defender,left,185.0,27.953456536618756,10000000.0
157506,2021,32,1846,4,2,1,0,Jeffrey Schlupp,1992-12-23,Left Midfield,Midfield,left,178.0,29.516769336071185,8000000.0
157509,2021,24,2080,1,0,1,0,Kurt Zouma,1994-10-27,Centre-Back,Defender,right,190.0,27.67419575633128,28000000.0
157672,2021,28,2211,0,4,5,0,Vladimír Coufal,1992-08-22,Right-Back,Defender,right,175.0,29.853524982888434,12000000.0
158764,2021,34,2922,1,1,5,0,Stuart Dallas,1991-04-19,Right-Back,Defender,right,183.0,31.197809719370294,4000000.0
160438,2021,14,801,0,2,1,0,Mohamed Elneny,1992-07-11,Defensive Midfield,Midfield,right,179.0,29.968514715947983,11000000.0
162029,2021,19,1262,1,2,5,0,Javier Manquillo,1994-05-05,Right-Back,Defender,right,178.0,28.1533196440794,3000000.0
163744,2021,11,811,0,0,3,0,Jack Stephens,1994-01-27,Centre-Back,Defender,right,185.0,28.421629021218344,7000000.0
164770,2021,22,1829,1,1,0,0,Raphaël Varane,1993-04-25,Centre-Back,Defender,right,191.0,29.180013689253936,48000000.0
165793,2021,11,178,3,0,1,0,Takumi Minamino,1995-01-16,Left Winger,Attack,right,172.0,27.45242984257358,12000000.0
166240,2021,1,22,0,0,0,0,Jürgen Locadia,1993-11-07,Centre-Forward,Attack,right,193.0,28.643394934976044,2000000.0
167799,2021,36,3199,2,2,3,0,Pierre-Emile Højbjerg,1995-08-05,Defensive Midfield,Midfield,right,185.0,26.902121834360027,40000000.0
168157,2021,30,1948,2,2,4,0,Leander Dendoncker,1995-04-15,Defensive Midfield,Midfield,right,188.0,27.208761122518823,28000000.0
170321,2021,3,198,0,0,2,0,Paul Dummett,1991-09-26,Centre-Back,Defender,left,183.0,30.759753593429156,1500000.0
170527,2021,21,1286,4,1,1,0,Timo Werner,1996-03-06,Centre-Forward,Attack,right,180.0,26.316221765913756,35000000.0
171424,2021,28,1491,11,5,0,0,Riyad Mahrez,1991-02-21,Right Winger,Attack,left,179.0,31.353867214236825,35000000.0
171679,2021,15,874,2,4,0,0,Matt Doherty,1992-01-16,Right-Back,Defender,right,185.0,30.45311430527036,12000000.0
173504,2021,35,3107,1,2,11,0,James Tarkowski,1992-11-19,Centre-Back,Defender,right,185.0,29.609856262833677,22000000.0
173900,2021,1,21,0,0,0,0,Hélder Costa,1994-01-12,Right Winger,Attack,left,179.0,28.462696783025326,5000000.0
174094,2021,10,352,0,0,0,0,Morgan Sanson,1994-08-18,Central Midfield,Midfield,right,180.0,27.865845311430526,10000000.0
175446,2021,13,1023,2,0,1,0,Jonny Otto,1994-03-03,Right-Back,Defender,both,175.0,28.32580424366872,15000000.0
175722,2021,35,3072,0,0,1,0,Eric Dier,1994-01-15,Centre-Back,Defender,right,191.0,28.45448323066393,28000000.0
176553,2021,33,2834,4,0,5,1,Aymeric Laporte,1994-05-27,Centre-Back,Defender,left,191.0,28.093086926762492,45000000.0
177476,2021,14,920,2,0,0,0,Nathan Aké,1995-02-18,Centre-Back,Defender,left,180.0,27.362080766598222,25000000.0
177907,2021,30,2515,1,0,9,0,Harry Maguire,1993-03-05,Centre-Back,Defender,right,194.0,29.319644079397673,38000000.0
181380,2021,13,647,1,1,1,0,Arthur Masuaku,1993-11-07,Left-Back,Defender,left,179.0,28.643394934976044,5000000.0
181579,2021,36,3217,10,5,3,1,James Ward-Prowse,1994-11-01,Central Midfield,Midfield,right,177.0,27.66050650239562,32000000.0
181778,2021,1,4,0,0,0,0,Emerson,1994-08-03,Left-Back,Defender,left,176.0,27.906913073237508,14000000.0
182712,2021,36,3228,1,7,7,0,João Cancelo,1994-05-27,Right-Back,Defender,right,182.0,28.093086926762492,65000000.0
182877,2021,8,211,1,0,0,0,Anthony Martial,1995-12-05,Centre-Forward,Attack,right,184.0,26.56810403832991,16000000.0
182894,2021,3,65,0,0,0,0,Jean-Philippe Gbamin,1995-09-25,Centre-Back,Defender,right,186.0,26.76249144421629,9000000.0
183288,2021,20,1604,0,3,8,0,Luke Shaw,1995-07-12,Left-Back,Defender,left,178.0,26.967830253251197,38000000.0
183318,2021,26,2056,1,0,5,0,Jamaal Lascelles,1993-11-11,Centre-Back,Defender,right,188.0,28.632443531827516,10000000.0
183334,2021,9,559,2,2,1,0,Patrick Bamford,1993-09-05,Centre-Forward,Attack,left,185.0,28.815879534565365,16000000.0
183720,2021,11,394,1,1,2,0,Anwar El Ghazi,1995-05-03,Right Winger,Attack,right,189.0,27.159479808350444,9000000.0
184528,2021,20,1639,0,1,5,0,Emil Krafth,1994-08-02,Right-Back,Defender,right,184.0,27.90965092402464,5000000.0
184573,2021,28,2354,0,2,4,0,Victor Lindelöf,1994-07-17,Centre-Back,Defender,right,187.0,27.953456536618756,22000000.0
186590,2021,14,1118,1,0,0,0,John Stones,1994-05-28,Centre-Back,Defender,right,188.0,28.09034907597536,28000000.0
186644,2021,30,2045,4,2,4,0,Mohamed Elyounoussi,1994-08-04,Second Striker,Attack,right,178.0,27.904175222450377,12000000.0
191614,2021,28,2035,4,5,5,0,Fred,1993-03-05,Central Midfield,Midfield,both,170.0,29.319644079397673,20000000.0
192080,2021,36,3240,0,0,1,0,Nick Pope,1992-04-19,Goalkeeper,Goalkeeper,right,198.0,30.195756331279945,15000000.0
192279,2021,4,360,0,0,0,0,Kepa Arrizabalaga,1994-10-03,Goalkeeper,Goalkeeper,right,188.0,27.73990417522245,10000000.0
192765,2021,29,2539,1,1,6,0,Ben Davies,1993-04-24,Centre-Back,Defender,left,181.0,29.182751540041068,20000000.0
192875,2021,17,1388,0,0,3,0,William Troost-Ekong,1993-09-01,Centre-Back,Defender,right,191.0,28.826830937713893,4000000.0
193116,2021,35,3093,3,4,8,0,John McGinn,1994-10-18,Central Midfield,Midfield,left,178.0,27.698836413415467,32000000.0
195633,2021,31,2730,0,3,3,0,Charlie Taylor,1993-09-18,Left-Back,Defender,left,183.0,28.78028747433265,3000000.0
196522,2021,8,34,0,0,1,0,Dwight Gayle,1989-10-17,Centre-Forward,Attack,right,174.0,32.70088980150582,1500000.0
196948,2021,19,1494,0,0,2,0,Andreas Christensen,1996-04-10,Centre-Back,Defender,right,189.0,26.220396988364133,35000000.0
197838,2021,25,1805,15,2,2,0,Jamie Vardy,1987-01-11,Centre-Forward,Attack,right,179.0,35.46611909650924,5000000.0
199527,2021,33,1460,1,2,4,0,Jacob Murphy,1995-02-24,Right Winger,Attack,right,179.0,27.345653661875428,5000000.0
200512,2021,34,2825,16,4,5,0,Sadio Mané,1992-04-10,Left Winger,Attack,right,175.0,30.220396988364133,70000000.0
201574,2021,9,810,0,0,0,0,Angus Gunn,1996-01-22,Goalkeeper,Goalkeeper,right,196.0,26.43668720054757,3000000.0
202886,2021,24,1387,0,3,1,0,Ruben Loftus-Cheek,1996-01-23,Central Midfield,Midfield,right,191.0,26.43394934976044,20000000.0
203026,2021,1,90,0,0,0,0,Danny Ward,1993-06-22,Goalkeeper,Goalkeeper,right,191.0,29.021218343600275,6000000.0
203460,2021,26,1916,3,3,3,0,Jack Grealish,1995-09-10,Left Winger,Attack,right,180.0,26.803559206023273,70000000.0
203853,2021,15,1044,0,4,0,0,Oleksandr Zinchenko,1996-12-15,Left-Back,Defender,left,175.0,25.53867214236824,25000000.0
204103,2021,20,1063,1,0,0,0,Adama Traoré,1996-01-25,Right Winger,Attack,right,178.0,26.428473648186174,20000000.0
204198,2021,31,2709,2,0,6,0,Romain Saïss,1990-03-26,Centre-Back,Defender,left,188.0,32.26283367556468,8000000.0
204294,2021,17,528,1,2,2,0,Saman Ghoddos,1993-09-06,Attacking Midfield,Midfield,right,176.0,28.813141683778234,2500000.0
206040,2021,34,2638,6,4,9,0,Raúl Jiménez,1991-05-05,Centre-Forward,Attack,right,188.0,31.15400410677618,18000000.0
206225,2021,14,1001,1,0,5,0,Isaac Hayden,1995-03-22,Defensive Midfield,Midfield,right,187.0,27.274469541409992,8000000.0
207014,2021,16,1058,0,1,6,0,Will Hughes,1995-04-17,Central Midfield,Midfield,left,185.0,27.20328542094456,6000000.0
207929,2021,21,988,1,0,4,0,Dele Alli,1996-04-11,Attacking Midfield,Midfield,right,188.0,26.217659137577,16000000.0
209212,2021,31,1740,0,2,1,0,Solly March,1994-07-20,Right Winger,Attack,left,180.0,27.94524298425736,9000000.0
210178,2021,2,180,0,0,1,0,Pablo Marí,1993-08-31,Centre-Back,Defender,left,193.0,28.829568788501028,5000000.0
212847,2021,22,1432,2,0,5,0,Adam Webster,1995-01-04,Centre-Back,Defender,right,190.0,27.485284052019164,17000000.0
214056,2021,28,2118,0,0,4,0,Daniel Amartey,1994-12-21,Centre-Back,Defender,right,186.0,27.523613963039015,10000000.0
214666,2021,21,1690,1,1,2,0,Connor Roberts,1995-09-23,Right-Back,Defender,right,175.0,26.767967145790553,2500000.0
215118,2021,13,1001,1,0,1,0,Calum Chambers,1995-01-20,Centre-Back,Defender,right,182.0,27.44147843942505,10000000.0
215876,2021,14,992,1,3,3,0,Ricardo Pereira,1993-10-06,Right-Back,Defender,right,175.0,28.73100616016427,20000000.0
217111,2021,23,1316,4,3,3,0,Hakim Ziyech,1993-03-19,Right Winger,Attack,left,180.0,29.281314168377822,28000000.0
217115,2021,32,2274,8,2,7,0,Neal Maupay,1996-08-14,Centre-Forward,Attack,right,171.0,25.87542778918549,18000000.0
221025,2021,14,618,0,1,3,0,André Gomes,1993-07-30,Central Midfield,Midfield,right,190.0,28.917180013689254,18000000.0
221624,2021,1,90,0,0,0,0,Zack Steffen,1995-04-02,Goalkeeper,Goalkeeper,right,191.0,27.24435318275154,6000000.0
225083,2021,26,1778,2,4,2,0,N'Golo Kanté,1991-03-29,Defensive Midfield,Midfield,right,168.0,31.255304585900067,40000000.0
225161,2021,33,2662,4,2,9,0,Rúben Neves,1997-03-13,Defensive Midfield,Midfield,right,183.0,25.297741273100616,40000000.0
225693,2021,29,2316,5,1,7,0,Fabinho,1993-10-23,Defensive Midfield,Midfield,right,188.0,28.684462696783026,60000000.0
226049,2021,4,360,0,0,0,0,Freddie Woodman,1997-03-04,Goalkeeper,Goalkeeper,right,188.0,25.322381930184804,9000000.0
228645,2021,20,1458,2,3,3,0,Wout Weghorst,1992-08-07,Centre-Forward,Attack,right,197.0,29.894592744695416,14000000.0
230784,2021,24,2033,2,1,6,0,Thomas Partey,1993-06-13,Defensive Midfield,Midfield,right,185.0,29.045859000684462,38000000.0
231572,2021,25,2137,0,1,1,0,Nélson Semedo,1993-11-16,Right-Back,Defender,right,179.0,28.618754277891856,22000000.0
233124,2021,7,397,1,0,0,0,Kortney Hause,1995-07-16,Centre-Back,Defender,left,191.0,26.95687885010267,4000000.0
234189,2021,1,10,0,0,0,0,Trezeguet,1994-10-01,Left Winger,Attack,right,181.0,27.745379876796715,10000000.0
234781,2021,26,1776,9,1,2,0,Maxwel Cornet,1996-09-27,Left Winger,Attack,left,179.0,25.754962354551676,15000000.0
234803,2021,29,2541,3,10,5,1,Andrew Robertson,1994-03-11,Left-Back,Defender,left,178.0,28.303901437371664,65000000.0
236471,2021,7,338,0,0,0,0,Ozan Tufan,1995-03-23,Central Midfield,Midfield,right,179.0,27.27173169062286,3800000.0
236953,2021,15,1024,0,0,3,0,Sam Byram,1993-09-16,Left-Back,Defender,right,183.0,28.78576317590691,2000000.0
238223,2021,37,3330,0,0,3,0,Ederson,1993-08-17,Goalkeeper,Goalkeeper,left,188.0,28.867898699520875,45000000.0
240306,2021,36,3118,10,6,10,0,Bruno Fernandes,1994-09-08,Attacking Midfield,Midfield,right,183.0,27.808350444900753,85000000.0
241481,2021,3,117,0,0,0,0,Jaïro Riedewald,1996-09-09,Defensive Midfield,Midfield,left,182.0,25.804243668720055,5000000.0
241641,2021,35,2860,8,4,6,0,Bernardo Silva,1994-08-10,Attacking Midfield,Midfield,left,173.0,27.887748117727583,80000000.0
242631,2021,28,2035,2,2,1,0,Alex Iwobi,1996-05-03,Left Winger,Attack,right,183.0,26.157426420260094,18000000.0
243028,2021,31,2631,4,0,10,0,Jan Bednarek,1996-04-12,Centre-Back,Defender,right,189.0,26.21492128678987,22000000.0
246291,2021,28,2343,3,0,7,0,Diego Llorente,1993-08-16,Centre-Back,Defender,right,186.0,28.870636550308006,18000000.0
246968,2021,14,442,2,3,0,1,Ayoze Pérez,1993-07-29,Centre-Forward,Attack,right,178.0,28.919917864476385,10000000.0
249126,2021,19,907,0,1,2,0,Harry Winks,1996-02-02,Defensive Midfield,Midfield,right,178.0,26.406570841889117,15000000.0
249565,2021,32,2634,6,4,3,0,Youri Tielemans,1997-05-07,Central Midfield,Midfield,right,176.0,25.14715947980835,55000000.0
249873,2021,1,16,0,0,0,0,Tariqe Fosu,1995-11-05,Left Winger,Attack,right,180.0,26.650239561943874,2000000.0
249994,2021,37,3285,0,1,3,0,José Sá,1993-01-17,Goalkeeper,Goalkeeper,right,192.0,29.44832306639288,18000000.0
250426,2021,23,1415,2,3,1,0,Adam Armstrong,1997-02-10,Centre-Forward,Attack,right,173.0,25.38261464750171,15000000.0
250478,2021,33,2873,1,1,3,0,Matt Targett,1995-09-18,Left-Back,Defender,left,183.0,26.781656399726216,17000000.0
251664,2021,33,2908,12,5,8,0,Ivan Toney,1996-03-16,Centre-Forward,Attack,right,185.0,26.288843258042437,35000000.0
251845,2021,31,2094,3,2,8,0,Sergi Canós,1997-02-02,Left Winger,Attack,right,177.0,25.404517453798768,14000000.0
252345,2021,18,846,0,0,1,0,Ken Sema,1993-09-30,Left-Back,Defender,left,180.0,28.747433264887064,2500000.0
253341,2021,15,841,1,0,4,0,Rob Holding,1995-09-20,Centre-Back,Defender,right,189.0,26.77618069815195,10000000.0
253677,2021,36,3188,1,3,11,0,Tyrone Mings,1993-03-13,Centre-Back,Defender,left,196.0,29.297741273100616,30000000.0
255744,2021,19,1676,0,0,4,0,Samir Caetano,1994-12-05,Centre-Back,Defender,left,184.0,27.567419575633128,5000000.0
255755,2021,21,1660,0,4,1,0,Alex Telles,1992-12-15,Left-Back,Defender,left,181.0,29.53867214236824,18000000.0
256178,2021,8,330,0,1,2,0,Joe Gomez,1997-05-23,Centre-Back,Defender,right,188.0,25.10335386721424,18000000.0
256977,2021,26,1484,2,3,2,0,Daniel Podence,1995-10-21,Left Winger,Attack,right,170.0,26.691307323750856,20000000.0
257805,2021,23,1651,1,2,6,0,Mathias Normann,1996-05-28,Defensive Midfield,Midfield,right,179.0,26.088980150581794,10000000.0
258004,2021,29,2403,2,4,5,0,Rúben Dias,1997-05-14,Centre-Back,Defender,right,187.0,25.127994524298426,75000000.0
258883,2021,15,1017,0,1,3,0,Jonjoe Kenny,1997-03-15,Right-Back,Defender,right,176.0,25.29226557152635,4000000.0
258916,2021,19,912,1,1,0,0,Kieran Dowell,1997-10-10,Attacking Midfield,Midfield,left,183.0,24.720054757015742,2500000.0
258923,2021,25,1233,4,2,2,0,Marcus Rashford,1997-10-31,Left Winger,Attack,right,185.0,24.66255989048597,60000000.0
260827,2021,34,2915,0,3,4,0,Joachim Andersen,1996-05-31,Centre-Back,Defender,right,192.0,26.080766598220396,25000000.0
262226,2021,27,2126,1,0,1,0,Timothy Castagne,1995-12-05,Right-Back,Defender,right,185.0,26.56810403832991,28000000.0
262749,2021,24,2160,0,0,1,0,David Raya,1995-09-15,Goalkeeper,Goalkeeper,right,186.0,26.78986995208761,22000000.0
270171,2021,31,2308,4,0,3,0,Vitaly Janelt,1998-05-10,Defensive Midfield,Midfield,left,184.0,24.139630390143736,14000000.0
272622,2021,13,962,0,1,0,0,Issa Diop,1997-01-09,Centre-Back,Defender,right,194.0,25.470225872689937,10000000.0
272642,2021,35,2812,5,5,6,0,Allan Saint-Maximin,1997-03-12,Left Winger,Attack,right,173.0,25.300479123887747,32000000.0
272999,2021,30,1720,1,0,2,0,Miguel Almirón,1994-02-10,Right Winger,Attack,left,178.0,28.383299110198493,16000000.0
274839,2021,19,1619,0,0,4,0,Wilfred Ndidi,1996-12-16,Defensive Midfield,Midfield,right,183.0,25.53593429158111,60000000.0
281404,2021,1,59,0,1,0,0,Kenedy,1996-02-08,Left Winger,Attack,left,185.0,26.390143737166323,7000000.0
282429,2021,25,1922,2,3,4,0,Sergio Reguilón,1996-12-16,Left-Back,Defender,left,178.0,25.53593429158111,25000000.0
283628,2021,35,3062,5,1,3,0,Tomáš Souček,1995-02-27,Defensive Midfield,Midfield,right,192.0,27.33744010951403,45000000.0
284165,2021,25,550,3,1,1,0,Steven Bergwijn,1997-10-08,Left Winger,Attack,right,171.0,24.725530458590008,18000000.0
284857,2021,35,3092,1,1,6,0,Marc Cucurella,1998-07-22,Left-Back,Defender,left,173.0,23.939767282683093,28000000.0
285845,2021,8,264,0,0,0,0,Ainsley Maitland-Niles,1997-08-29,Right-Back,Defender,right,180.0,24.83504449007529,10000000.0
286384,2021,4,217,0,0,1,0,Eric Bailly,1994-04-12,Centre-Back,Defender,right,187.0,28.216290212183434,6000000.0
286949,2021,15,1076,0,1,0,0,Adam Masina,1994-01-02,Centre-Back,Defender,left,191.0,28.490075290896645,3000000.0
288255,2021,15,553,2,0,1,0,Donny van de Beek,1997-04-18,Central Midfield,Midfield,right,184.0,25.19917864476386,25000000.0
289446,2021,13,847,0,0,3,0,Yerry Mina,1994-09-23,Centre-Back,Defender,right,195.0,27.76728268309377,20000000.0
290017,2021,19,1626,1,0,5,0,Hassane Kamara,1994-03-05,Left-Back,Defender,left,170.0,28.320328542094455,4000000.0
290532,2021,32,2184,8,6,0,0,Saïd Benrahma,1995-08-10,Left Winger,Attack,right,172.0,26.888432580424368,25000000.0
291739,2021,31,2239,1,2,0,0,Milot Rashica,1996-06-28,Right Winger,Attack,right,178.0,26.0041067761807,7000000.0
292246,2021,30,1822,5,1,2,0,Hee-chan Hwang,1996-01-26,Centre-Forward,Attack,right,177.0,26.425735797399042,16000000.0
292417,2021,34,2351,5,4,3,0,Demarai Gray,1996-06-28,Left Winger,Attack,right,183.0,26.0041067761807,22000000.0
293200,2021,19,554,1,0,0,0,Nikola Vlašić,1997-10-04,Attacking Midfield,Midfield,right,179.0,24.736481861738536,22000000.0
293569,2021,35,2953,2,3,10,0,Josh Brownhill,1995-12-19,Central Midfield,Midfield,right,179.0,26.529774127310063,7000000.0
294057,2021,35,2467,12,8,3,0,James Maddison,1996-11-23,Attacking Midfield,Midfield,right,175.0,25.598904859685145,50000000.0
295330,2021,26,1260,4,5,1,0,Kelechi Iheanacho,1996-10-03,Centre-Forward,Attack,left,185.0,25.738535249828885,20000000.0
295630,2021,18,1166,0,1,2,0,Dimitrios Giannoulis,1995-10-17,Left-Back,Defender,left,178.0,26.702258726899384,5000000.0
296986,2021,23,978,1,1,5,0,Tyler Roberts,1999-01-12,Centre-Forward,Attack,right,180.0,23.463381245722108,8000000.0
297212,2021,3,87,0,0,0,0,Joe Rodon,1997-10-22,Centre-Back,Defender,right,193.0,24.687200547570157,8000000.0
300716,2021,22,1919,1,3,0,0,Kieran Tierney,1997-06-05,Left-Back,Defender,left,180.0,25.06776180698152,32000000.0
302215,2021,23,1175,3,1,3,0,Naby Keïta,1995-02-10,Central Midfield,Midfield,right,172.0,27.38398357289528,25000000.0
306024,2021,17,1287,5,2,2,0,Dominic Calvert-Lewin,1997-03-16,Centre-Forward,Attack,right,189.0,25.28952772073922,40000000.0
309400,2021,29,1811,8,4,3,0,Kai Havertz,1999-06-11,Centre-Forward,Attack,left,193.0,23.052703627652292,70000000.0
314210,2021,6,233,1,0,1,0,Tom Davies,1998-06-30,Central Midfield,Midfield,right,180.0,24.0,18000000.0
314353,2021,32,2854,2,12,2,0,Trent Alexander-Arnold,1998-10-07,Right-Back,Defender,right,180.0,23.72895277207392,80000000.0
314875,2021,36,2993,12,12,6,0,Jarrod Bowen,1996-12-20,Right Winger,Attack,left,176.0,25.52498288843258,42000000.0
315779,2021,22,1286,6,2,2,0,Christian Pulisic,1998-09-18,Right Winger,Attack,right,177.0,23.78097193702943,42000000.0
315969,2021,30,2391,1,1,9,0,Scott McTominay,1996-12-08,Central Midfield,Midfield,right,193.0,25.557837097878167,32000000.0
316125,2021,7,541,3,1,0,0,Ben Chilwell,1996-12-21,Left-Back,Defender,left,180.0,25.522245037645447,38000000.0
316264,2021,36,2793,7,4,4,0,Martin Ødegaard,1998-12-17,Attacking Midfield,Midfield,left,178.0,23.534565366187543,45000000.0
318523,2021,20,1625,0,1,3,0,Romain Perraud,1997-09-22,Left-Back,Defender,left,173.0,24.76933607118412,8000000.0
319301,2021,34,2499,4,5,7,1,Daniel James,1997-11-10,Right Winger,Attack,right,171.0,24.635181382614647,18000000.0
319859,2021,31,1600,0,1,0,0,Mathias Jensen,1996-01-01,Central Midfield,Midfield,right,180.0,26.494182067077343,10000000.0
320141,2021,28,2498,1,0,5,0,Çağlar Söyüncü,1996-05-23,Centre-Back,Defender,both,185.0,26.102669404517453,40000000.0
321247,2021,35,1901,4,6,1,0,Emiliano Buendía,1996-12-25,Left Winger,Attack,right,172.0,25.51129363449692,32000000.0
324358,2021,35,2955,11,2,7,0,Ollie Watkins,1995-12-30,Centre-Forward,Attack,right,180.0,26.49965776865161,35000000.0
324882,2021,16,904,0,0,5,0,Marvelous Nakamba,1994-01-19,Defensive Midfield,Midfield,left,177.0,28.4435318275154,7000000.0
328658,2021,24,1987,1,2,5,0,Kristoffer Ajer,1998-04-17,Centre-Back,Defender,right,198.0,24.202600958247775,18000000.0
328784,2021,20,1574,0,0,3,0,Robin Koch,1996-07-17,Centre-Back,Defender,right,192.0,25.95208761122519,16000000.0
331560,2021,21,1684,0,1,2,0,Takehiro Tomiyasu,1998-11-05,Centre-Back,Defender,right,187.0,23.64955509924709,25000000.0
332341,2021,8,440,0,0,2,0,Todd Cantwell,1998-02-27,Attacking Midfield,Midfield,right,180.0,24.33675564681725,18000000.0
333241,2021,35,2559,4,1,8,0,Joelinton,1996-08-14,Central Midfield,Midfield,right,186.0,25.87542778918549,20000000.0
335721,2021,32,2880,0,0,3,0,Ben White,1997-10-08,Right-Back,Defender,right,186.0,24.725530458590008,40000000.0
337333,2021,1,1,0,0,0,0,Alex Král,1998-05-19,Central Midfield,Midfield,right,186.0,24.11498973305955,7000000.0
338070,2021,13,874,0,2,3,0,Konstantinos Tsimikas,1996-05-12,Left-Back,Defender,left,179.0,26.132785763175907,15000000.0
339556,2021,34,2784,3,0,2,0,Rico Henry,1997-07-08,Left-Back,Defender,left,170.0,24.97741273100616,20000000.0
340321,2021,9,252,0,0,0,1,Josh Dasilva,1998-10-23,Central Midfield,Midfield,left,184.0,23.685147159479808,10000000.0
340322,2021,14,811,0,1,2,0,Nathan Tella,1999-07-05,Right Winger,Attack,right,173.0,22.986995208761122,1800000.0
340324,2021,21,826,5,1,3,0,Eddie Nketiah,1999-05-30,Centre-Forward,Attack,right,175.0,23.085557837097877,16000000.0
340325,2021,1,19,0,0,0,0,Reiss Nelson,1999-12-10,Left Winger,Attack,right,175.0,22.55441478439425,6500000.0
340329,2021,29,2045,2,0,0,0,Joe Willock,1999-08-20,Central Midfield,Midfield,right,186.0,22.861054072553046,22000000.0
340918,2021,2,180,0,0,0,0,Caoimhín Kelleher,1998-11-23,Goalkeeper,Goalkeeper,right,188.0,23.600273785078713,8000000.0
340950,2021,35,2374,15,6,3,0,Diogo Jota,1996-12-04,Left Winger,Attack,right,178.0,25.568788501026695,60000000.0
341051,2021,32,2632,1,2,5,0,Kyle Walker-Peters,1997-04-13,Right-Back,Defender,right,173.0,25.21286789869952,22000000.0
341429,2021,23,1626,2,0,4,0,Davinson Sánchez,1996-06-12,Centre-Back,Defender,right,188.0,26.04791238877481,28000000.0
341501,2021,6,287,0,0,1,0,Hamza Choudhury,1997-10-01,Defensive Midfield,Midfield,right,178.0,24.744695414099933,4000000.0
342046,2021,9,505,0,0,1,0,Axel Tuanzebe,1997-11-14,Centre-Back,Defender,right,188.0,24.62422997946612,7000000.0
343052,2021,20,681,1,2,0,0,Nicolas Pépé,1995-05-29,Right Winger,Attack,left,183.0,27.08829568788501,25000000.0
343475,2021,23,2031,0,0,6,0,Ben Godfrey,1998-01-15,Centre-Back,Defender,right,184.0,24.45448323066393,20000000.0
344152,2021,28,1566,6,3,4,0,Odsonne Édouard,1998-01-16,Centre-Forward,Attack,right,187.0,24.451745379876797,17000000.0
344596,2021,8,546,0,0,2,0,Malang Sarr,1999-01-23,Centre-Back,Defender,left,183.0,23.433264887063654,8000000.0
344605,2021,19,1100,0,1,0,0,Boubakary Soumaré,1999-02-27,Defensive Midfield,Midfield,right,188.0,23.33744010951403,25000000.0
346018,2021,5,263,0,0,1,0,Jamal Lewis,1998-01-25,Left-Back,Defender,left,178.0,24.427104722792606,10000000.0
346314,2021,20,1448,3,1,2,0,Trevoh Chalobah,1999-07-05,Centre-Back,Defender,right,192.0,22.986995208761122,20000000.0
346478,2021,11,739,0,0,4,0,Japhet Tanganga,1999-03-31,Centre-Back,Defender,right,184.0,23.249828884325805,12000000.0
346483,2021,32,2364,11,10,4,0,Mason Mount,1999-01-10,Attacking Midfield,Midfield,right,181.0,23.468856947296374,75000000.0
346707,2021,24,1460,1,1,1,0,Sean Longstaff,1997-10-30,Central Midfield,Midfield,right,187.0,24.6652977412731,13000000.0
346779,2021,30,2042,7,3,0,0,Ché Adams,1996-07-13,Centre-Forward,Attack,right,175.0,25.963039014373717,18000000.0
348623,2021,25,2134,2,1,7,1,Mason Holgate,1996-10-22,Centre-Back,Defender,right,187.0,25.686516084873375,18000000.0
348795,2021,9,233,0,0,0,0,Giovani Lo Celso,1996-04-09,Attacking Midfield,Midfield,left,177.0,26.223134839151268,22000000.0
351749,2021,20,1595,0,1,4,0,Kalvin Phillips,1995-12-02,Defensive Midfield,Midfield,right,179.0,26.576317590691307,50000000.0
354362,2021,17,1365,0,4,5,0,Rodrigo Bentancur,1997-06-25,Defensive Midfield,Midfield,right,187.0,25.013004791238878,28000000.0
355915,2021,22,1846,1,0,8,0,Cristian Romero,1998-04-27,Centre-Back,Defender,right,185.0,24.175222450376456,48000000.0
357119,2021,11,990,0,0,2,0,Ibrahima Konaté,1999-05-25,Centre-Back,Defender,right,194.0,23.09924709103354,40000000.0
357147,2021,24,1797,0,0,4,0,Diogo Dalot,1999-03-18,Right-Back,Defender,right,184.0,23.28542094455852,20000000.0
357565,2021,33,2888,7,2,5,0,Rodri,1996-06-22,Defensive Midfield,Midfield,right,190.0,26.02053388090349,80000000.0
357662,2021,36,3178,1,4,8,0,Declan Rice,1999-01-14,Central Midfield,Midfield,right,188.0,23.457905544147845,80000000.0
357885,2021,36,2802,6,4,4,0,Pablo Fornals,1996-02-22,Central Midfield,Midfield,right,178.0,26.351813826146476,22000000.0
361260,2021,11,924,0,0,2,0,Ozan Kabak,2000-03-25,Centre-Back,Defender,right,187.0,22.26420260095825,10000000.0
363205,2021,28,1878,8,9,1,0,Gabriel Jesus,1997-04-03,Centre-Forward,Attack,right,175.0,25.240246406570844,50000000.0
364135,2021,1,1,0,0,0,0,Moise Kean,2000-02-28,Centre-Forward,Attack,right,183.0,22.33538672142368,24000000.0
365172,2021,23,1161,5,3,2,0,Patson Daka,1998-10-09,Centre-Forward,Attack,right,183.0,23.72347707049966,20000000.0
371436,2021,5,428,0,0,0,0,Francisco Sierralta,1997-05-06,Centre-Back,Defender,right,192.0,25.149897330595483,1500000.0
372240,2021,11,833,0,0,3,0,Mads Bech Sørensen,1999-01-07,Centre-Back,Defender,left,189.0,23.477070499657767,5000000.0
374139,2021,24,1716,0,2,11,0,Junior Firpo,1996-08-22,Left-Back,Defender,left,184.0,25.853524982888434,12000000.0
376856,2021,6,448,0,0,3,0,Charlie Goode,1995-08-03,Centre-Back,Defender,right,196.0,26.90759753593429,900000.0
377393,2021,33,2272,1,1,5,0,Pierre Lees-Melou,1993-05-25,Defensive Midfield,Midfield,right,185.0,29.097878165639973,5000000.0
378710,2021,30,2528,10,5,8,0,Richarlison,1997-05-10,Centre-Forward,Attack,right,184.0,25.138945927446954,48000000.0
379807,2021,15,906,0,0,2,0,Lyanco,1997-02-01,Centre-Back,Defender,right,187.0,25.4072553045859,5000000.0
381967,2021,19,1132,0,0,5,0,Albert Sambi Lokonga,1999-10-22,Central Midfield,Midfield,right,183.0,22.688569472963724,14000000.0
383109,2021,12,506,0,0,1,0,Przemyslaw Placheta,1998-03-23,Left Winger,Attack,left,178.0,24.27104722792608,1800000.0
384461,2021,28,1703,0,3,2,0,Jakub Moder,1999-04-07,Central Midfield,Midfield,right,191.0,23.23066392881588,12000000.0
387626,2021,18,755,1,2,3,0,Leon Bailey,1997-08-09,Right Winger,Attack,left,178.0,24.889801505817932,25000000.0
388165,2021,30,1273,7,1,0,0,Yoane Wissa,1996-09-03,Centre-Forward,Attack,right,176.0,25.82067077344285,12000000.0
390664,2021,10,601,0,0,0,0,Jacob Lungi Sørensen,1998-03-03,Defensive Midfield,Midfield,right,184.0,24.32580424366872,1500000.0
391005,2021,21,1233,1,1,1,0,Mads Roerslev,1999-06-24,Right-Back,Defender,right,184.0,23.017111567419576,2500000.0
392757,2021,36,3223,2,1,4,0,Marc Guéhi,2000-07-13,Centre-Back,Defender,right,182.0,21.963039014373717,32000000.0
392765,2021,33,1920,10,2,1,0,Emile Smith Rowe,2000-07-28,Attacking Midfield,Midfield,right,182.0,21.921971252566735,40000000.0
392768,2021,15,966,1,3,1,0,Callum Hudson-Odoi,2000-11-07,Left Winger,Attack,right,178.0,21.642710472279262,25000000.0
392775,2021,15,1053,0,2,2,0,Ryan Sessegnon,2000-05-18,Left-Back,Defender,left,178.0,22.116358658453116,18000000.0
393325,2021,26,1579,2,1,1,0,Josh Sargent,2000-02-20,Centre-Forward,Attack,right,185.0,22.357289527720738,7000000.0
398065,2021,32,2105,6,10,2,0,Harvey Barnes,1997-12-09,Left Winger,Attack,right,182.0,24.555783709787818,32000000.0
398184,2021,4,305,2,1,0,0,Ferran Torres,2000-02-29,Centre-Forward,Attack,right,183.0,22.33264887063655,45000000.0
401173,2021,29,1901,3,3,0,0,Jadon Sancho,2000-03-25,Left Winger,Attack,right,180.0,22.26420260095825,75000000.0
403151,2021,37,3330,0,0,3,1,Robert Sánchez,1997-11-18,Goalkeeper,Goalkeeper,right,197.0,24.61327857631759,16000000.0
404584,2021,7,203,0,1,0,0,Marcus Forss,1999-06-18,Centre-Forward,Attack,right,182.0,23.033538672142367,4000000.0
404842,2021,13,1056,1,0,0,0,Vitaliy Mykolenko,1999-05-29,Left-Back,Defender,left,180.0,23.08829568788501,18000000.0
406008,2021,5,369,0,0,0,0,Yan Valery,1999-02-22,Right-Back,Defender,right,185.0,23.351129363449694,2500000.0
406040,2021,26,1457,6,0,2,0,Ademola Lookman,1997-10-20,Left Winger,Attack,right,174.0,24.692676249144423,10000000.0
406635,2021,28,2134,9,5,1,0,Phil Foden,2000-05-28,Attacking Midfield,Midfield,left,171.0,22.088980150581794,90000000.0
406638,2021,18,1349,0,0,6,0,Oliver Skipp,2000-09-16,Defensive Midfield,Midfield,right,175.0,21.78507871321013,18000000.0
410225,2021,22,1865,5,2,2,0,Ismaïla Sarr,1998-02-25,Right Winger,Attack,right,185.0,24.34223134839151,27000000.0
410425,2021,26,2116,1,2,10,0,Yves Bissouma,1996-08-30,Defensive Midfield,Midfield,right,182.0,25.831622176591377,35000000.0
410708,2021,29,2051,1,0,6,1,Pascal Struijk,1999-08-11,Centre-Back,Defender,left,190.0,22.885694729637233,15000000.0
411295,2021,35,2923,11,3,7,0,Raphinha,1996-12-14,Left Winger,Attack,left,176.0,25.541409993155373,45000000.0
412660,2021,1,11,0,0,0,0,Keinan Davis,1998-02-13,Centre-Forward,Attack,left,189.0,24.3750855578371,2500000.0
412669,2021,28,1342,2,1,0,0,Francisco Trincão,1999-12-29,Attacking Midfield,Midfield,left,184.0,22.50239561943874,20000000.0
413032,2021,23,1018,0,2,1,0,Ibrahima Diallo,1999-03-08,Defensive Midfield,Midfield,right,179.0,23.312799452429843,10000000.0
413039,2021,35,2916,4,7,4,0,Bryan Mbeumo,1999-08-07,Right Winger,Attack,left,171.0,22.89664613278576,22000000.0
413220,2021,13,997,0,0,0,0,James Justin,1998-02-23,Right-Back,Defender,both,183.0,24.347707049965777,25000000.0
413403,2021,29,2481,2,0,6,1,Ezri Konsa,1997-10-23,Centre-Back,Defender,right,180.0,24.684462696783026,22000000.0
417346,2021,35,2647,8,1,3,0,Jack Harrison,1996-11-20,Left Winger,Attack,left,175.0,25.607118412046542,18000000.0
418561,2021,1,35,0,0,0,0,Kristoffer Klaesson,2000-11-27,Goalkeeper,Goalkeeper,left,189.0,21.587953456536617,2000000.0
420002,2021,22,1149,5,1,2,0,Jean-Philippe Mateta,1997-06-28,Centre-Forward,Attack,right,192.0,25.00479123887748,10000000.0
421637,2021,20,1051,0,0,4,0,Frank Onyeka,1998-01-01,Central Midfield,Midfield,right,183.0,24.49281314168378,9000000.0
423744,2021,24,1858,0,1,2,0,Billy Gilmour,2001-06-11,Defensive Midfield,Midfield,right,170.0,21.05133470225873,12000000.0
424051,2021,4,222,0,0,0,0,Samuel Kalu,1997-08-26,Right Winger,Attack,right,177.0,24.843258042436688,3000000.0
425334,2021,38,3380,4,3,8,0,Matty Cash,1997-08-07,Right-Back,Defender,right,185.0,24.895277207392198,25000000.0
427568,2021,34,3060,0,0,1,0,Aaron Ramsdale,1998-05-14,Goalkeeper,Goalkeeper,right,190.0,24.128678986995208,28000000.0
429014,2021,2,7,0,0,1,0,Morgan Gibbs-White,2000-01-27,Attacking Midfield,Midfield,right,171.0,22.42299794661191,11000000.0
431755,2021,18,1267,5,8,3,0,Dejan Kulusevski,2000-04-25,Attacking Midfield,Midfield,left,186.0,22.17932922655715,40000000.0
433177,2021,38,2994,11,7,6,0,Bukayo Saka,2001-09-05,Right Winger,Attack,left,178.0,20.815879534565365,65000000.0
433186,2021,1,45,0,0,0,0,Bali Mumba,2001-10-08,Right-Back,Defender,right,168.0,20.725530458590008,400000.0
433188,2021,15,856,1,1,0,0,Curtis Jones,2001-01-30,Central Midfield,Midfield,right,185.0,21.412731006160165,28000000.0
434207,2021,4,155,0,0,0,0,Aaron Connolly,2000-01-28,Centre-Forward,Attack,right,174.0,22.420260095824776,6000000.0
434223,2021,17,620,1,1,0,0,Adam Idah,2001-02-11,Centre-Forward,Attack,right,190.0,21.37987679671458,3000000.0
435338,2021,35,3067,5,0,8,0,Gabriel,1997-12-19,Centre-Back,Defender,left,190.0,24.528405201916495,38000000.0
442248,2021,32,2697,1,1,1,0,Ethan Pinnock,1993-05-29,Centre-Back,Defender,left,194.0,29.086926762491444,12000000.0
442531,2021,34,3060,0,0,3,0,Edouard Mendy,1992-03-01,Goalkeeper,Goalkeeper,right,194.0,30.32991101984942,32000000.0
444211,2021,4,133,0,0,0,0,Will Smallbone,2000-02-21,Central Midfield,Midfield,right,183.0,22.354551676933607,2000000.0
447661,2021,34,2722,2,3,7,0,Douglas Luiz,1998-05-09,Central Midfield,Midfield,right,177.0,24.142368240930868,38000000.0
448854,2021,33,2590,10,6,9,0,Emmanuel Dennis,1997-11-15,Centre-Forward,Attack,right,175.0,24.621492128678987,14000000.0
450936,2021,9,486,1,1,1,0,Tanguy Ndombélé,1996-12-28,Central Midfield,Midfield,right,181.0,25.503080082135522,30000000.0
451677,2021,14,328,0,0,0,0,Christos Tzolis,2002-01-30,Left Winger,Attack,right,179.0,20.413415468856947,8000000.0
453704,2021,12,1080,0,0,0,0,Álvaro Fernández,1998-04-13,Goalkeeper,Goalkeeper,right,185.0,24.213552361396303,4000000.0
459463,2021,25,1141,5,2,3,0,Cucho Hernández,1999-04-20,Centre-Forward,Attack,right,176.0,23.195071868583163,9000000.0
462832,2021,4,36,0,0,0,0,Mads Bidstrup,2001-02-25,Central Midfield,Midfield,right,175.0,21.34154688569473,1000000.0
468002,2021,20,1398,1,0,1,0,Ben Johnson,2000-01-24,Right-Back,Defender,right,184.0,22.431211498973305,9000000.0
469050,2021,19,1670,2,0,2,1,Nathan Collins,2001-04-30,Centre-Back,Defender,right,193.0,21.166324435318277,10000000.0
471690,2021,34,2882,0,2,8,0,Max Aarons,2000-01-04,Right-Back,Defender,right,177.0,22.48596851471595,22000000.0
472423,2021,26,1865,5,9,4,1,Reece James,1999-12-08,Right-Back,Defender,right,180.0,22.559890485968516,60000000.0
474701,2021,6,126,0,0,0,0,Crysencio Summerville,2001-10-30,Left Winger,Attack,right,172.0,20.6652977412731,2000000.0
475188,2021,28,2105,1,2,4,0,Kiernan Dewsbury-Hall,1998-09-06,Central Midfield,Midfield,left,176.0,23.813826146475016,8000000.0
475411,2021,7,630,0,0,2,0,Wesley Fofana,2000-12-17,Centre-Back,Defender,right,188.0,21.533196440793976,40000000.0
476237,2021,9,405,0,0,0,0,Steven Alzate,1998-09-08,Central Midfield,Midfield,right,180.0,23.808350444900753,5000000.0
476344,2021,31,2289,1,1,5,0,Emerson Royal,1999-01-14,Right-Back,Defender,right,183.0,23.457905544147845,25000000.0
477758,2021,20,1794,0,0,2,0,Aaron Wan-Bissaka,1997-11-26,Right-Back,Defender,right,183.0,24.591375770020534,25000000.0
479999,2021,13,602,1,1,1,0,Eberechi Eze,1998-06-29,Attacking Midfield,Midfield,right,178.0,24.00273785078713,22000000.0
480692,2021,13,963,4,3,0,0,Luis Díaz,1997-01-13,Left Winger,Attack,right,179.0,25.45927446954141,65000000.0
484551,2021,2,23,0,0,0,0,Taylor Richards,2000-12-04,Central Midfield,Midfield,left,180.0,21.568788501026695,400000.0
485424,2021,12,455,0,0,3,0,Moussa Djenepo,1998-06-15,Left Winger,Attack,right,177.0,24.041067761806982,10000000.0
485583,2021,8,307,0,0,1,0,Ki-Jana Hoever,2002-01-18,Right-Back,Defender,right,183.0,20.44626967830253,6000000.0
486477,2021,13,799,0,0,0,0,Edo Kayembe,1998-06-03,Central Midfield,Midfield,left,183.0,24.073921971252567,3000000.0
487465,2021,13,464,1,1,3,0,Pedro Neto,2000-03-09,Right Winger,Attack,left,174.0,22.308008213552363,32000000.0
490307,2021,18,994,2,5,2,0,Enock Mwepu,1998-01-01,Central Midfield,Midfield,right,184.0,24.49281314168378,18000000.0
503680,2021,1,7,0,1,0,0,Neco Williams,2001-04-13,Left-Back,Defender,right,183.0,21.21286789869952,8000000.0
503688,2021,2,148,0,0,0,0,Dominic Thompson,2000-07-26,Left-Back,Defender,left,183.0,21.927446954141,800000.0
503733,2021,35,2286,4,2,4,0,Anthony Gordon,2001-02-24,Left Winger,Attack,right,183.0,21.34428473648186,20000000.0
503749,2021,34,2479,6,1,6,0,Jacob Ramsey,2001-05-28,Central Midfield,Midfield,right,180.0,21.089664613278575,25000000.0
503795,2021,16,900,0,0,0,0,Jeremy Ngakia,2000-09-07,Right-Back,Defender,right,184.0,21.809719370294317,3500000.0
503980,2021,20,736,2,4,4,0,Joe Gelhardt,2002-05-04,Centre-Forward,Attack,left,179.0,20.15605749486653,6000000.0
503981,2021,28,2203,1,2,2,0,Tino Livramento,2002-11-12,Right-Back,Defender,right,182.0,19.630390143737166,25000000.0
504148,2021,30,1556,0,2,4,0,Tariq Lamptey,2000-09-30,Right-Back,Defender,right,163.0,21.746748802190282,18000000.0
505194,2021,22,1912,0,1,2,0,Luke Thomas,2001-06-10,Left-Back,Defender,left,181.0,21.05407255304586,12000000.0
505653,2021,22,564,0,0,0,0,Fábio Silva,2002-07-19,Centre-Forward,Attack,right,185.0,19.94798083504449,15000000.0
507254,2021,1,8,0,0,0,0,Nathan Ferguson,2000-10-06,Centre-Back,Defender,right,184.0,21.730321697467488,2500000.0
507700,2021,26,2123,0,1,8,0,Brandon Williams,2000-09-03,Left-Back,Defender,right,180.0,21.82067077344285,12000000.0
520624,2021,17,1034,5,1,4,0,Bruno Guimarães,1997-11-16,Central Midfield,Midfield,right,182.0,24.618754277891856,40000000.0
525247,2021,30,2689,1,0,3,0,Maximilian Kilman,1997-05-23,Centre-Back,Defender,left,194.0,25.10335386721424,16000000.0
531957,2021,3,126,0,0,1,0,Cody Drameh,2001-12-08,Right-Back,Defender,right,175.0,20.55852156057495,3000000.0
532178,2021,7,232,0,2,0,0,Sam Greenwood,2002-01-26,Attacking Midfield,Midfield,right,180.0,20.424366872005475,2500000.0
532541,2021,4,180,0,0,0,0,Luke Cundle,2002-04-26,Central Midfield,Midfield,right,171.0,20.177960301163587,800000.0
532826,2021,18,1278,5,1,1,0,Mason Greenwood,2001-10-01,Right Winger,Attack,both,181.0,20.744695414099933,50000000.0
533662,2021,3,24,0,0,0,0,Cameron Archer,2001-12-09,Centre-Forward,Attack,right,175.0,20.555783709787818,6000000.0
533916,2021,22,905,1,0,2,0,Shandon Baptiste,1998-04-08,Central Midfield,Midfield,right,180.0,24.227241615331966,3000000.0
534033,2021,33,2115,5,2,4,0,Alexis Mac Allister,1998-12-24,Central Midfield,Midfield,right,176.0,23.515400410677618,16000000.0
534700,2021,14,707,0,0,4,0,Jamie Shackleton,1999-10-08,Central Midfield,Midfield,right,168.0,22.72689938398357,2500000.0
535955,2021,22,1171,1,1,2,0,Nuno Tavares,2000-01-26,Left-Back,Defender,left,183.0,22.425735797399042,15000000.0
537382,2021,9,87,0,0,0,0,Bryan Gil,2001-02-11,Left Winger,Attack,left,175.0,21.37987679671458,18000000.0
542586,2021,38,3385,0,0,2,0,Illan Meslier,2000-03-02,Goalkeeper,Goalkeeper,left,197.0,22.327173169062284,20000000.0
563963,2021,34,2972,0,0,10,0,Mohammed Salisu,1999-04-17,Centre-Back,Defender,left,188.0,23.20328542094456,18000000.0
565822,2021,6,345,0,0,0,0,Harvey Elliott,2003-04-04,Attacking Midfield,Midfield,left,170.0,19.238877481177276,22000000.0
566723,2021,26,1135,2,5,4,0,Michael Olise,2001-12-12,Right Winger,Attack,left,180.0,20.54757015742642,22000000.0
568005,2021,5,45,0,0,0,0,Jeremy Sarmiento,2002-06-16,Left Winger,Attack,right,178.0,20.03832991101985,3000000.0
568177,2021,4,122,0,0,0,0,Cole Palmer,2002-05-06,Attacking Midfield,Midfield,left,185.0,20.150581793292265,6000000.0
578391,2021,23,1828,1,4,4,0,Rayan Aït-Nouri,2001-06-06,Left-Back,Defender,left,180.0,21.065023956194388,20000000.0
583189,2021,21,1214,2,2,0,0,Anthony Elanga,2002-04-27,Right Winger,Attack,right,178.0,20.175222450376456,20000000.0
584769,2021,38,3112,0,1,1,0,Dwight McNeil,1999-11-22,Left Winger,Attack,left,183.0,22.60369609856263,18000000.0
587019,2021,1,14,0,0,0,0,Fin Stevens,2003-04-10,Right-Back,Defender,right,179.0,19.222450376454482,400000.0
597659,2021,5,140,0,0,1,0,Charlie Cresswell,2002-08-17,Centre-Back,Defender,right,190.0,19.86858316221766,3000000.0
606718,2021,4,360,0,0,1,0,Toti,1999-01-16,Centre-Back,Defender,left,187.0,23.45242984257358,1500000.0
607224,2021,2,68,0,0,2,0,Hannibal,2003-01-21,Attacking Midfield,Midfield,right,177.0,19.43874058863792,6000000.0
614082,2021,1,9,0,0,0,0,Liam McCarron,2001-03-07,Left-Back,Defender,left,175.0,21.31416837782341,500000.0
621993,2021,5,381,1,0,1,0,Andrew Omobamidele,2002-06-23,Centre-Back,Defender,right,188.0,20.019164955509925,1200000.0
626724,2021,28,1638,3,1,1,0,João Pedro,2001-09-26,Centre-Forward,Attack,right,186.0,20.758384668035593,14000000.0
635336,2021,20,1420,0,0,6,0,Imrân Louza,1999-05-01,Central Midfield,Midfield,left,178.0,23.16495550992471,9000000.0
640026,2021,1,15,0,0,0,0,Shola Shoretire,2004-02-02,Left Winger,Attack,both,179.0,18.406570841889117,4000000.0
648046,2021,1,22,0,0,0,0,Evan Ferguson,2004-10-19,Centre-Forward,Attack,right,188.0,17.694729637234772,600000.0
655488,2021,29,1867,6,6,3,0,Gabriel Martinelli,2001-06-18,Left Winger,Attack,right,178.0,21.032169746748803,40000000.0
659459,2021,12,294,0,1,0,0,Carney Chukwuemeka,2003-10-20,Central Midfield,Midfield,right,187.0,18.694045174537987,6000000.0
661053,2021,6,388,1,0,0,1,Jarrad Branthwaite,2002-06-27,Centre-Back,Defender,left,195.0,20.008213552361397,3000000.0
661208,2021,2,148,0,0,0,0,Leo Hjelde,2003-08-26,Centre-Back,Defender,left,190.0,18.844626967830255,800000.0
665390,2021,1,4,0,0,0,0,Jaden Philogene,2002-02-08,Left Winger,Attack,right,181.0,20.38877481177276,3000000.0
672381,2021,13,208,0,1,0,0,Jonathan Rowe,2003-04-30,Left Winger,Attack,right,173.0,19.16769336071184,800000.0
687626,2021,8,664,1,1,2,0,Moisés Caicedo,2001-11-02,Defensive Midfield,Midfield,right,178.0,20.657084188911703,6000000.0
695454,2021,8,203,0,3,0,0,Chiquinho,2000-02-05,Left Winger,Attack,right,179.0,22.39835728952772,3000000.0
696589,2021,3,91,0,0,1,0,Tim Iroegbunam,2003-06-30,Central Midfield,Midfield,right,183.0,19.000684462696782,2500000.0
730893,2021,36,3103,0,2,1,0,Tyrick Mitchell,1999-09-01,Left-Back,Defender,left,181.0,22.82819986310746,25000000.0
3333,2022,31,893,0,1,2,0,James Milner,1986-01-04,Central Midfield,Midfield,right,175.0,37.4839151266256,1500000.0
8198,2022,10,520,1,0,2,0,Cristiano Ronaldo,1985-02-05,Centre-Forward,Attack,right,185.0,38.39561943874059,15000000.0
14086,2022,29,2038,1,0,7,0,Ashley Young,1985-07-09,Right-Back,Defender,both,175.0,37.973990417522245,600000.0
16306,2022,28,2127,4,3,7,2,Casemiro,1992-02-23,Defensive Midfield,Midfield,right,185.0,31.34839151266256,40000000.0
17965,2022,25,2205,0,0,0,0,Hugo Lloris,1986-12-26,Goalkeeper,Goalkeeper,left,188.0,36.50924024640657,3000000.0
29241,2022,27,2352,0,2,2,0,Thiago Silva,1984-09-22,Centre-Back,Defender,right,181.0,38.76796714579056,2000000.0
29364,2022,31,1783,0,2,3,0,João Moutinho,1986-09-08,Central Midfield,Midfield,right,170.0,36.80766598220397,1500000.0
29692,2022,36,3113,0,0,1,0,Lukasz Fabianski,1985-04-18,Goalkeeper,Goalkeeper,right,190.0,38.19849418206708,900000.0
33713,2022,20,1133,2,2,1,0,Theo Walcott,1989-03-16,Right Winger,Attack,both,175.0,34.288843258042434,1000000.0
33873,2022,1,90,0,0,0,0,Asmir Begovic,1987-06-20,Goalkeeper,Goalkeeper,right,199.0,36.02737850787132,800000.0
41416,2022,4,50,0,0,0,0,James McArthur,1987-10-07,Central Midfield,Midfield,both,178.0,35.728952772073924,400000.0
42412,2022,13,1053,0,0,1,0,Jonny Evans,1988-01-03,Centre-Back,Defender,both,188.0,35.488021902806295,2000000.0
42460,2022,34,2111,1,8,6,0,Ivan Perišić,1989-02-02,Left Winger,Attack,both,186.0,34.403832991101986,7000000.0
43530,2022,16,728,2,1,0,0,Adam Lallana,1988-05-10,Attacking Midfield,Midfield,both,172.0,35.13757700205339,1200000.0
44779,2022,23,1247,1,0,5,1,Diego Costa,1988-10-07,Centre-Forward,Attack,right,186.0,34.72689938398357,2000000.0
45403,2022,13,307,0,0,1,0,André Ayew,1989-12-17,Centre-Forward,Attack,left,175.0,33.53319644079398,1800000.0
45494,2022,4,271,0,0,0,0,Wayne Hennessey,1987-01-24,Goalkeeper,Goalkeeper,right,198.0,36.42984257357974,400000.0
48002,2022,16,1236,0,0,0,0,Angelo Ogbonna,1988-05-23,Centre-Back,Defender,left,191.0,35.10198494182067,900000.0
51152,2022,24,2016,14,2,7,0,Aleksandar Mitrović,1994-09-16,Centre-Forward,Attack,right,189.0,28.78576317590691,28000000.0
51471,2022,27,1705,1,2,8,0,Mateo Kovacic,1994-05-06,Central Midfield,Midfield,right,178.0,29.149897330595483,38000000.0
52059,2022,18,1099,0,0,2,0,Zanka,1990-04-23,Centre-Back,Defender,right,189.0,33.1854893908282,1500000.0
52570,2022,14,1215,0,0,1,0,Fraser Forster,1988-03-17,Goalkeeper,Goalkeeper,right,201.0,35.285420944558524,1500000.0
52769,2022,27,2144,5,6,2,0,Willian,1988-08-09,Left Winger,Attack,right,175.0,34.888432580424364,3000000.0
53622,2022,31,2359,8,5,0,0,İlkay Gündoğan,1990-10-24,Central Midfield,Midfield,right,180.0,32.681724845995895,20000000.0
57500,2022,25,1522,0,0,3,0,César Azpilicueta,1989-08-28,Centre-Back,Defender,right,178.0,33.83709787816564,5000000.0
58864,2022,15,551,1,0,1,0,Pierre-Emerick Aubameyang,1989-06-18,Centre-Forward,Attack,right,187.0,34.03148528405202,4000000.0
59377,2022,38,3420,0,0,0,0,David de Gea,1990-11-07,Goalkeeper,Goalkeeper,right,192.0,32.643394934976044,13000000.0
60444,2022,18,1256,0,0,2,0,Thiago Alcántara,1991-04-11,Central Midfield,Midfield,right,174.0,32.219028062970565,15000000.0
61560,2022,6,233,1,0,0,0,Marc Albrighton,1989-11-18,Right Midfield,Midfield,right,175.0,33.61259411362081,1000000.0
61592,2022,6,336,1,0,3,0,James Tomkins,1989-03-29,Centre-Back,Defender,right,192.0,34.25325119780972,800000.0
61644,2022,11,494,0,0,0,0,Jack Colback,1989-10-24,Defensive Midfield,Midfield,left,177.0,33.68104038329911,600000.0
61651,2022,35,2072,0,2,2,0,Jordan Henderson,1990-06-17,Defensive Midfield,Midfield,right,182.0,33.034907597535934,10000000.0
61841,2022,37,2948,0,1,11,0,Adam Smith,1991-04-29,Right-Back,Defender,right,174.0,32.16974674880219,1200000.0
64399,2022,27,2430,0,0,1,0,Vicente Guaita,1987-01-10,Goalkeeper,Goalkeeper,right,190.0,36.46817248459959,1000000.0
66100,2022,1,75,0,0,0,0,Oriol Romeu,1991-09-24,Defensive Midfield,Midfield,right,183.0,31.76454483230664,5000000.0
66934,2022,21,878,1,0,3,0,Cheikhou Kouyaté,1989-12-21,Defensive Midfield,Midfield,right,189.0,33.52224503764545,2000000.0
67063,2022,31,1856,6,4,0,0,Danny Welbeck,1990-11-26,Centre-Forward,Attack,right,185.0,32.591375770020534,7000000.0
67420,2022,29,2049,2,1,3,0,Luke Ayling,1991-08-25,Right-Back,Defender,right,183.0,31.8466803559206,1800000.0
68390,2022,23,1663,1,0,1,0,Séamus Coleman,1988-10-11,Right-Back,Defender,right,177.0,34.71594798083505,1000000.0
69633,2022,28,2063,1,8,3,0,Christian Eriksen,1992-02-14,Attacking Midfield,Midfield,right,182.0,31.37303216974675,22000000.0
71292,2022,11,576,0,0,2,0,Jonjo Shelvey,1992-02-27,Central Midfield,Midfield,right,184.0,31.33744010951403,5000000.0
72476,2022,36,3240,0,0,3,0,Bernd Leno,1992-03-04,Goalkeeper,Goalkeeper,right,190.0,31.32101300479124,12000000.0
73564,2022,15,1350,0,1,1,0,Jason Steele,1990-08-18,Goalkeeper,Goalkeeper,right,188.0,32.865160848733744,4000000.0
74230,2022,13,770,1,0,3,0,Pablo Sarabia,1992-05-11,Attacking Midfield,Midfield,left,174.0,31.134839151266256,14000000.0
74300,2022,18,504,0,0,2,0,Luka Milivojevic,1991-04-07,Defensive Midfield,Midfield,right,186.0,32.2299794661191,2000000.0
74810,2022,37,3272,3,2,2,0,Ben Mee,1989-09-21,Centre-Back,Defender,left,180.0,33.77138945927447,2000000.0
74960,2022,2,156,0,0,0,0,Martin Dúbravka,1989-01-15,Goalkeeper,Goalkeeper,right,191.0,34.45311430527036,1500000.0
75067,2022,18,1427,1,0,5,0,Liam Cooper,1991-08-30,Centre-Back,Defender,left,186.0,31.83299110198494,3000000.0
75458,2022,4,280,0,0,0,0,Robin Olsen,1990-01-08,Goalkeeper,Goalkeeper,right,196.0,33.47296372347707,1500000.0
77100,2022,15,145,1,0,0,1,Lucas Moura,1992-08-13,Right Winger,Attack,right,172.0,30.87748117727584,6000000.0
79422,2022,17,1530,0,0,2,0,Keylor Navas,1986-12-15,Goalkeeper,Goalkeeper,right,185.0,36.539356605065024,4000000.0
80197,2022,7,104,0,0,0,0,Salomón Rondón,1989-09-16,Centre-Forward,Attack,right,186.0,33.78507871321013,2000000.0
80444,2022,20,781,1,0,3,0,Philippe Coutinho,1992-06-12,Attacking Midfield,Midfield,right,172.0,31.04722792607803,10000000.0
82105,2022,14,1093,1,0,3,0,Joel Matip,1991-08-08,Centre-Back,Defender,right,195.0,31.89322381930185,12000000.0
82873,2022,37,3246,9,8,6,0,Pascal Groß,1991-06-15,Central Midfield,Midfield,right,181.0,32.04106776180698,8000000.0
85177,2022,22,1643,0,0,3,0,Nathaniel Clyne,1991-04-05,Right-Back,Defender,right,175.0,32.23545516769336,2000000.0
85941,2022,3,270,0,0,0,0,Stefan Ortega,1992-11-06,Goalkeeper,Goalkeeper,right,185.0,30.64476386036961,9000000.0
87672,2022,4,58,0,0,0,0,Junior Stanislas,1989-11-26,Left Winger,Attack,right,183.0,33.59069130732375,500000.0
88755,2022,32,2425,7,18,1,0,Kevin De Bruyne,1991-06-28,Attacking Midfield,Midfield,right,181.0,32.00547570157426,70000000.0
90836,2022,12,959,0,0,4,0,Steve Cook,1991-04-19,Centre-Back,Defender,right,185.0,32.19712525667351,1800000.0
91845,2022,36,2899,10,6,2,0,Heung-min Son,1992-07-08,Left Winger,Attack,both,183.0,30.976043805612594,50000000.0
92469,2022,7,35,0,0,0,0,Matt Ritchie,1989-09-10,Right Midfield,Midfield,left,173.0,33.80150581793292,1000000.0
92571,2022,28,2237,0,1,2,0,Aaron Cresswell,1989-12-15,Left-Back,Defender,left,170.0,33.53867214236824,1200000.0
92572,2022,28,2255,1,0,6,0,Joel Ward,1989-10-29,Right-Back,Defender,right,186.0,33.667351129363446,1200000.0
92738,2022,14,266,0,0,2,0,Mateusz Klich,1990-06-13,Defensive Midfield,Midfield,right,183.0,33.045859000684466,2000000.0
93128,2022,23,1800,2,1,7,0,Kalidou Koulibaly,1991-06-20,Centre-Back,Defender,right,186.0,32.02737850787132,15000000.0
95424,2022,27,1956,0,0,3,0,Kyle Walker,1990-05-28,Right-Back,Defender,right,183.0,33.08966461327858,13000000.0
95810,2022,38,3348,1,7,5,0,Kieran Trippier,1990-09-19,Right-Back,Defender,right,173.0,32.77754962354552,11000000.0
95976,2022,6,540,0,0,0,0,Alex McCarthy,1989-12-03,Goalkeeper,Goalkeeper,right,193.0,33.57152635181382,1200000.0
101118,2022,4,360,0,0,1,0,Joel Robles,1990-06-17,Goalkeeper,Goalkeeper,right,194.0,33.034907597535934,1000000.0
102017,2022,32,2134,2,1,4,0,Jorginho,1991-12-20,Defensive Midfield,Midfield,right,180.0,31.526351813826146,25000000.0
104124,2022,33,1838,5,3,2,0,Michail Antonio,1990-03-28,Centre-Forward,Attack,right,180.0,33.256673511293634,7000000.0
105470,2022,37,3330,0,1,1,0,Alisson,1992-10-02,Goalkeeper,Goalkeeper,right,193.0,30.740588637919235,35000000.0
106987,2022,11,627,0,1,1,0,Marcel Sabitzer,1994-03-17,Central Midfield,Midfield,right,178.0,29.286789869952088,20000000.0
108354,2022,38,2722,4,3,5,0,Jordan Ayew,1991-09-11,Centre-Forward,Attack,right,182.0,31.800136892539356,5000000.0
108725,2022,25,816,3,0,0,0,Chris Wood,1991-12-07,Centre-Forward,Attack,right,191.0,31.561943874058862,8000000.0
110864,2022,9,810,0,0,1,0,Sam Johnstone,1993-03-25,Goalkeeper,Goalkeeper,right,193.0,30.26420260095825,6000000.0
111051,2022,19,751,1,0,1,0,Nampalys Mendy,1992-06-23,Defensive Midfield,Midfield,right,168.0,31.017111567419576,2500000.0
111195,2022,31,2193,1,1,6,0,Joël Veltman,1992-01-15,Right-Back,Defender,right,184.0,31.45516769336071,10000000.0
111422,2022,17,766,0,3,0,0,Neeskens Kebano,1992-03-10,Left Winger,Attack,right,170.0,31.304585900068446,2000000.0
111455,2022,37,3004,7,7,4,0,Granit Xhaka,1992-09-27,Defensive Midfield,Midfield,left,183.0,30.754277891854894,20000000.0
111819,2022,27,2385,0,0,4,0,Neto,1989-07-19,Goalkeeper,Goalkeeper,right,190.0,33.946611909650926,2500000.0
111873,2022,36,3140,0,0,7,0,Emiliano Martínez,1992-09-02,Goalkeeper,Goalkeeper,right,195.0,30.822724161533195,28000000.0
112988,2022,8,224,0,0,0,0,Cédric Soares,1991-08-31,Right-Back,Defender,right,171.0,31.83025325119781,3000000.0
118534,2022,12,983,1,2,0,0,Michael Keane,1993-01-11,Centre-Back,Defender,right,188.0,30.46406570841889,10000000.0
119150,2022,1,6,0,0,0,0,Mislav Orsic,1992-12-29,Left Winger,Attack,right,179.0,30.49965776865161,5000000.0
119269,2022,5,17,0,0,0,0,Shane Duffy,1992-01-01,Centre-Back,Defender,right,193.0,31.49349760438056,2000000.0
120629,2022,5,307,0,0,0,0,Alphonse Areola,1993-02-27,Goalkeeper,Goalkeeper,right,195.0,30.33538672142368,8000000.0
121257,2022,12,476,0,0,0,0,Adam Forshaw,1991-10-08,Central Midfield,Midfield,right,175.0,31.72621492128679,1200000.0
121477,2022,25,2135,1,0,6,0,Craig Dawson,1990-05-06,Centre-Back,Defender,right,188.0,33.14989733059548,2000000.0
123275,2022,33,972,2,0,2,0,Tom Cairney,1991-01-20,Central Midfield,Midfield,left,185.0,32.440793976728266,2000000.0
123682,2022,31,1887,18,5,4,0,Callum Wilson,1992-02-27,Centre-Forward,Attack,right,180.0,31.33744010951403,16000000.0
125314,2022,12,724,1,0,0,0,Pontus Jansson,1991-02-13,Centre-Back,Defender,right,196.0,32.375085557837096,2500000.0
126664,2022,28,1500,1,0,5,0,Lucas Digne,1993-07-20,Left-Back,Defender,left,178.0,29.94387405886379,15000000.0
126665,2022,33,2593,0,1,7,0,Idrissa Gueye,1989-09-26,Defensive Midfield,Midfield,right,174.0,33.75770020533881,5000000.0
126710,2022,3,136,0,0,1,0,Layvin Kurzawa,1992-09-04,Left-Back,Defender,left,182.0,30.817248459958932,3000000.0
127032,2022,24,1949,1,0,2,0,Serge Aurier,1992-12-24,Right-Back,Defender,right,176.0,30.51334702258727,8000000.0
127187,2022,25,1530,5,2,6,1,Abdoulaye Doucouré,1993-01-01,Attacking Midfield,Midfield,right,183.0,30.491444216290212,12000000.0
128900,2022,4,12,0,0,0,1,Nathaniel Chalobah,1994-12-12,Defensive Midfield,Midfield,right,185.0,28.54757015742642,1800000.0
128901,2022,24,2095,1,1,2,0,Conor Coady,1993-02-25,Centre-Back,Defender,right,185.0,30.340862422997947,12000000.0
129078,2022,1,1,0,0,0,0,Nathan Redmond,1994-03-06,Right Winger,Attack,right,173.0,29.31690622861054,10000000.0
129588,2022,22,640,1,0,1,0,Dennis Praet,1994-05-14,Central Midfield,Midfield,right,181.0,29.127994524298426,7000000.0
130164,2022,37,3330,0,1,5,0,Jordan Pickford,1994-03-07,Goalkeeper,Goalkeeper,left,185.0,29.31416837782341,22000000.0
130765,2022,32,1405,2,1,6,0,Stuart Armstrong,1992-03-30,Central Midfield,Midfield,right,183.0,31.249828884325805,4500000.0
131505,2022,31,1943,13,1,6,0,Rodrigo,1991-03-06,Centre-Forward,Attack,left,182.0,32.31759069130732,6000000.0
131789,2022,25,1212,11,4,0,0,Roberto Firmino,1991-10-02,Centre-Forward,Attack,right,181.0,31.742642026009584,18000000.0
131996,2022,8,226,2,0,1,0,Bertrand Traoré,1995-09-06,Right Winger,Attack,left,181.0,27.813826146475016,12000000.0
132098,2022,38,3408,30,3,6,0,Harry Kane,1993-07-28,Centre-Forward,Attack,right,188.0,29.921971252566735,90000000.0
134270,2022,38,3116,1,0,5,0,Dan Burn,1992-05-09,Centre-Back,Defender,left,201.0,31.140314852840522,10000000.0
134294,2022,35,1589,8,2,4,0,Danny Ings,1992-07-23,Centre-Forward,Attack,right,177.0,30.934976043805612,12000000.0
134425,2022,28,1902,6,3,4,0,Raheem Sterling,1994-12-08,Right Winger,Attack,right,170.0,28.55852156057495,55000000.0
135343,2022,36,3210,1,3,7,0,Fabian Schär,1991-12-20,Centre-Back,Defender,right,186.0,31.526351813826146,10000000.0
135853,2022,10,244,1,0,0,0,Manuel Lanzini,1993-02-15,Attacking Midfield,Midfield,right,170.0,30.368240930869266,6000000.0
136401,2022,2,180,0,0,0,0,Daniel Bentley,1993-07-13,Goalkeeper,Goalkeeper,,193.0,29.963039014373717,2000000.0
139208,2022,32,2835,3,1,3,0,Virgil van Dijk,1991-07-08,Centre-Back,Defender,right,195.0,31.978097193702943,35000000.0
140191,2022,12,531,0,0,1,0,Ryan Fredericks,1992-10-10,Right-Back,Defender,right,181.0,30.718685831622178,1500000.0
141660,2022,17,927,0,0,1,0,Jesse Lingard,1992-12-15,Attacking Midfield,Midfield,right,174.0,30.537987679671456,8000000.0
142310,2022,11,687,0,1,2,0,Willy Boly,1991-02-03,Centre-Back,Defender,right,195.0,32.40246406570842,2500000.0
143424,2022,9,335,1,0,0,0,Alex Oxlade-Chamberlain,1993-08-15,Central Midfield,Midfield,right,180.0,29.872689938398356,7000000.0
144028,2022,36,2257,8,13,1,0,Leandro Trossard,1994-12-04,Left Winger,Attack,right,172.0,28.569472963723477,35000000.0
145466,2022,33,2900,1,0,2,0,Tim Ream,1987-10-05,Centre-Back,Defender,left,186.0,35.73442847364819,1000000.0
145988,2022,27,2294,7,2,5,0,Wilfried Zaha,1992-11-10,Left Winger,Attack,right,180.0,30.633812457221083,22000000.0
146795,2022,8,311,0,0,1,0,Ryan Fraser,1994-02-24,Left Winger,Attack,right,163.0,29.34428473648186,6000000.0
148153,2022,36,3240,1,0,4,0,Lewis Dunk,1991-11-21,Centre-Back,Defender,right,192.0,31.60574948665298,16000000.0
148252,2022,28,2165,0,0,4,0,Remo Freuler,1992-04-15,Central Midfield,Midfield,right,181.0,31.20602327173169,8000000.0
148367,2022,22,1770,1,4,6,0,Christian Nørgaard,1994-03-10,Defensive Midfield,Midfield,right,187.0,29.305954825462013,16000000.0
148455,2022,38,3297,19,12,2,0,Mohamed Salah,1992-06-15,Right Winger,Attack,left,175.0,31.039014373716633,65000000.0
156501,2022,16,1419,0,1,4,0,Felipe,1989-05-16,Centre-Back,Defender,right,190.0,34.12183436002738,2000000.0
157506,2022,34,2547,3,1,7,0,Jeffrey Schlupp,1992-12-23,Left Midfield,Midfield,left,178.0,30.5160848733744,7000000.0
157509,2022,25,1990,2,0,0,0,Kurt Zouma,1994-10-27,Centre-Back,Defender,right,190.0,28.673511293634498,22000000.0
157672,2022,27,2139,0,1,5,0,Vladimír Coufal,1992-08-22,Right-Back,Defender,right,175.0,30.85284052019165,9000000.0
160438,2022,5,111,0,0,0,0,Mohamed Elneny,1992-07-11,Defensive Midfield,Midfield,right,179.0,30.967830253251197,6000000.0
162029,2022,4,34,0,0,0,0,Javier Manquillo,1994-05-05,Right-Back,Defender,right,178.0,29.152635181382614,2500000.0
163744,2022,17,1218,0,0,3,0,Jack Stephens,1994-01-27,Centre-Back,Defender,right,185.0,29.420944558521562,3500000.0
164770,2022,24,1917,0,0,1,0,Raphaël Varane,1993-04-25,Centre-Back,Defender,right,191.0,30.17932922655715,35000000.0
167799,2022,35,3133,4,5,5,0,Pierre-Emile Højbjerg,1995-08-05,Defensive Midfield,Midfield,right,185.0,27.901437371663246,45000000.0
168157,2022,24,902,0,0,0,0,Leander Dendoncker,1995-04-15,Defensive Midfield,Midfield,right,188.0,28.20807665982204,15000000.0
170646,2022,3,75,0,0,1,0,Ludwig Augustinsson,1994-04-21,Left-Back,Defender,left,181.0,29.190965092402465,2500000.0
170934,2022,19,1303,0,1,4,0,Mario Lemina,1993-09-01,Defensive Midfield,Midfield,right,184.0,29.82614647501711,10000000.0
171424,2022,30,1924,5,10,2,0,Riyad Mahrez,1991-02-21,Right Winger,Attack,left,179.0,32.35318275154004,20000000.0
171679,2022,12,668,1,0,0,0,Matt Doherty,1992-01-16,Right-Back,Defender,right,185.0,31.45242984257358,5000000.0
173504,2022,38,3420,1,1,6,0,James Tarkowski,1992-11-19,Centre-Back,Defender,right,185.0,30.60917180013689,18000000.0
174094,2022,2,10,0,0,0,0,Morgan Sanson,1994-08-18,Central Midfield,Midfield,right,180.0,28.865160848733744,6000000.0
175446,2022,18,1262,1,0,3,1,Jonny Otto,1994-03-03,Right-Back,Defender,both,175.0,29.32511978097194,13000000.0
175722,2022,33,2816,2,1,4,0,Eric Dier,1994-01-15,Centre-Back,Defender,right,191.0,29.453798767967147,18000000.0
176553,2022,12,993,0,0,0,0,Aymeric Laporte,1994-05-27,Centre-Back,Defender,left,191.0,29.09240246406571,25000000.0
177476,2022,26,1877,1,0,2,0,Nathan Aké,1995-02-18,Centre-Back,Defender,left,180.0,28.361396303901437,42000000.0
177907,2022,16,762,0,0,4,0,Harry Maguire,1993-03-05,Centre-Back,Defender,right,194.0,30.31895961670089,20000000.0
181579,2022,38,3372,9,4,6,0,James Ward-Prowse,1994-11-01,Central Midfield,Midfield,right,177.0,28.659822039698838,38000000.0
181778,2022,22,1322,1,0,2,0,Emerson,1994-08-03,Left-Back,Defender,left,176.0,28.906228610540726,12000000.0
182712,2022,17,1278,2,1,3,1,João Cancelo,1994-05-27,Right-Back,Defender,right,182.0,29.09240246406571,50000000.0
182877,2022,21,980,6,2,0,0,Anthony Martial,1995-12-05,Centre-Forward,Attack,right,184.0,27.567419575633128,15000000.0
182904,2022,26,2027,0,2,3,0,Clément Lenglet,1995-06-17,Centre-Back,Defender,left,186.0,28.035592060232716,10000000.0
183288,2022,31,2556,1,2,8,0,Luke Shaw,1995-07-12,Left-Back,Defender,left,178.0,27.967145790554415,42000000.0
183293,2022,20,1016,0,1,1,0,Joe Rothwell,1995-01-11,Central Midfield,Midfield,right,185.0,28.465434633812457,4000000.0
183302,2022,7,284,0,0,1,0,Ben Pearson,1995-01-04,Central Midfield,Midfield,right,176.0,28.484599589322382,2200000.0
183318,2022,7,214,0,0,2,0,Jamaal Lascelles,1993-11-11,Centre-Back,Defender,right,188.0,29.631759069130734,4500000.0
183321,2022,6,141,0,1,1,0,Kevin Mbabu,1995-04-19,Right-Back,Defender,right,184.0,28.197125256673512,3500000.0
183334,2022,28,1523,4,2,3,0,Patrick Bamford,1993-09-05,Centre-Forward,Attack,left,185.0,29.815195071868583,9000000.0
184528,2022,1,1,0,0,0,0,Emil Krafth,1994-08-02,Right-Back,Defender,right,184.0,28.908966461327857,3000000.0
184573,2022,20,1360,0,0,1,0,Victor Lindelöf,1994-07-17,Centre-Back,Defender,right,187.0,28.95277207392197,18000000.0
186186,2022,36,2485,4,1,8,0,Bobby De Cordova-Reid,1993-02-02,Attacking Midfield,Midfield,right,170.0,30.403832991101986,7000000.0
186590,2022,23,1848,2,2,2,0,John Stones,1994-05-28,Centre-Back,Defender,right,188.0,29.089664613278575,40000000.0
186644,2022,33,2179,1,1,4,0,Mohamed Elyounoussi,1994-08-04,Second Striker,Attack,right,178.0,28.903490759753595,9000000.0
186901,2022,2,180,0,0,0,0,Marek Rodák,1996-12-13,Goalkeeper,Goalkeeper,right,194.0,26.543463381245722,3000000.0
188077,2022,32,1841,1,1,2,0,Ryan Christie,1995-02-22,Central Midfield,Midfield,left,178.0,28.35044490075291,10000000.0
191614,2022,35,1233,2,2,6,0,Fred,1993-03-05,Central Midfield,Midfield,both,170.0,30.31895961670089,20000000.0
192080,2022,37,3262,0,0,3,1,Nick Pope,1992-04-19,Goalkeeper,Goalkeeper,right,198.0,31.195071868583163,20000000.0
192279,2022,29,2565,0,0,1,0,Kepa Arrizabalaga,1994-10-03,Goalkeeper,Goalkeeper,right,188.0,28.739219712525667,18000000.0
192765,2022,31,2290,2,2,4,0,Ben Davies,1993-04-24,Centre-Back,Defender,left,181.0,30.182067077344286,15000000.0
193098,2022,19,1335,0,3,3,0,Álex Moreno,1993-06-08,Left-Back,Defender,left,179.0,30.05886379192334,15000000.0
193116,2022,34,2698,1,3,7,0,John McGinn,1994-10-18,Central Midfield,Midfield,left,178.0,28.698151950718685,27000000.0
197838,2022,37,1852,3,4,1,0,Jamie Vardy,1987-01-11,Centre-Forward,Attack,right,179.0,36.46543463381246,2500000.0
198516,2022,19,935,0,0,2,0,Harry Toffolo,1995-08-19,Left-Back,Defender,left,183.0,27.863107460643395,3500000.0
199527,2022,36,1243,4,2,0,0,Jacob Murphy,1995-02-24,Right Winger,Attack,right,179.0,28.344969199178646,15000000.0
202886,2022,25,1542,0,1,1,0,Ruben Loftus-Cheek,1996-01-23,Central Midfield,Midfield,right,191.0,27.433264887063654,25000000.0
203026,2022,26,2340,0,0,0,0,Danny Ward,1993-06-22,Goalkeeper,Goalkeeper,right,191.0,30.02053388090349,6000000.0
203394,2022,33,2718,4,6,8,0,Andreas Pereira,1996-01-01,Central Midfield,Midfield,right,178.0,27.49349760438056,18000000.0
203460,2022,28,2063,5,7,4,0,Jack Grealish,1995-09-10,Left Winger,Attack,right,180.0,27.802874743326488,75000000.0
203655,2022,1,6,0,0,0,0,Cafú,1993-02-26,Central Midfield,Midfield,right,185.0,30.338124572210816,600000.0
203853,2022,27,2136,1,2,3,0,Oleksandr Zinchenko,1996-12-15,Left-Back,Defender,left,175.0,26.537987679671456,42000000.0
204103,2022,34,1484,2,2,2,0,Adama Traoré,1996-01-25,Right Winger,Attack,right,178.0,27.42778918548939,10000000.0
204294,2022,15,124,0,0,0,0,Saman Ghoddos,1993-09-06,Attacking Midfield,Midfield,right,176.0,29.812457221081452,2000000.0
206040,2022,15,841,0,1,0,0,Raúl Jiménez,1991-05-05,Centre-Forward,Attack,right,188.0,32.153319644079396,6000000.0
206746,2022,31,2575,1,5,8,0,Kenny Tete,1995-10-09,Right-Back,Defender,right,180.0,27.72347707049966,15000000.0
207014,2022,27,828,1,1,4,0,Will Hughes,1995-04-17,Central Midfield,Midfield,left,185.0,28.202600958247775,5000000.0
207929,2022,2,38,0,0,0,0,Dele Alli,1996-04-11,Attacking Midfield,Midfield,right,188.0,27.21697467488022,8000000.0
209212,2022,33,2728,7,7,2,0,Solly March,1994-07-20,Right Winger,Attack,left,180.0,28.944558521560573,22000000.0
212847,2022,27,1987,0,0,2,0,Adam Webster,1995-01-04,Centre-Back,Defender,right,190.0,28.484599589322382,25000000.0
214056,2022,20,1610,0,0,1,0,Daniel Amartey,1994-12-21,Centre-Back,Defender,right,186.0,28.522929500342233,12000000.0
215118,2022,14,344,0,0,2,0,Calum Chambers,1995-01-20,Centre-Back,Defender,right,182.0,28.44079397672827,8000000.0
215876,2022,10,453,1,1,2,0,Ricardo Pereira,1993-10-06,Right-Back,Defender,right,175.0,29.730321697467488,10000000.0
217111,2022,18,653,0,3,1,0,Hakim Ziyech,1993-03-19,Right Winger,Attack,left,180.0,30.28062970568104,16000000.0
217115,2022,27,1115,1,0,4,0,Neal Maupay,1996-08-14,Centre-Forward,Attack,right,171.0,26.874743326488705,10000000.0
225083,2022,7,520,0,1,1,0,N'Golo Kanté,1991-03-29,Defensive Midfield,Midfield,right,168.0,32.25462012320329,15000000.0
225122,2022,13,709,1,1,1,0,Gonçalo Guedes,1996-11-29,Left Winger,Attack,right,179.0,26.581793292265573,23000000.0
225161,2022,35,3023,6,1,12,0,Rúben Neves,1997-03-13,Defensive Midfield,Midfield,right,183.0,26.297056810403834,40000000.0
225693,2022,36,2677,0,2,11,0,Fabinho,1993-10-23,Defensive Midfield,Midfield,right,188.0,29.683778234086244,42000000.0
226973,2022,37,2879,3,4,5,0,Harrison Reed,1995-01-27,Central Midfield,Midfield,right,181.0,28.421629021218344,18000000.0
228645,2022,17,797,0,1,1,0,Wout Weghorst,1992-08-07,Centre-Forward,Attack,right,197.0,30.89390828199863,12000000.0
228948,2022,27,2230,0,2,4,0,Thilo Kehrer,1996-09-21,Centre-Back,Defender,both,186.0,26.770704996577688,18000000.0
230784,2022,33,2486,3,0,5,0,Thomas Partey,1993-06-13,Defensive Midfield,Midfield,right,185.0,30.04517453798768,35000000.0
231572,2022,36,2635,0,1,11,1,Nélson Semedo,1993-11-16,Right-Back,Defender,right,179.0,29.61806981519507,15000000.0
232964,2022,1,8,0,0,0,0,Emiliano Marcondes,1995-03-09,Attacking Midfield,Midfield,right,182.0,28.309377138945926,1500000.0
234781,2022,14,234,0,0,0,0,Maxwel Cornet,1996-09-27,Left Winger,Attack,left,179.0,26.754277891854894,12000000.0
234803,2022,34,2590,0,8,3,0,Andrew Robertson,1994-03-11,Left-Back,Defender,left,178.0,29.30321697467488,40000000.0
238223,2022,35,3150,0,1,3,0,Ederson,1993-08-17,Goalkeeper,Goalkeeper,left,188.0,29.867214236824093,40000000.0
238266,2022,13,944,1,0,2,0,Duje Caleta-Car,1996-09-17,Centre-Back,Defender,right,193.0,26.781656399726216,11000000.0
239949,2022,2,11,0,0,0,0,Jamal Lowe,1994-07-21,Centre-Forward,Attack,right,183.0,28.941820670773442,1500000.0
240306,2022,37,3320,8,8,6,0,Bruno Fernandes,1994-09-08,Attacking Midfield,Midfield,right,183.0,28.80766598220397,75000000.0
241481,2022,6,59,0,0,0,0,Jaïro Riedewald,1996-09-09,Defensive Midfield,Midfield,left,182.0,26.803559206023273,3000000.0
241641,2022,34,2202,4,6,5,0,Bernardo Silva,1994-08-10,Attacking Midfield,Midfield,left,173.0,28.8870636550308,80000000.0
242631,2022,38,3382,2,8,2,0,Alex Iwobi,1996-05-03,Left Winger,Attack,right,183.0,27.156741957563312,28000000.0
243028,2022,23,1773,0,0,5,0,Jan Bednarek,1996-04-12,Centre-Back,Defender,right,189.0,27.21423682409309,14000000.0
243589,2022,2,14,0,0,0,0,Josh Onomah,1997-04-27,Central Midfield,Midfield,right,185.0,26.17385352498289,1500000.0
245056,2022,12,409,0,0,1,0,Saša Lukić,1996-08-13,Central Midfield,Midfield,right,182.0,26.87748117727584,12000000.0
246291,2022,8,648,0,0,1,0,Diego Llorente,1993-08-16,Centre-Back,Defender,right,186.0,29.869952087611225,12000000.0
246968,2022,8,379,0,1,0,0,Ayoze Pérez,1993-07-29,Centre-Forward,Attack,right,178.0,29.919233401779604,6000000.0
249089,2022,28,1715,0,2,4,0,Lewis Cook,1997-02-03,Central Midfield,Midfield,right,175.0,26.401095140314855,10000000.0
249356,2022,10,293,0,0,2,0,Jack Stacey,1996-04-06,Right-Back,Defender,right,180.0,27.23066392881588,2000000.0
249565,2022,31,2351,3,2,4,0,Youri Tielemans,1997-05-07,Central Midfield,Midfield,right,176.0,26.146475017111566,25000000.0
249994,2022,36,3240,0,0,2,0,José Sá,1993-01-17,Goalkeeper,Goalkeeper,right,192.0,30.4476386036961,18000000.0
250426,2022,30,1334,2,1,2,0,Adam Armstrong,1997-02-10,Centre-Forward,Attack,right,173.0,26.38193018480493,10000000.0
250478,2022,17,603,0,0,1,0,Matt Targett,1995-09-18,Left-Back,Defender,left,183.0,27.78097193702943,13000000.0
251664,2022,33,2955,20,4,9,0,Ivan Toney,1996-03-16,Centre-Forward,Attack,right,185.0,27.288158795345655,35000000.0
251845,2022,5,73,0,0,0,0,Sergi Canós,1997-02-02,Left Winger,Attack,right,177.0,26.403832991101986,9000000.0
253341,2022,14,562,1,0,0,0,Rob Holding,1995-09-20,Centre-Back,Defender,right,189.0,27.77549623545517,8000000.0
253677,2022,35,3150,1,2,7,0,Tyrone Mings,1993-03-13,Centre-Back,Defender,left,196.0,30.297056810403834,22000000.0
255906,2022,20,1573,0,0,4,0,Scott McKenna,1996-11-12,Centre-Back,Defender,left,189.0,26.628336755646817,10000000.0
256178,2022,21,1461,0,0,3,0,Joe Gomez,1997-05-23,Centre-Back,Defender,right,188.0,26.102669404517453,22000000.0
256977,2022,32,1770,6,0,5,0,Daniel Podence,1995-10-21,Left Winger,Attack,right,170.0,27.690622861054074,20000000.0
257455,2022,35,3113,3,0,14,0,João Palhinha,1995-07-09,Defensive Midfield,Midfield,right,190.0,27.975359342915812,40000000.0
258004,2022,26,1998,0,0,3,0,Rúben Dias,1997-05-14,Centre-Back,Defender,right,187.0,26.127310061601644,80000000.0
258878,2022,25,2084,1,0,4,0,Tosin Adarabioyo,1997-09-24,Centre-Back,Defender,right,197.0,25.763175906913073,16000000.0
258889,2022,33,2873,6,7,2,0,Dominic Solanke,1997-09-14,Centre-Forward,Attack,right,186.0,25.790554414784395,20000000.0
258919,2022,18,1620,0,0,2,0,Dean Henderson,1997-03-12,Goalkeeper,Goalkeeper,right,188.0,26.299794661190965,18000000.0
258923,2022,35,2891,17,5,2,0,Marcus Rashford,1997-10-31,Left Winger,Attack,right,185.0,25.661875427789184,80000000.0
260827,2022,32,2783,1,0,7,0,Joachim Andersen,1996-05-31,Centre-Back,Defender,right,192.0,27.080082135523615,30000000.0
260841,2022,12,1080,0,0,0,0,Daniel Iversen,1997-07-19,Goalkeeper,Goalkeeper,right,193.0,25.946611909650922,5000000.0
262226,2022,37,3257,2,3,3,0,Timothy Castagne,1995-12-05,Right-Back,Defender,right,185.0,27.567419575633128,25000000.0
262749,2022,38,3420,0,0,1,0,David Raya,1995-09-15,Goalkeeper,Goalkeeper,right,186.0,27.789185489390828,30000000.0
262980,2022,37,3255,5,0,7,0,Jefferson Lerma,1994-10-25,Defensive Midfield,Midfield,right,180.0,28.67898699520876,20000000.0
263361,2022,16,1265,0,0,3,0,Maximilian Wöber,1998-02-04,Centre-Back,Defender,left,188.0,25.399041752224505,14000000.0
270171,2022,35,2210,3,1,3,0,Vitaly Janelt,1998-05-10,Defensive Midfield,Midfield,left,184.0,25.138945927446954,20000000.0
272622,2022,25,2009,1,0,2,0,Issa Diop,1997-01-09,Centre-Back,Defender,right,194.0,26.469541409993155,18000000.0
272642,2022,25,1117,1,5,1,0,Allan Saint-Maximin,1997-03-12,Left Winger,Attack,right,173.0,26.299794661190965,32000000.0
272855,2022,11,405,0,0,0,0,Paul Onuachu,1994-05-28,Centre-Forward,Attack,right,201.0,29.089664613278575,13000000.0
272999,2022,34,2508,11,2,2,0,Miguel Almirón,1994-02-10,Right Winger,Attack,left,178.0,29.38261464750171,32000000.0
274839,2022,27,1682,0,0,4,0,Wilfred Ndidi,1996-12-16,Defensive Midfield,Midfield,right,183.0,26.535249828884325,25000000.0
275590,2022,27,1274,4,0,1,0,Kieffer Moore,1992-08-08,Centre-Forward,Attack,right,196.0,30.8911704312115,4000000.0
277033,2022,6,172,0,0,1,0,David Brooks,1997-07-08,Right Winger,Attack,left,173.0,25.976728268309376,12000000.0
279455,2022,29,1097,2,5,1,0,Harry Wilson,1997-03-22,Right Winger,Attack,left,173.0,26.272416153319643,16000000.0
283628,2022,36,2819,2,3,3,0,Tomáš Souček,1995-02-27,Defensive Midfield,Midfield,right,192.0,28.33675564681725,35000000.0
284730,2022,29,2286,0,1,2,0,Manuel Akanji,1995-07-19,Centre-Back,Defender,right,188.0,27.94798083504449,38000000.0
284857,2022,24,1678,0,2,4,0,Marc Cucurella,1998-07-22,Left-Back,Defender,left,173.0,24.93908281998631,35000000.0
285845,2022,22,1404,0,1,3,0,Ainsley Maitland-Niles,1997-08-29,Right-Back,Defender,right,180.0,25.83436002737851,8000000.0
288255,2022,7,163,0,0,0,0,Donny van de Beek,1997-04-18,Central Midfield,Midfield,right,184.0,26.198494182067076,13000000.0
289446,2022,7,596,2,0,2,0,Yerry Mina,1994-09-23,Centre-Back,Defender,right,195.0,28.76659822039699,10000000.0
289592,2022,27,1555,1,1,3,0,Orel Mangala,1998-03-18,Defensive Midfield,Midfield,right,178.0,25.284052019164957,16000000.0
290532,2022,35,2071,6,3,0,0,Saïd Benrahma,1995-08-10,Left Winger,Attack,right,172.0,27.887748117727583,25000000.0
291200,2022,14,1166,0,0,1,0,Moussa Niakhaté,1996-03-08,Centre-Back,Defender,left,190.0,27.310061601642712,18000000.0
292246,2022,27,1127,3,1,1,0,Hee-chan Hwang,1996-01-26,Centre-Forward,Attack,right,177.0,27.42505133470226,12000000.0
292417,2022,33,2511,4,1,3,0,Demarai Gray,1996-06-28,Left Winger,Attack,right,183.0,27.003422313483917,20000000.0
292808,2022,31,2787,1,2,6,0,Wout Faes,1998-04-03,Centre-Back,Defender,right,187.0,25.240246406570844,20000000.0
294057,2022,30,2486,10,9,10,0,James Maddison,1996-11-23,Attacking Midfield,Midfield,right,175.0,26.598220396988363,60000000.0
295313,2022,27,1411,10,1,2,0,Taiwo Awoniyi,1997-08-12,Centre-Forward,Attack,right,183.0,25.880903490759753,25000000.0
295330,2022,28,1121,5,5,0,0,Kelechi Iheanacho,1996-10-03,Centre-Forward,Attack,left,185.0,26.7378507871321,18000000.0
298091,2022,12,991,0,1,2,0,Harry Souttar,1998-10-22,Centre-Back,Defender,right,198.0,24.687200547570157,15000000.0
300716,2022,27,777,0,1,0,0,Kieran Tierney,1997-06-05,Left-Back,Defender,left,180.0,26.067077344284737,25000000.0
302215,2022,8,292,0,0,1,0,Naby Keïta,1995-02-10,Central Midfield,Midfield,right,172.0,28.383299110198493,12000000.0
306024,2022,17,1175,2,1,3,0,Dominic Calvert-Lewin,1997-03-16,Centre-Forward,Attack,right,189.0,26.288843258042437,25000000.0
309400,2022,35,2579,7,1,5,0,Kai Havertz,1999-06-11,Centre-Forward,Attack,left,193.0,24.05201916495551,55000000.0
314210,2022,19,527,0,0,3,0,Tom Davies,1998-06-30,Central Midfield,Midfield,right,180.0,24.999315537303218,9000000.0
314353,2022,37,2931,2,9,5,0,Trent Alexander-Arnold,1998-10-07,Right-Back,Defender,right,180.0,24.72826830937714,65000000.0
314875,2022,38,3237,6,6,2,0,Jarrod Bowen,1996-12-20,Right Winger,Attack,left,176.0,26.524298425735797,38000000.0
315779,2022,24,813,1,1,1,0,Christian Pulisic,1998-09-18,Right Winger,Attack,right,177.0,24.78028747433265,25000000.0
315867,2022,16,928,3,0,3,0,Gianluca Scamacca,1999-01-01,Centre-Forward,Attack,right,195.0,24.49281314168378,22000000.0
315969,2022,24,1151,1,0,8,0,Scott McTominay,1996-12-08,Central Midfield,Midfield,right,193.0,26.55715263518138,25000000.0
316125,2022,23,1408,2,3,3,0,Ben Chilwell,1996-12-21,Left-Back,Defender,left,180.0,26.521560574948666,35000000.0
316264,2022,37,3150,15,8,4,0,Martin Ødegaard,1998-12-17,Attacking Midfield,Midfield,left,178.0,24.53388090349076,90000000.0
318523,2022,29,1837,2,2,4,0,Romain Perraud,1997-09-22,Left-Back,Defender,left,173.0,25.76865160848734,12000000.0
319301,2022,24,807,2,1,0,0,Daniel James,1997-11-10,Right Winger,Attack,right,171.0,25.634496919917865,12000000.0
319859,2022,37,2831,5,6,5,0,Mathias Jensen,1996-01-01,Central Midfield,Midfield,right,180.0,27.49349760438056,22000000.0
320141,2022,7,529,1,0,2,0,Çağlar Söyüncü,1996-05-23,Centre-Back,Defender,both,185.0,27.10198494182067,15000000.0
320411,2022,36,2787,7,1,5,0,Philip Billing,1996-06-11,Central Midfield,Midfield,left,193.0,27.04996577686516,20000000.0
321247,2022,38,2422,5,2,0,0,Emiliano Buendía,1996-12-25,Left Winger,Attack,right,172.0,26.510609171800137,28000000.0
324223,2022,5,368,0,0,1,0,James Bree,1997-12-11,Right-Back,Defender,right,182.0,25.54962354551677,2000000.0
324358,2022,37,3136,15,6,4,0,Ollie Watkins,1995-12-30,Centre-Forward,Attack,right,180.0,27.498973305954827,40000000.0
328658,2022,9,766,0,0,0,0,Kristoffer Ajer,1998-04-17,Centre-Back,Defender,right,198.0,25.201916495550993,16000000.0
328784,2022,36,3177,0,0,7,0,Robin Koch,1996-07-17,Centre-Back,Defender,right,192.0,26.951403148528406,18000000.0
329145,2022,3,205,0,0,0,0,Diego Carlos,1993-03-15,Centre-Back,Defender,right,185.0,30.29158110882957,20000000.0
330085,2022,6,179,0,0,1,0,Gustavo Scarpa,1994-01-05,Attacking Midfield,Midfield,left,177.0,29.481177275838466,10000000.0
331560,2022,21,653,0,1,2,0,Takehiro Tomiyasu,1998-11-05,Centre-Back,Defender,right,187.0,24.648870636550306,25000000.0
332697,2022,19,1441,0,1,7,0,Weston McKennie,1998-08-28,Central Midfield,Midfield,right,180.0,24.83778234086242,18000000.0
332705,2022,24,2157,0,0,6,0,Tyler Adams,1999-02-14,Defensive Midfield,Midfield,right,175.0,24.372347707049965,18000000.0
333241,2022,32,2663,6,2,12,0,Joelinton,1996-08-14,Central Midfield,Midfield,right,186.0,26.874743326488705,42000000.0
334526,2022,7,413,0,0,0,0,Denis Zakaria,1996-11-20,Defensive Midfield,Midfield,right,189.0,26.60643394934976,18000000.0
335721,2022,38,3067,2,5,5,0,Ben White,1997-10-08,Right-Back,Defender,right,186.0,25.724845995893222,55000000.0
336869,2022,32,2330,1,2,7,0,Marc Roca,1996-11-26,Defensive Midfield,Midfield,left,184.0,26.590006844626966,10000000.0
337787,2022,1,1,0,0,0,0,Connor Ronan,1998-03-06,Central Midfield,Midfield,right,171.0,25.31690622861054,800000.0
338070,2022,20,767,0,4,3,0,Konstantinos Tsimikas,1996-05-12,Left-Back,Defender,left,179.0,27.132101300479125,18000000.0
339314,2022,22,619,5,0,2,0,Deniz Undav,1996-07-19,Centre-Forward,Attack,both,179.0,26.94592744695414,10000000.0
339340,2022,22,1393,0,0,6,0,Tyrell Malacia,1999-08-17,Left-Back,Defender,left,169.0,23.86858316221766,22000000.0
339556,2022,37,3246,0,2,4,0,Rico Henry,1997-07-08,Left-Back,Defender,left,170.0,25.976728268309376,28000000.0
340321,2022,36,1383,4,2,1,0,Josh Dasilva,1998-10-23,Central Midfield,Midfield,left,184.0,24.684462696783026,16000000.0
340324,2022,30,1071,4,2,3,0,Eddie Nketiah,1999-05-30,Centre-Forward,Attack,right,175.0,24.084873374401095,25000000.0
340325,2022,11,202,3,2,0,0,Reiss Nelson,1999-12-10,Left Winger,Attack,right,175.0,23.55373032169747,12000000.0
340329,2022,35,2578,3,6,1,0,Joe Willock,1999-08-20,Central Midfield,Midfield,right,186.0,23.860369609856264,38000000.0
340918,2022,1,90,0,0,0,0,Caoimhín Kelleher,1998-11-23,Goalkeeper,Goalkeeper,right,188.0,24.59958932238193,12000000.0
340950,2022,22,1133,7,4,2,0,Diogo Jota,1996-12-04,Left Winger,Attack,right,178.0,26.56810403832991,50000000.0
341051,2022,31,2653,1,0,4,0,Kyle Walker-Peters,1997-04-13,Right-Back,Defender,right,173.0,26.21218343600274,25000000.0
341429,2022,18,852,0,0,1,0,Davinson Sánchez,1996-06-12,Centre-Back,Defender,right,188.0,27.04722792607803,15000000.0
343475,2022,13,803,0,1,2,0,Ben Godfrey,1998-01-15,Centre-Back,Defender,right,184.0,25.453798767967147,13000000.0
344152,2022,35,1806,5,2,3,0,Odsonne Édouard,1998-01-16,Centre-Forward,Attack,right,187.0,25.451060917180012,15000000.0
344605,2022,26,1634,0,0,9,0,Boubakary Soumaré,1999-02-27,Defensive Midfield,Midfield,right,188.0,24.33675564681725,20000000.0
346018,2022,2,9,0,0,0,0,Jamal Lewis,1998-01-25,Left-Back,Defender,left,178.0,25.426420260095824,6000000.0
346314,2022,25,1603,0,0,4,0,Trevoh Chalobah,1999-07-05,Centre-Back,Defender,right,192.0,23.98631074606434,18000000.0
346478,2022,4,147,0,0,0,0,Japhet Tanganga,1999-03-31,Centre-Back,Defender,right,184.0,24.249144421629023,7000000.0
346483,2022,24,1655,3,2,4,0,Mason Mount,1999-01-10,Attacking Midfield,Midfield,right,181.0,24.468172484599588,60000000.0
346707,2022,33,2516,1,4,2,0,Sean Longstaff,1997-10-30,Central Midfield,Midfield,right,187.0,25.66461327857632,25000000.0
346779,2022,28,1997,5,3,1,0,Ché Adams,1996-07-13,Centre-Forward,Attack,right,175.0,26.962354551676935,20000000.0
348623,2022,8,509,0,0,3,0,Mason Holgate,1996-10-22,Centre-Back,Defender,right,187.0,26.68583162217659,9000000.0
349066,2022,22,1526,10,2,3,0,Alexander Isak,1999-09-21,Centre-Forward,Attack,right,190.0,23.772758384668034,70000000.0
349599,2022,35,2684,1,6,4,0,Pervis Estupiñán,1998-01-21,Left-Back,Defender,left,175.0,25.437371663244353,32000000.0
349701,2022,35,3089,0,1,8,0,Antonee Robinson,1997-08-08,Left-Back,Defender,left,183.0,25.89185489390828,15000000.0
351749,2022,12,291,0,0,1,0,Kalvin Phillips,1995-12-02,Defensive Midfield,Midfield,right,179.0,27.575633127994525,32000000.0
354362,2022,18,1506,5,2,8,0,Rodrigo Bentancur,1997-06-25,Defensive Midfield,Midfield,right,187.0,26.012320328542096,40000000.0
355861,2022,9,163,1,0,0,0,Arnaut Danjuma,1997-01-31,Left Winger,Attack,right,178.0,26.409308692676248,25000000.0
355915,2022,27,2365,0,1,11,0,Cristian Romero,1998-04-27,Centre-Back,Defender,right,185.0,25.17453798767967,60000000.0
357119,2022,18,1551,0,0,5,0,Ibrahima Konaté,1999-05-25,Centre-Back,Defender,right,194.0,24.098562628336754,38000000.0
357147,2022,26,2155,1,2,6,0,Diogo Dalot,1999-03-18,Right-Back,Defender,right,184.0,24.28473648186174,40000000.0
357158,2022,2,24,0,0,0,0,Rúben Vinagre,1999-04-09,Left Midfield,Midfield,left,174.0,24.22450376454483,4000000.0
357565,2022,36,2921,2,6,5,0,Rodri,1996-06-22,Defensive Midfield,Midfield,right,190.0,27.019849418206707,90000000.0
357658,2022,12,1035,0,0,0,0,Mark Travers,1999-05-18,Goalkeeper,Goalkeeper,right,191.0,24.11772758384668,2000000.0
357662,2022,37,3272,4,2,5,0,Declan Rice,1999-01-14,Central Midfield,Midfield,right,188.0,24.45722108145106,90000000.0
357885,2022,32,1503,3,1,0,0,Pablo Fornals,1996-02-22,Central Midfield,Midfield,right,178.0,27.351129363449694,22000000.0
361093,2022,36,3129,0,0,2,0,Sven Botman,2000-01-12,Centre-Back,Defender,left,193.0,23.463381245722108,45000000.0
361914,2022,18,1595,2,0,4,0,Nayef Aguerd,1996-03-30,Centre-Back,Defender,left,190.0,27.249828884325805,35000000.0
363205,2022,26,2075,11,7,6,0,Gabriel Jesus,1997-04-03,Centre-Forward,Attack,right,175.0,26.239561943874058,75000000.0
365172,2022,30,1179,4,4,2,0,Patson Daka,1998-10-09,Centre-Forward,Attack,right,183.0,24.722792607802873,18000000.0
366930,2022,12,341,0,1,0,0,Sergio Gómez,2000-09-04,Left-Back,Defender,left,173.0,22.817248459958932,13000000.0
369567,2022,1,45,0,0,0,0,Sasa Kalajdzic,1997-07-07,Centre-Forward,Attack,right,200.0,25.97946611909651,15000000.0
369684,2022,26,1961,3,1,4,0,Rasmus Nissen Kristensen,1997-07-11,Right-Back,Defender,right,187.0,25.968514715947983,13000000.0
371256,2022,13,738,1,0,0,0,Tetê,2000-02-15,Right Winger,Attack,left,175.0,23.370294318959616,25000000.0
371814,2022,2,66,0,0,0,0,Nathaniel Phillips,1997-03-21,Centre-Back,Defender,right,190.0,26.275154004106778,4000000.0
372240,2022,4,19,0,0,0,0,Mads Bech Sørensen,1999-01-07,Centre-Back,Defender,left,189.0,24.476386036960985,2500000.0
374139,2022,19,1367,1,1,6,1,Junior Firpo,1996-08-22,Left-Back,Defender,left,184.0,26.85284052019165,10000000.0
378710,2022,27,1006,1,4,3,0,Richarlison,1997-05-10,Centre-Forward,Attack,right,184.0,26.138261464750173,48000000.0
379807,2022,21,1175,1,1,4,0,Lyanco,1997-02-01,Centre-Back,Defender,right,187.0,26.406570841889117,3500000.0
381967,2022,15,732,0,0,2,0,Albert Sambi Lokonga,1999-10-22,Central Midfield,Midfield,right,183.0,23.68788501026694,15000000.0
387626,2022,33,1984,4,4,4,0,Leon Bailey,1997-08-09,Right Winger,Attack,left,178.0,25.88911704312115,28000000.0
388165,2022,38,1600,7,3,3,0,Yoane Wissa,1996-09-03,Centre-Forward,Attack,right,176.0,26.819986310746064,18000000.0
391005,2022,20,1102,0,0,0,0,Mads Roerslev,1999-06-24,Right-Back,Defender,right,184.0,24.016427104722794,6000000.0
391065,2022,7,429,0,0,0,0,Hamed Traoré,2000-02-16,Left Winger,Attack,right,177.0,23.367556468172484,22000000.0
392757,2022,37,3330,1,0,8,0,Marc Guéhi,2000-07-13,Centre-Back,Defender,right,182.0,22.962354551676935,35000000.0
392765,2022,12,162,0,2,0,0,Emile Smith Rowe,2000-07-28,Attacking Midfield,Midfield,right,182.0,22.921286789869953,35000000.0
392775,2022,17,811,2,0,4,0,Ryan Sessegnon,2000-05-18,Left-Back,Defender,left,178.0,23.11567419575633,18000000.0
393323,2022,36,2383,1,3,2,0,Brenden Aaronson,2000-10-22,Attacking Midfield,Midfield,right,177.0,22.68583162217659,25000000.0
394327,2022,24,1781,0,1,4,0,Boubacar Kamara,1999-11-23,Defensive Midfield,Midfield,right,184.0,23.600273785078713,30000000.0
396638,2022,19,563,4,0,0,0,Manor Solomon,1999-07-24,Left Winger,Attack,right,170.0,23.93429158110883,18000000.0
398065,2022,34,2718,13,1,3,0,Harvey Barnes,1997-12-09,Left Winger,Attack,right,182.0,25.555099247091032,35000000.0
398402,2022,20,307,1,0,2,0,Sam Surridge,1998-07-28,Centre-Forward,Attack,right,190.0,24.922655715263517,5000000.0
399434,2022,23,1749,5,4,1,0,Marcus Tavernier,1999-03-22,Attacking Midfield,Midfield,left,178.0,24.27378507871321,17000000.0
401173,2022,26,1700,6,3,0,0,Jadon Sancho,2000-03-25,Left Winger,Attack,right,180.0,23.263518138261464,45000000.0
403151,2022,23,2070,0,0,2,0,Robert Sánchez,1997-11-18,Goalkeeper,Goalkeeper,right,197.0,25.61259411362081,22000000.0
404842,2022,34,2655,0,0,4,0,Vitaliy Mykolenko,1999-05-29,Left-Back,Defender,left,180.0,24.087611225188226,25000000.0
406008,2022,1,45,0,0,0,0,Yan Valery,1999-02-22,Right-Back,Defender,right,185.0,24.35044490075291,2000000.0
406635,2022,32,1842,11,5,1,0,Phil Foden,2000-05-28,Attacking Midfield,Midfield,left,171.0,23.08829568788501,110000000.0
406638,2022,23,1496,1,0,7,0,Oliver Skipp,2000-09-16,Defensive Midfield,Midfield,right,175.0,22.784394250513348,15000000.0
410425,2022,23,1004,0,0,6,0,Yves Bissouma,1996-08-30,Defensive Midfield,Midfield,right,182.0,26.830937713894592,18000000.0
410708,2022,29,2203,2,1,5,0,Pascal Struijk,1999-08-11,Centre-Back,Defender,left,190.0,23.88501026694045,18000000.0
413032,2022,18,816,0,0,4,0,Ibrahima Diallo,1999-03-08,Defensive Midfield,Midfield,right,179.0,24.31211498973306,7000000.0
413039,2022,38,2928,9,8,5,0,Bryan Mbeumo,1999-08-07,Right Winger,Attack,left,171.0,23.89596167008898,35000000.0
413220,2022,14,1254,0,1,0,0,James Justin,1998-02-23,Right-Back,Defender,both,183.0,25.347022587268995,20000000.0
413403,2022,38,3323,0,0,6,0,Ezri Konsa,1997-10-23,Centre-Back,Defender,right,180.0,25.683778234086244,25000000.0
415970,2022,30,2216,1,0,6,0,Joe Worrall,1997-01-10,Centre-Back,Defender,right,190.0,26.466803559206024,12000000.0
417346,2022,36,2727,5,7,2,0,Jack Harrison,1996-11-20,Left Winger,Attack,left,175.0,26.60643394934976,22000000.0
418560,2022,35,2777,36,8,5,0,Erling Haaland,2000-07-21,Centre-Forward,Attack,left,195.0,22.940451745379878,180000000.0
419025,2022,1,1,0,0,0,0,Conor Coventry,2000-03-25,Defensive Midfield,Midfield,right,177.0,23.263518138261464,1800000.0
420002,2022,29,754,2,0,3,0,Jean-Philippe Mateta,1997-06-28,Centre-Forward,Attack,right,192.0,26.0041067761807,7000000.0
421637,2022,21,843,0,2,0,0,Frank Onyeka,1998-01-01,Central Midfield,Midfield,right,183.0,25.492128678986994,8000000.0
423744,2022,14,507,0,1,1,0,Billy Gilmour,2001-06-11,Defensive Midfield,Midfield,right,170.0,22.050650239561943,12000000.0
424015,2022,19,1277,0,0,3,0,Nathan Patterson,2001-10-16,Right-Back,Defender,right,183.0,21.702943189596166,16000000.0
425334,2022,26,1821,0,1,4,0,Matty Cash,1997-08-07,Right-Back,Defender,right,185.0,25.894592744695416,25000000.0
425902,2022,26,1839,0,2,5,0,Ryan Yates,1997-11-21,Central Midfield,Midfield,right,190.0,25.60438056125941,11000000.0
425918,2022,7,427,1,0,0,0,Jakub Kiwior,2000-02-15,Centre-Back,Defender,left,189.0,23.370294318959616,25000000.0
427568,2022,38,3420,0,0,1,0,Aaron Ramsdale,1998-05-14,Goalkeeper,Goalkeeper,right,190.0,25.127994524298426,40000000.0
429014,2022,37,3159,5,8,6,0,Morgan Gibbs-White,2000-01-27,Attacking Midfield,Midfield,right,171.0,23.422313483915126,40000000.0
431755,2022,30,2079,2,7,2,0,Dejan Kulusevski,2000-04-25,Attacking Midfield,Midfield,left,186.0,23.17864476386037,50000000.0
433177,2022,38,3194,14,11,6,0,Bukayo Saka,2001-09-05,Right Winger,Attack,left,178.0,21.815195071868583,120000000.0
433188,2022,18,1039,3,1,2,0,Curtis Jones,2001-01-30,Central Midfield,Midfield,right,185.0,22.412046543463383,22000000.0
434675,2022,21,1465,7,3,0,0,Cody Gakpo,1999-05-07,Left Winger,Attack,right,193.0,24.147843942505133,55000000.0
435338,2022,38,3411,3,0,5,0,Gabriel,1997-12-19,Centre-Back,Defender,left,190.0,25.527720739219713,55000000.0
439072,2022,12,455,2,0,1,0,Matías Viña,1997-11-09,Left-Back,Defender,left,180.0,25.637234770704996,8000000.0
442248,2022,30,2700,3,0,0,0,Ethan Pinnock,1993-05-29,Centre-Back,Defender,left,194.0,30.086242299794662,14000000.0
442531,2022,10,855,0,0,1,0,Edouard Mendy,1992-03-01,Goalkeeper,Goalkeeper,right,194.0,31.329226557152634,12000000.0
444523,2022,28,2172,4,3,5,0,Lucas Paquetá,1997-08-27,Attacking Midfield,Midfield,left,183.0,25.83983572895277,45000000.0
447661,2022,37,2932,6,6,6,1,Douglas Luiz,1998-05-09,Central Midfield,Midfield,right,177.0,25.141683778234086,40000000.0
448854,2022,19,716,2,2,3,0,Emmanuel Dennis,1997-11-15,Centre-Forward,Attack,right,175.0,25.620807665982205,8000000.0
462250,2022,16,942,4,0,1,1,João Félix,1999-11-10,Second Striker,Attack,right,179.0,23.63586584531143,50000000.0
463603,2022,11,904,1,0,2,0,Benoît Badiashile,2001-03-26,Centre-Back,Defender,left,194.0,22.261464750171115,40000000.0
465606,2022,1,7,0,0,0,0,Halil Dervişoğlu,1999-12-08,Centre-Forward,Attack,right,183.0,23.55920602327173,2000000.0
467563,2022,24,1885,0,2,4,0,Armel Bella-Kotchap,2001-12-11,Centre-Back,Defender,right,190.0,21.54962354551677,20000000.0
468002,2022,17,861,0,0,0,0,Ben Johnson,2000-01-24,Right-Back,Defender,right,184.0,23.430527036276523,10000000.0
468198,2022,21,1229,2,0,2,0,Joe Aribo,1996-07-21,Central Midfield,Midfield,left,183.0,26.940451745379878,11000000.0
469050,2022,26,1812,0,0,2,1,Nathan Collins,2001-04-30,Centre-Back,Defender,right,193.0,22.16563997262149,22000000.0
469781,2022,31,2495,2,0,7,0,Marcos Senesi,1997-05-10,Centre-Back,Defender,left,184.0,26.138261464750173,22000000.0
470607,2022,38,2941,8,3,6,0,Brennan Johnson,2001-05-23,Right Winger,Attack,right,186.0,22.102669404517453,38000000.0
472423,2022,16,1244,1,1,4,0,Reece James,1999-12-08,Right-Back,Defender,right,180.0,23.55920602327173,65000000.0
473050,2022,18,729,0,1,2,0,Kevin Schade,2001-11-27,Left Winger,Attack,right,185.0,21.587953456536617,25000000.0
474701,2022,28,1415,4,2,4,0,Crysencio Summerville,2001-10-30,Left Winger,Attack,right,172.0,21.66461327857632,15000000.0
475188,2022,31,2316,2,2,5,0,Kiernan Dewsbury-Hall,1998-09-06,Central Midfield,Midfield,left,176.0,24.813141683778234,25000000.0
475411,2022,17,1367,1,0,4,0,Wesley Fofana,2000-12-17,Centre-Back,Defender,right,188.0,22.532511978097194,55000000.0
476344,2022,26,1736,2,1,2,1,Emerson Royal,1999-01-14,Right-Back,Defender,right,183.0,24.45722108145106,20000000.0
476352,2022,28,2220,0,1,7,0,Renan Lodi,1998-04-08,Left-Back,Defender,left,173.0,25.22655715263518,20000000.0
477758,2022,19,1436,0,0,2,0,Aaron Wan-Bissaka,1997-11-26,Right-Back,Defender,right,183.0,25.590691307323752,25000000.0
479999,2022,38,2645,10,4,3,0,Eberechi Eze,1998-06-29,Attacking Midfield,Midfield,right,178.0,25.00205338809035,40000000.0
480116,2022,23,2041,0,2,3,0,Lloyd Kelly,1998-10-06,Centre-Back,Defender,left,189.0,24.73100616016427,18000000.0
480692,2022,17,997,4,2,2,0,Luis Díaz,1997-01-13,Left Winger,Attack,right,179.0,26.458590006844627,75000000.0
480762,2022,27,2117,1,0,6,0,Lisandro Martínez,1998-01-18,Centre-Back,Defender,left,175.0,25.44558521560575,50000000.0
480987,2022,26,2198,0,0,7,0,Chris Mepham,1997-11-05,Centre-Back,Defender,right,190.0,25.648186173853524,8000000.0
483348,2022,4,5,0,0,0,0,Djed Spence,2000-08-09,Left-Back,Defender,right,184.0,22.888432580424368,10000000.0
485424,2022,16,705,0,2,1,0,Moussa Djenepo,1998-06-15,Left Winger,Attack,right,177.0,25.0403832991102,8000000.0
485706,2022,33,2496,1,2,9,0,Amadou Onana,2001-08-16,Defensive Midfield,Midfield,right,195.0,21.869952087611225,45000000.0
487465,2022,18,970,0,1,1,0,Pedro Neto,2000-03-09,Right Winger,Attack,left,174.0,23.307323750855577,28000000.0
488362,2022,35,1616,3,1,11,0,Conor Gallagher,2000-02-06,Central Midfield,Midfield,right,182.0,23.394934976043807,32000000.0
488656,2022,6,104,0,0,0,0,Siriki Dembélé,1996-09-07,Left Winger,Attack,right,173.0,26.809034907597535,2000000.0
490307,2022,6,211,0,1,0,0,Enock Mwepu,1998-01-01,Central Midfield,Midfield,right,184.0,25.492128678986994,18000000.0
495666,2022,27,2416,2,1,4,0,William Saliba,2001-03-24,Centre-Back,Defender,right,192.0,22.26694045174538,65000000.0
503680,2022,31,1876,1,0,7,0,Neco Williams,2001-04-13,Left-Back,Defender,right,183.0,22.21218343600274,20000000.0
503733,2022,32,1578,4,0,7,0,Anthony Gordon,2001-02-24,Left Winger,Attack,right,183.0,22.34360027378508,35000000.0
503749,2022,35,2646,6,7,5,0,Jacob Ramsey,2001-05-28,Central Midfield,Midfield,right,180.0,22.088980150581794,42000000.0
503975,2022,6,173,0,0,1,0,Joe Hodge,2002-09-14,Defensive Midfield,Midfield,right,172.0,20.791238877481177,2000000.0
503980,2022,15,202,0,2,1,0,Joe Gelhardt,2002-05-04,Centre-Forward,Attack,left,179.0,21.155373032169745,8000000.0
503981,2022,2,26,0,0,0,0,Tino Livramento,2002-11-12,Right-Back,Defender,right,182.0,20.629705681040384,25000000.0
503987,2022,12,646,1,0,0,0,Noni Madueke,2002-03-10,Right Winger,Attack,left,182.0,21.305954825462013,30000000.0
503988,2022,1,7,0,0,0,0,Alex Mighten,2002-04-11,Left Winger,Attack,right,171.0,21.218343600273784,600000.0
504148,2022,20,441,0,0,1,0,Tariq Lamptey,2000-09-30,Right-Back,Defender,right,163.0,22.746064339493497,12000000.0
504849,2022,33,2318,7,6,0,0,Kaoru Mitoma,1997-05-20,Left Winger,Attack,right,178.0,26.11088295687885,32000000.0
505194,2022,17,1071,0,0,3,0,Luke Thomas,2001-06-10,Left-Back,Defender,left,181.0,22.053388090349078,12000000.0
505219,2022,16,796,0,1,3,0,James Garner,2001-03-13,Defensive Midfield,Midfield,right,182.0,22.297056810403834,14000000.0
506189,2022,21,757,0,0,2,0,Flynn Downes,1999-01-20,Defensive Midfield,Midfield,right,178.0,24.44079397672827,9000000.0
511550,2022,11,219,1,0,0,0,Ellis Simms,2001-01-05,Centre-Forward,Attack,right,191.0,22.480492813141684,4000000.0
512354,2022,3,31,0,0,0,0,Malcolm Ebiowei,2003-09-04,Right Winger,Attack,left,185.0,19.81930184804928,3000000.0
512385,2022,19,876,5,0,3,0,Luis Sinisterra,1999-06-17,Left Winger,Attack,right,172.0,24.035592060232716,22000000.0
517894,2022,17,972,2,0,1,0,Matheus Cunha,1999-05-27,Centre-Forward,Attack,right,183.0,24.093086926762492,25000000.0
520624,2022,32,2734,4,5,7,0,Bruno Guimarães,1997-11-16,Central Midfield,Midfield,right,182.0,25.61806981519507,70000000.0
525247,2022,37,3308,0,0,3,0,Maximilian Kilman,1997-05-23,Centre-Back,Defender,left,194.0,26.102669404517453,30000000.0
525287,2022,28,1101,5,2,3,0,Carlos Vinícius,1995-03-25,Centre-Forward,Attack,left,190.0,28.265571526351813,6000000.0
528888,2022,1,1,0,0,0,0,Tyrese Francois,2000-07-16,Central Midfield,Midfield,left,173.0,22.954140999315538,500000.0
531957,2022,1,70,0,0,0,0,Cody Drameh,2001-12-08,Right-Back,Defender,right,175.0,21.557837097878167,3500000.0
532178,2022,18,411,1,2,1,0,Sam Greenwood,2002-01-26,Attacking Midfield,Midfield,right,180.0,21.423682409308693,5000000.0
533657,2022,1,22,0,0,0,0,Lewis Brunt,2000-11-06,Defensive Midfield,Midfield,,187.0,22.64476386036961,100000.0
533662,2022,6,44,0,0,0,0,Cameron Archer,2001-12-09,Centre-Forward,Attack,right,175.0,21.555099247091032,12000000.0
533916,2022,23,603,0,1,3,0,Shandon Baptiste,1998-04-08,Central Midfield,Midfield,right,180.0,25.22655715263518,3000000.0
534033,2022,35,2886,10,2,8,0,Alexis Mac Allister,1998-12-24,Central Midfield,Midfield,right,176.0,24.514715947980836,65000000.0
536507,2022,2,16,0,0,0,0,Giulian Biancone,2000-03-31,Centre-Back,Defender,right,187.0,23.247091033538673,6000000.0
537382,2022,4,148,0,1,1,0,Bryan Gil,2001-02-11,Left Winger,Attack,left,175.0,22.379192334017795,15000000.0
537598,2022,22,501,1,2,0,0,Fábio Vieira,2000-05-30,Attacking Midfield,Midfield,left,170.0,23.082819986310746,25000000.0
537860,2022,15,655,0,2,1,0,Mykhaylo Mudryk,2001-01-05,Left Winger,Attack,right,175.0,22.480492813141684,50000000.0
538971,2022,8,86,0,0,1,0,Naouirou Ahamada,2002-03-29,Central Midfield,Midfield,right,183.0,21.253935660506503,10000000.0
538977,2022,11,264,0,1,0,0,Georginio Rutter,2002-04-20,Centre-Forward,Attack,left,182.0,21.193702943189596,18000000.0
540941,2022,26,979,0,0,4,0,Mikkel Damsgaard,2000-07-03,Attacking Midfield,Midfield,right,180.0,22.989733059548254,13000000.0
542586,2022,34,3060,0,0,3,0,Illan Meslier,2000-03-02,Goalkeeper,Goalkeeper,left,197.0,23.326488706365502,20000000.0
543387,2022,34,2786,0,3,10,0,Cheick Doucouré,2000-01-08,Defensive Midfield,Midfield,right,180.0,23.474332648870636,35000000.0
546543,2022,29,1698,9,3,1,1,Darwin Núñez,1999-06-24,Centre-Forward,Attack,right,185.0,24.016427104722794,65000000.0
553875,2022,15,1136,3,3,0,0,Pedro Porro,1999-09-13,Right-Back,Defender,right,173.0,23.794661190965094,40000000.0
557612,2022,22,542,1,2,1,0,Sékou Mara,2002-07-30,Centre-Forward,Attack,right,183.0,20.917180013689254,10000000.0
559263,2022,13,341,2,0,0,0,Fábio Carvalho,2002-08-30,Attacking Midfield,Midfield,right,170.0,20.83230663928816,16000000.0
560694,2022,13,580,1,0,2,0,Lewis O'Brien,1998-10-14,Central Midfield,Midfield,left,173.0,24.709103353867214,8000000.0
563963,2022,22,1973,0,1,5,0,Mohammed Salisu,1999-04-17,Centre-Back,Defender,left,188.0,24.202600958247775,18000000.0
564529,2022,12,894,0,1,2,0,Victor Kristiansen,2002-12-16,Left-Back,Defender,left,181.0,20.536618754277892,12000000.0
565822,2022,32,1611,1,2,2,0,Harvey Elliott,2003-04-04,Attacking Midfield,Midfield,left,170.0,20.238193018480494,35000000.0
566723,2022,37,2756,2,11,2,0,Michael Olise,2001-12-12,Right Winger,Attack,left,180.0,21.54688569472964,38000000.0
567576,2022,22,398,0,1,0,0,Elliot Anderson,2002-11-06,Central Midfield,Midfield,right,179.0,20.646132785763175,8000000.0
567597,2022,2,23,0,0,0,0,Odeluga Offiah,2002-10-26,Centre-Back,Defender,right,187.0,20.67624914442163,200000.0
568005,2022,9,169,0,1,1,0,Jeremy Sarmiento,2002-06-16,Left Winger,Attack,right,178.0,21.037645448323065,5000000.0
568177,2022,14,358,0,1,1,0,Cole Palmer,2002-05-06,Attacking Midfield,Midfield,left,185.0,21.149897330595483,15000000.0
568693,2022,11,213,0,1,1,0,Pape Matar Sarr,2002-09-14,Central Midfield,Midfield,right,185.0,20.791238877481177,15000000.0
571743,2022,12,287,1,1,0,0,Armando Broja,2001-09-10,Centre-Forward,Attack,right,191.0,21.801505817932924,28000000.0
576024,2022,31,1454,9,1,0,0,Julián Alvarez,2000-01-31,Centre-Forward,Attack,right,170.0,23.411362080766597,60000000.0
576314,2022,8,292,0,0,2,0,Jan Paul van Hecke,2000-06-08,Centre-Back,Defender,right,189.0,23.058179329226558,5000000.0
578391,2022,21,1070,1,0,4,0,Rayan Aït-Nouri,2001-06-06,Left-Back,Defender,left,180.0,22.064339493497606,22000000.0
578539,2022,9,443,0,0,0,0,Chris Richards,2000-03-28,Centre-Back,Defender,right,189.0,23.255304585900067,10000000.0
581598,2022,1,4,0,0,0,0,Harvey White,2001-09-19,Defensive Midfield,Midfield,left,168.0,21.776865160848732,600000.0
583189,2022,16,421,0,1,0,0,Anthony Elanga,2002-04-27,Right Winger,Attack,right,178.0,21.17453798767967,18000000.0
583255,2022,11,251,1,0,0,0,Antoine Semenyo,2000-01-07,Right Winger,Attack,right,185.0,23.477070499657767,9000000.0
584769,2022,36,2499,7,3,5,0,Dwight McNeil,1999-11-22,Left Winger,Attack,left,183.0,23.603011635865844,20000000.0
585550,2022,32,2880,0,0,0,0,Gavin Bazunu,2002-02-20,Goalkeeper,Goalkeeper,right,188.0,21.35523613963039,15000000.0
591949,2022,26,1931,0,1,7,0,Aaron Hickey,2002-06-10,Right-Back,Defender,both,185.0,21.05407255304586,25000000.0
601883,2022,34,2478,1,1,2,0,Matheus Nunes,1998-08-27,Right-Back,Defender,right,183.0,24.840520191649556,45000000.0
602105,2022,25,1818,4,2,5,0,Antony,2000-02-24,Right Winger,Attack,left,172.0,23.345653661875428,60000000.0
606718,2022,17,981,1,0,6,0,Toti,1999-01-16,Centre-Back,Defender,left,187.0,24.451745379876797,6000000.0
612749,2022,1,32,0,0,1,0,Isaac Price,2003-09-26,Central Midfield,Midfield,right,188.0,19.759069130732374,400000.0
614258,2022,17,1220,0,2,1,0,Levi Colwill,2003-02-26,Centre-Back,Defender,left,187.0,20.33949349760438,30000000.0
614603,2022,5,68,0,0,0,0,Chem Campbell,2002-12-30,Attacking Midfield,Midfield,right,180.0,20.49828884325804,1000000.0
627626,2022,24,1351,2,4,6,0,Wilfried Gnonto,2003-11-05,Right Winger,Attack,right,170.0,19.64955509924709,18000000.0
628451,2022,29,2231,1,0,9,0,Roméo Lavia,2004-01-06,Defensive Midfield,Midfield,right,181.0,19.479808350444902,32000000.0
633530,2022,19,1456,0,1,1,0,Jordan Zemura,1999-11-14,Left-Back,Defender,left,173.0,23.6249144421629,6000000.0
644401,2022,10,316,0,1,0,0,Keane Lewis-Potter,2001-02-22,Left Midfield,Midfield,right,170.0,22.349075975359344,12000000.0
646738,2022,5,152,0,0,0,0,Juan Larios,2004-01-12,Left-Back,Defender,left,170.0,19.463381245722108,7000000.0
648046,2022,19,950,6,2,1,0,Evan Ferguson,2004-10-19,Centre-Forward,Attack,right,188.0,18.694045174537987,30000000.0
648195,2022,18,1551,0,2,3,0,Enzo Fernández,2001-01-17,Central Midfield,Midfield,right,178.0,22.4476386036961,80000000.0
649020,2022,10,407,0,1,2,0,Boubacar Traoré,2001-08-20,Defensive Midfield,Midfield,right,183.0,21.859000684462696,5000000.0
649317,2022,12,126,0,0,1,0,Jhon Durán,2003-12-13,Centre-Forward,Attack,left,185.0,19.54551676933607,12000000.0
655488,2022,36,2805,15,5,3,0,Gabriel Martinelli,2001-06-18,Left Winger,Attack,right,178.0,22.031485284052017,80000000.0
659089,2022,5,297,0,0,0,0,Ilya Zabarnyi,2002-09-01,Centre-Back,Defender,right,189.0,20.826830937713893,20000000.0
659459,2022,14,345,0,0,0,0,Carney Chukwuemeka,2003-10-20,Central Midfield,Midfield,right,187.0,19.693360711841205,15000000.0
660867,2022,20,800,4,2,1,0,Julio Enciso,2004-01-23,Attacking Midfield,Midfield,right,173.0,19.433264887063654,22000000.0
663264,2022,1,7,0,0,0,0,Darko Gyabi,2004-02-18,Central Midfield,Midfield,right,196.0,19.362080766598222,3000000.0
667287,2022,3,65,0,0,0,0,Yasin Ayari,2003-10-06,Central Midfield,Midfield,right,172.0,19.731690622861056,6000000.0
668268,2022,1,1,0,0,0,0,Marquinhos,2003-04-07,Right Winger,Attack,left,175.0,20.229979466119097,12000000.0
668547,2022,1,18,0,0,0,0,Máximo Perrone,2003-01-07,Defensive Midfield,Midfield,left,177.0,20.476386036960985,10000000.0
669366,2022,2,23,0,0,0,0,Tom Cannon,2002-12-28,Centre-Forward,Attack,right,180.0,20.503764544832308,5000000.0
670840,2022,2,180,0,0,0,0,Joe Whitworth,2004-02-29,Goalkeeper,Goalkeeper,right,179.0,19.33196440793977,900000.0
670848,2022,3,36,0,0,0,0,Divin Mubama,2004-10-25,Centre-Forward,Attack,left,183.0,18.677618069815196,250000.0
670858,2022,9,658,0,0,1,0,Lewis Hall,2004-09-08,Left-Back,Defender,left,179.0,18.806297056810404,10000000.0
676318,2022,4,60,0,0,0,0,Facundo Pellistri,2001-12-20,Right Winger,Attack,right,174.0,21.52498288843258,6000000.0
680806,2022,17,559,0,0,0,0,Samuel Edozie,2003-01-28,Left Winger,Attack,right,181.0,20.418891170431213,8000000.0
684210,2022,30,1247,3,1,2,0,Jaidon Anthony,1999-12-01,Left Winger,Attack,right,183.0,23.578370978781656,9000000.0
687626,2022,37,3141,1,1,10,0,Moisés Caicedo,2001-11-02,Defensive Midfield,Midfield,right,178.0,21.65639972621492,75000000.0
696346,2022,3,86,0,0,0,0,Jay Stansfield,2002-11-24,Centre-Forward,Attack,right,187.0,20.5968514715948,1200000.0
698678,2022,21,1315,0,1,1,0,Hugo Bueno,2002-09-18,Left-Back,Defender,left,180.0,20.78028747433265,6000000.0
701057,2022,14,903,0,0,1,0,Rico Lewis,2004-11-21,Right-Back,Defender,right,170.0,18.60369609856263,20000000.0
703626,2022,1,5,0,0,0,0,Cameron Peupion,2002-09-23,Left Winger,Attack,right,175.0,20.76659822039699,125000.0
712117,2022,1,7,0,0,0,0,Bobby Clark,2005-02-07,Central Midfield,Midfield,right,178.0,18.390143737166323,350000.0
724537,2022,1,12,0,0,0,0,Andrew Moran,2003-10-15,Attacking Midfield,Midfield,right,177.0,19.707049965776864,300000.0
730893,2022,36,2896,0,2,5,1,Tyrick Mitchell,1999-09-01,Left-Back,Defender,left,181.0,23.82751540041068,22000000.0
735570,2022,11,651,1,0,5,0,João Gomes,2001-02-12,Central Midfield,Midfield,right,176.0,22.376454483230663,18000000.0
741238,2022,1,22,0,0,0,0,Omari Hutchinson,2003-10-30,Attacking Midfield,Midfield,left,174.0,19.665982203969882,1000000.0
746695,2022,18,967,2,1,1,0,Kamaldeen Sulemana,2002-02-15,Left Winger,Attack,right,174.0,21.36892539356605,22000000.0
748319,2022,18,1034,4,2,3,0,Carlos Alcaraz,2002-11-30,Central Midfield,Midfield,right,176.0,20.580424366872005,15000000.0
787232,2022,3,68,0,0,0,0,David Datro Fofana,2002-12-22,Centre-Forward,Attack,right,182.0,20.520191649555098,10000000.0
808509,2022,13,981,3,2,1,0,Danilo,2001-04-29,Central Midfield,Midfield,left,177.0,22.168377823408623,28000000.0
811779,2022,19,561,3,2,3,0,Alejandro Garnacho,2004-07-01,Left Winger,Attack,right,180.0,18.99520876112252,25000000.0
817612,2022,3,10,0,0,0,0,Luke Harris,2005-03-04,Attacking Midfield,Midfield,right,177.0,18.321697467488022,500000.0
820374,2022,1,10,0,0,0,0,Kobbie Mainoo,2005-04-19,Central Midfield,Midfield,right,184.0,18.195756331279945,800000.0
823231,2022,19,1245,1,3,1,0,Dango Ouattara,2002-02-11,Right Winger,Attack,left,177.0,21.37987679671458,25000000.0
834742,2022,3,24,0,0,0,0,Mateo Joseph,2003-10-19,Centre-Forward,Attack,right,185.0,19.696098562628336,900000.0
864496,2022,2,24,0,0,0,0,Dom Ballard,2005-04-01,Centre-Forward,Attack,,,18.245037645448324,300000.0
864799,2022,11,529,1,0,2,0,Stefan Bajcetic,2004-10-22,Defensive Midfield,Midfield,right,185.0,18.68583162217659,13000000.0
983989,2022,13,562,1,1,2,0,Facundo Buonanotte,2004-12-23,Attacking Midfield,Midfield,left,174.0,18.5160848733744,12000000.0
3333,2023,15,778,0,2,3,0,James Milner,1986-01-04,Central Midfield,Midfield,right,175.0,38.48596851471595,1000000.0
14086,2023,31,2290,0,0,7,0,Ashley Young,1985-07-09,Right-Back,Defender,both,175.0,38.97604380561259,500000.0
16306,2023,25,1985,1,2,7,0,Casemiro,1992-02-23,Defensive Midfield,Midfield,right,185.0,32.35044490075291,20000000.0
29241,2023,31,2528,3,1,4,0,Thiago Silva,1984-09-22,Centre-Back,Defender,right,181.0,39.7700205338809,1000000.0
29692,2023,10,721,0,0,0,0,Lukasz Fabianski,1985-04-18,Goalkeeper,Goalkeeper,right,190.0,39.200547570157426,700000.0
40613,2023,4,25,0,0,0,0,Jack Cork,1989-06-25,Defensive Midfield,Midfield,right,185.0,35.01437371663244,800000.0
42412,2023,23,1396,0,1,2,0,Jonny Evans,1988-01-03,Centre-Back,Defender,both,188.0,36.49007529089665,2000000.0
42460,2023,5,98,0,1,2,0,Ivan Perišić,1989-02-02,Left Winger,Attack,both,186.0,35.40588637919233,2000000.0
43530,2023,25,846,0,1,2,0,Adam Lallana,1988-05-10,Attacking Midfield,Midfield,both,172.0,36.139630390143736,1000000.0
48002,2023,11,634,0,0,1,0,Angelo Ogbonna,1988-05-23,Centre-Back,Defender,left,191.0,36.10403832991102,700000.0
51152,2023,1,32,0,0,0,0,Aleksandar Mitrović,1994-09-16,Centre-Forward,Attack,right,189.0,29.78781656399726,28000000.0
51471,2023,30,1548,1,0,4,0,Mateo Kovacic,1994-05-06,Central Midfield,Midfield,right,178.0,30.151950718685832,30000000.0
52059,2023,14,1087,1,0,4,0,Zanka,1990-04-23,Centre-Back,Defender,right,189.0,34.18754277891855,1000000.0
52495,2023,8,318,0,0,1,0,Chris Basham,1988-07-20,Centre-Back,Defender,right,190.0,35.945242984257355,300000.0
52769,2023,31,2056,4,2,1,0,Willian,1988-08-09,Left Winger,Attack,right,175.0,35.89048596851472,3000000.0
53360,2023,21,813,2,1,0,0,Jay Rodríguez,1989-07-29,Centre-Forward,Attack,right,185.0,34.92128678986995,1000000.0
54383,2023,4,89,0,0,1,0,John Fleck,1991-08-24,Central Midfield,Midfield,left,169.0,32.851471594798085,900000.0
60444,2023,1,5,0,0,0,0,Thiago Alcántara,1991-04-11,Central Midfield,Midfield,right,174.0,33.22108145106092,10000000.0
61592,2023,4,8,0,0,0,0,James Tomkins,1989-03-29,Centre-Back,Defender,right,192.0,35.25530458590007,700000.0
61697,2023,30,2648,0,0,2,0,Wes Foderingham,1991-01-14,Goalkeeper,Goalkeeper,left,185.0,33.45927446954141,900000.0
61841,2023,28,2157,0,2,6,0,Adam Smith,1991-04-29,Right-Back,Defender,right,174.0,33.17180013689254,1000000.0
61842,2023,27,1209,1,3,1,0,Andros Townsend,1991-07-16,Right Winger,Attack,left,181.0,32.95824777549623,1800000.0
66934,2023,12,208,0,0,2,0,Cheikhou Kouyaté,1989-12-21,Defensive Midfield,Midfield,right,189.0,34.5242984257358,1000000.0
67063,2023,29,1703,5,1,4,0,Danny Welbeck,1990-11-26,Centre-Forward,Attack,right,185.0,33.59342915811088,5000000.0
68390,2023,12,662,0,0,0,0,Séamus Coleman,1988-10-11,Right-Back,Defender,right,177.0,35.71800136892539,500000.0
69633,2023,22,1140,1,2,1,0,Christian Eriksen,1992-02-14,Attacking Midfield,Midfield,right,182.0,32.375085557837096,8000000.0
72476,2023,38,3420,0,0,3,0,Bernd Leno,1992-03-04,Goalkeeper,Goalkeeper,right,190.0,32.323066392881586,13000000.0
73547,2023,27,1433,1,0,8,0,Oliver Norwood,1991-04-12,Central Midfield,Midfield,right,175.0,33.21834360027378,1000000.0
73564,2023,17,1530,0,0,0,0,Jason Steele,1990-08-18,Goalkeeper,Goalkeeper,right,188.0,33.86721423682409,3500000.0
74230,2023,30,1751,4,7,5,0,Pablo Sarabia,1992-05-11,Attacking Midfield,Midfield,left,174.0,32.1368925393566,10000000.0
74810,2023,16,1276,2,0,1,1,Ben Mee,1989-09-21,Centre-Back,Defender,left,180.0,34.77344284736482,1000000.0
74960,2023,23,1984,0,0,1,0,Martin Dúbravka,1989-01-15,Goalkeeper,Goalkeeper,right,191.0,35.455167693360714,1000000.0
75458,2023,5,405,0,0,0,0,Robin Olsen,1990-01-08,Goalkeeper,Goalkeeper,right,196.0,34.47501711156742,1500000.0
77757,2023,38,3406,0,0,3,0,Thomas Kaminski,1992-10-23,Goalkeeper,Goalkeeper,,190.0,31.685147159479808,3000000.0
80444,2023,2,24,0,0,0,0,Philippe Coutinho,1992-06-12,Attacking Midfield,Midfield,right,172.0,32.049281314168375,7500000.0
82105,2023,10,782,0,0,2,0,Joel Matip,1991-08-08,Centre-Back,Defender,right,195.0,32.8952772073922,8000000.0
82873,2023,36,3114,4,10,6,0,Pascal Groß,1991-06-15,Central Midfield,Midfield,right,181.0,33.04312114989733,8000000.0
85177,2023,19,1338,0,0,0,0,Nathaniel Clyne,1991-04-05,Right-Back,Defender,right,175.0,33.23750855578371,1500000.0
85864,2023,1,90,0,0,0,0,Loris Karius,1993-06-22,Goalkeeper,Goalkeeper,right,191.0,31.02258726899384,1000000.0
85941,2023,9,632,0,0,0,0,Stefan Ortega,1992-11-06,Goalkeeper,Goalkeeper,right,185.0,31.64681724845996,9000000.0
88755,2023,18,1228,4,10,2,0,Kevin De Bruyne,1991-06-28,Attacking Midfield,Midfield,right,181.0,33.007529089664615,50000000.0
89231,2023,26,1192,1,3,2,0,Jóhann Berg Gudmundsson,1990-10-27,Right Winger,Attack,left,186.0,33.67556468172484,1000000.0
91340,2023,1,14,0,0,0,0,James Shea,1991-06-16,Goalkeeper,Goalkeeper,,185.0,33.040383299110196,200000.0
91845,2023,35,2948,17,10,1,0,Heung-min Son,1992-07-08,Left Winger,Attack,both,183.0,31.978097193702943,45000000.0
92469,2023,13,120,1,0,1,0,Matt Ritchie,1989-09-10,Right Midfield,Midfield,left,173.0,34.80355920602327,1000000.0
92571,2023,11,432,0,0,1,0,Aaron Cresswell,1989-12-15,Left-Back,Defender,left,170.0,34.54072553045859,900000.0
92572,2023,26,1982,0,1,4,0,Joel Ward,1989-10-29,Right-Back,Defender,right,186.0,34.6694045174538,1000000.0
95424,2023,32,2768,0,4,2,0,Kyle Walker,1990-05-28,Right-Back,Defender,right,183.0,34.091718001368925,13000000.0
95810,2023,28,2240,1,10,5,0,Kieran Trippier,1990-09-19,Right-Back,Defender,right,173.0,33.779603011635864,10000000.0
102017,2023,24,920,0,2,1,0,Jorginho,1991-12-20,Defensive Midfield,Midfield,right,180.0,32.5284052019165,12000000.0
104124,2023,26,1711,6,2,6,0,Michail Antonio,1990-03-28,Centre-Forward,Attack,right,180.0,34.25872689938399,4000000.0
105470,2023,28,2520,0,0,1,0,Alisson,1992-10-02,Goalkeeper,Goalkeeper,right,193.0,31.742642026009584,28000000.0
108354,2023,35,2551,4,7,9,0,Jordan Ayew,1991-09-11,Centre-Forward,Attack,right,182.0,32.80219028062971,4000000.0
108725,2023,31,1807,14,1,0,0,Chris Wood,1991-12-07,Centre-Forward,Attack,right,191.0,32.563997262149215,7000000.0
110864,2023,20,1797,0,0,1,0,Sam Johnstone,1993-03-25,Goalkeeper,Goalkeeper,right,193.0,31.266255989048595,10000000.0
111195,2023,27,1582,1,1,4,0,Joël Veltman,1992-01-15,Right-Back,Defender,right,184.0,32.45722108145106,10000000.0
111819,2023,32,2880,0,0,5,0,Neto,1989-07-19,Goalkeeper,Goalkeeper,right,190.0,34.94866529774127,2500000.0
111873,2023,34,3015,0,0,4,0,Emiliano Martínez,1992-09-02,Goalkeeper,Goalkeeper,right,195.0,31.824777549623544,28000000.0
112988,2023,3,59,0,0,0,0,Cédric Soares,1991-08-31,Right-Back,Defender,right,171.0,32.832306639288156,2000000.0
118534,2023,9,438,1,0,2,0,Michael Keane,1993-01-11,Centre-Back,Defender,right,188.0,31.46611909650924,6000000.0
120629,2023,31,2700,0,0,1,0,Alphonse Areola,1993-02-27,Goalkeeper,Goalkeeper,right,195.0,31.33744010951403,10000000.0
121324,2023,6,484,0,0,2,0,John Egan,1992-10-20,Centre-Back,Defender,right,185.0,31.693360711841205,4000000.0
121477,2023,25,2211,1,1,7,0,Craig Dawson,1990-05-06,Centre-Back,Defender,right,188.0,34.15195071868583,2000000.0
123275,2023,34,1478,1,4,3,0,Tom Cairney,1991-01-20,Central Midfield,Midfield,left,185.0,33.44284736481862,2000000.0
123682,2023,20,985,9,1,3,0,Callum Wilson,1992-02-27,Centre-Forward,Attack,right,180.0,32.33949349760438,13000000.0
124419,2023,5,450,0,0,0,0,Odysseas Vlachodimos,1994-04-26,Goalkeeper,Goalkeeper,right,191.0,30.17932922655715,7000000.0
125685,2023,17,311,2,1,1,0,Luke Berry,1992-07-12,Central Midfield,Midfield,right,177.0,31.967145790554415,400000.0
125714,2023,37,3285,0,1,3,0,Mark Flekken,1993-06-13,Goalkeeper,Goalkeeper,both,195.0,31.04722792607803,12000000.0
126664,2023,33,2413,1,3,7,0,Lucas Digne,1993-07-20,Left-Back,Defender,left,178.0,30.94592744695414,12000000.0
126665,2023,25,1893,4,0,8,0,Idrissa Gueye,1989-09-26,Defensive Midfield,Midfield,right,174.0,34.75975359342916,3000000.0
127032,2023,12,834,0,2,2,0,Serge Aurier,1992-12-24,Right-Back,Defender,right,176.0,31.515400410677618,3700000.0
127187,2023,32,2642,7,2,7,0,Abdoulaye Doucouré,1993-01-01,Attacking Midfield,Midfield,right,183.0,31.49349760438056,10000000.0
127202,2023,16,1440,0,0,1,0,Matz Sels,1992-02-26,Goalkeeper,Goalkeeper,right,188.0,32.342231348391515,7000000.0
128909,2023,34,2886,1,1,10,0,Jack Robinson,1993-09-01,Centre-Back,Defender,left,180.0,30.82819986310746,1000000.0
129078,2023,12,132,0,0,1,0,Nathan Redmond,1994-03-06,Right Winger,Attack,right,173.0,30.31895961670089,5000000.0
130164,2023,38,3420,0,0,5,0,Jordan Pickford,1994-03-07,Goalkeeper,Goalkeeper,left,185.0,30.316221765913756,22000000.0
131978,2023,32,2622,5,4,6,0,Ross Barkley,1993-12-05,Central Midfield,Midfield,right,189.0,30.56810403832991,8000000.0
131996,2023,2,10,0,0,0,0,Bertrand Traoré,1995-09-06,Right Winger,Attack,left,181.0,28.815879534565365,9000000.0
134270,2023,33,2732,2,2,4,0,Dan Burn,1992-05-09,Centre-Back,Defender,left,201.0,32.14236824093087,8000000.0
134294,2023,20,390,1,0,1,0,Danny Ings,1992-07-23,Centre-Forward,Attack,right,177.0,31.93702943189596,8000000.0
134425,2023,31,1983,8,4,7,0,Raheem Sterling,1994-12-08,Right Winger,Attack,right,170.0,29.560574948665298,35000000.0
135343,2023,36,3056,4,1,5,0,Fabian Schär,1991-12-20,Centre-Back,Defender,right,186.0,32.5284052019165,10000000.0
136401,2023,5,382,0,0,0,0,Daniel Bentley,1993-07-13,Goalkeeper,Goalkeeper,,193.0,30.965092402464066,2000000.0
139208,2023,36,3178,2,2,3,1,Virgil van Dijk,1991-07-08,Centre-Back,Defender,right,195.0,32.98015058179329,30000000.0
142310,2023,20,1443,2,1,3,0,Willy Boly,1991-02-03,Centre-Back,Defender,right,195.0,33.40451745379877,2500000.0
144028,2023,34,1646,12,1,2,0,Leandro Trossard,1994-12-04,Left Winger,Attack,right,172.0,29.571526351813826,35000000.0
145466,2023,18,1505,1,0,4,0,Tim Ream,1987-10-05,Centre-Back,Defender,left,186.0,36.73648186173853,800000.0
146310,2023,29,1720,1,0,10,0,Wataru Endo,1993-02-09,Defensive Midfield,Midfield,right,178.0,31.38672142368241,13000000.0
146690,2023,13,970,0,1,4,0,George Baldock,1993-03-09,Right-Back,Defender,right,178.0,31.310061601642712,2500000.0
148153,2023,33,2872,3,1,7,1,Lewis Dunk,1991-11-21,Centre-Back,Defender,right,192.0,32.60780287474333,12000000.0
148367,2023,31,2514,2,1,8,0,Christian Nørgaard,1994-03-10,Defensive Midfield,Midfield,right,187.0,30.308008213552363,18000000.0
148368,2023,20,600,0,1,1,0,Divock Origi,1995-04-18,Centre-Forward,Attack,right,189.0,29.201916495550993,5000000.0
148455,2023,32,2536,18,10,2,0,Mohamed Salah,1992-06-15,Right Winger,Attack,left,175.0,32.04106776180698,55000000.0
156501,2023,7,373,0,0,3,0,Felipe,1989-05-16,Centre-Back,Defender,right,190.0,35.123887748117724,1500000.0
157506,2023,29,1354,2,2,1,0,Jeffrey Schlupp,1992-12-23,Left Midfield,Midfield,left,178.0,31.51813826146475,7000000.0
157509,2023,33,2839,3,0,3,0,Kurt Zouma,1994-10-27,Centre-Back,Defender,right,190.0,29.675564681724847,25000000.0
157672,2023,36,3139,0,7,7,0,Vladimír Coufal,1992-08-22,Right-Back,Defender,right,175.0,31.854893908281998,8000000.0
160438,2023,3,25,0,0,0,0,Mohamed Elneny,1992-07-11,Defensive Midfield,Midfield,right,179.0,31.969883641341546,3500000.0
164770,2023,22,1371,1,0,2,0,Raphaël Varane,1993-04-25,Centre-Back,Defender,right,191.0,31.1813826146475,20000000.0
167799,2023,36,1293,0,0,4,0,Pierre-Emile Højbjerg,1995-08-05,Defensive Midfield,Midfield,right,185.0,28.903490759753595,18000000.0
168157,2023,8,119,1,0,0,0,Leander Dendoncker,1995-04-15,Defensive Midfield,Midfield,right,188.0,29.21013004791239,7000000.0
169801,2023,24,408,1,1,2,0,Cauley Woodrow,1994-12-02,Centre-Forward,Attack,right,184.0,29.57700205338809,1000000.0
170321,2023,5,18,0,0,0,0,Paul Dummett,1991-09-26,Centre-Back,Defender,left,183.0,32.761122518822724,900000.0
170527,2023,13,815,2,3,1,0,Timo Werner,1996-03-06,Centre-Forward,Attack,right,180.0,28.317590691307323,17000000.0
170934,2023,35,2975,4,1,12,0,Mario Lemina,1993-09-01,Defensive Midfield,Midfield,right,184.0,30.82819986310746,10000000.0
171679,2023,30,1141,1,0,2,0,Matt Doherty,1992-01-16,Right-Back,Defender,right,185.0,32.45448323066393,3000000.0
173504,2023,38,3420,1,1,11,0,James Tarkowski,1992-11-19,Centre-Back,Defender,right,185.0,31.61122518822724,13000000.0
175446,2023,1,4,0,0,0,0,Jonny Otto,1994-03-03,Right-Back,Defender,both,175.0,30.327173169062284,5000000.0
175722,2023,4,199,0,0,0,0,Eric Dier,1994-01-15,Centre-Back,Defender,right,191.0,30.455852156057496,12000000.0
176553,2023,1,11,0,0,0,0,Aymeric Laporte,1994-05-27,Centre-Back,Defender,left,191.0,30.094455852156056,20000000.0
177476,2023,29,2044,2,2,0,0,Nathan Aké,1995-02-18,Centre-Back,Defender,left,180.0,29.363449691991786,40000000.0
177907,2023,22,1650,2,3,3,0,Harry Maguire,1993-03-05,Centre-Back,Defender,right,194.0,31.32101300479124,18000000.0
181579,2023,37,3004,7,7,4,0,James Ward-Prowse,1994-11-01,Central Midfield,Midfield,right,177.0,29.661875427789184,30000000.0
181778,2023,36,3143,1,2,10,0,Emerson,1994-08-03,Left-Back,Defender,left,176.0,29.908281998631075,12000000.0
182877,2023,13,444,1,0,0,0,Anthony Martial,1995-12-05,Centre-Forward,Attack,right,184.0,28.569472963723477,10000000.0
182904,2023,14,1155,0,1,3,0,Clément Lenglet,1995-06-17,Centre-Back,Defender,left,186.0,29.037645448323065,10000000.0
183288,2023,12,963,0,0,6,0,Luke Shaw,1995-07-12,Left-Back,Defender,left,178.0,28.969199178644764,32000000.0
183293,2023,11,381,0,0,0,0,Joe Rothwell,1995-01-11,Central Midfield,Midfield,right,185.0,29.467488021902806,2500000.0
183318,2023,16,1081,1,0,4,0,Jamaal Lascelles,1993-11-11,Centre-Back,Defender,right,188.0,30.633812457221083,7000000.0
184129,2023,23,1306,1,1,4,0,Jordan Clark,1993-09-22,Central Midfield,Midfield,right,183.0,30.770704996577688,1000000.0
184528,2023,17,910,0,0,2,0,Emil Krafth,1994-08-02,Right-Back,Defender,right,184.0,29.911019849418206,2500000.0
184573,2023,19,1332,1,1,2,0,Victor Lindelöf,1994-07-17,Centre-Back,Defender,right,187.0,29.95482546201232,15000000.0
186186,2023,33,1423,6,2,4,0,Bobby De Cordova-Reid,1993-02-02,Attacking Midfield,Midfield,right,170.0,31.405886379192335,5000000.0
186590,2023,16,1064,1,0,2,0,John Stones,1994-05-28,Centre-Back,Defender,right,188.0,30.091718001368925,38000000.0
188077,2023,37,2920,0,5,6,0,Ryan Christie,1995-02-22,Central Midfield,Midfield,left,178.0,29.352498288843258,12000000.0
191422,2023,9,454,0,1,1,1,Mahmoud Dahoud,1996-01-01,Central Midfield,Midfield,right,178.0,28.49555099247091,6000000.0
192080,2023,15,1346,0,0,1,0,Nick Pope,1992-04-19,Goalkeeper,Goalkeeper,right,198.0,32.19712525667351,16000000.0
192765,2023,17,1086,1,0,2,0,Ben Davies,1993-04-24,Centre-Back,Defender,left,181.0,31.184120465434635,10000000.0
193098,2023,21,1030,2,0,2,0,Álex Moreno,1993-06-08,Left-Back,Defender,left,179.0,31.06091718001369,13000000.0
193116,2023,35,3010,6,4,9,1,John McGinn,1994-10-18,Central Midfield,Midfield,left,178.0,29.700205338809035,30000000.0
195633,2023,28,2332,1,1,8,0,Charlie Taylor,1993-09-18,Left-Back,Defender,left,183.0,30.781656399726216,3000000.0
196722,2023,1,3,0,0,0,0,Remi Matthews,1994-02-10,Goalkeeper,Goalkeeper,right,183.0,30.38466803559206,500000.0
198516,2023,23,1455,1,3,3,0,Harry Toffolo,1995-08-19,Left-Back,Defender,left,183.0,28.865160848733744,5000000.0
199527,2023,21,1193,3,7,1,0,Jacob Murphy,1995-02-24,Right Winger,Attack,right,179.0,29.347022587268995,15000000.0
203394,2023,37,2639,3,7,7,0,Andreas Pereira,1996-01-01,Central Midfield,Midfield,right,178.0,28.49555099247091,20000000.0
203460,2023,20,1001,3,1,7,0,Jack Grealish,1995-09-10,Left Winger,Attack,right,180.0,28.804928131416837,60000000.0
203853,2023,27,1725,1,2,2,0,Oleksandr Zinchenko,1996-12-15,Left-Back,Defender,left,175.0,27.540041067761805,38000000.0
204103,2023,17,364,2,3,2,0,Adama Traoré,1996-01-25,Right Winger,Attack,right,178.0,28.42984257357974,9000000.0
204294,2023,19,730,1,0,5,0,Saman Ghoddos,1993-09-06,Attacking Midfield,Midfield,right,176.0,30.8145106091718,2000000.0
206040,2023,24,1402,7,0,3,1,Raúl Jiménez,1991-05-05,Centre-Forward,Attack,right,188.0,33.15537303216975,5000000.0
206746,2023,14,868,1,0,2,0,Kenny Tete,1995-10-09,Right-Back,Defender,right,180.0,28.725530458590008,15000000.0
207014,2023,30,1900,0,1,6,0,Will Hughes,1995-04-17,Central Midfield,Midfield,left,185.0,29.204654346338124,9000000.0
207742,2023,14,1172,1,1,4,0,Tom Lockyer,1994-12-03,Centre-Back,Defender,right,185.0,29.574264202600958,2500000.0
209212,2023,7,559,3,1,1,0,Solly March,1994-07-20,Right Winger,Attack,left,180.0,29.946611909650922,18000000.0
212847,2023,15,1143,0,0,2,0,Adam Webster,1995-01-04,Centre-Back,Defender,right,190.0,29.48665297741273,20000000.0
214666,2023,14,819,0,0,5,0,Connor Roberts,1995-09-23,Right-Back,Defender,right,175.0,28.76933607118412,7000000.0
215118,2023,5,150,0,1,1,0,Calum Chambers,1995-01-20,Centre-Back,Defender,right,182.0,29.44284736481862,4000000.0
217115,2023,31,1424,6,3,8,0,Neal Maupay,1996-08-14,Centre-Forward,Attack,right,171.0,27.876796714579054,12000000.0
218087,2023,24,1363,0,2,3,0,Ben Osborn,1994-08-05,Central Midfield,Midfield,left,176.0,29.90280629705681,1000000.0
221025,2023,12,504,1,0,4,0,André Gomes,1993-07-30,Central Midfield,Midfield,right,190.0,30.91854893908282,10000000.0
222209,2023,2,135,0,0,0,0,Thomas Strakosha,1995-03-19,Goalkeeper,Goalkeeper,right,193.0,29.284052019164957,3000000.0
226073,2023,9,772,0,0,1,0,Ivo Grbic,1996-01-18,Goalkeeper,Goalkeeper,right,195.0,28.449007529089666,3500000.0
226973,2023,27,1326,0,2,6,0,Harrison Reed,1995-01-27,Central Midfield,Midfield,right,181.0,29.423682409308693,15000000.0
228948,2023,4,19,0,0,2,0,Thilo Kehrer,1996-09-21,Centre-Back,Defender,both,186.0,27.772758384668034,10000000.0
230784,2023,14,789,0,0,3,0,Thomas Partey,1993-06-13,Defensive Midfield,Midfield,right,185.0,31.04722792607803,18000000.0
231572,2023,36,3093,0,1,11,1,Nélson Semedo,1993-11-16,Right-Back,Defender,right,179.0,30.62012320328542,12000000.0
234509,2023,38,3420,0,0,5,0,André Onana,1996-04-02,Goalkeeper,Goalkeeper,right,190.0,28.243668720054757,35000000.0
234781,2023,7,110,1,0,0,0,Maxwel Cornet,1996-09-27,Left Winger,Attack,left,179.0,27.756331279945243,9000000.0
234803,2023,23,1692,3,2,2,0,Andrew Robertson,1994-03-11,Left-Back,Defender,left,178.0,30.305270362765228,30000000.0
236490,2023,22,1701,1,1,3,0,Ola Aina,1996-10-08,Right-Back,Defender,right,184.0,27.72621492128679,12000000.0
238223,2023,33,2788,0,0,5,0,Ederson,1993-08-17,Goalkeeper,Goalkeeper,left,188.0,30.869267624914443,35000000.0
240306,2023,35,3120,10,8,9,0,Bruno Fernandes,1994-09-08,Attacking Midfield,Midfield,right,183.0,29.809719370294317,70000000.0
241481,2023,9,230,0,0,0,0,Jaïro Riedewald,1996-09-09,Defensive Midfield,Midfield,left,182.0,27.805612594113622,3000000.0
241641,2023,33,2582,6,9,8,0,Bernardo Silva,1994-08-10,Attacking Midfield,Midfield,left,173.0,29.88911704312115,70000000.0
242606,2023,25,2060,2,3,9,0,Josh Cullen,1996-04-07,Central Midfield,Midfield,right,175.0,28.229979466119097,10000000.0
242631,2023,32,2346,5,2,2,0,Alex Iwobi,1996-05-03,Left Winger,Attack,right,183.0,28.15879534565366,25000000.0
244338,2023,27,1093,0,0,1,0,Pelly Ruddock Mpanzu,1994-03-22,Defensive Midfield,Midfield,right,175.0,30.275154004106778,1500000.0
245056,2023,24,1120,1,0,3,0,Saša Lukić,1996-08-13,Central Midfield,Midfield,right,182.0,27.87953456536619,10000000.0
246963,2023,38,2868,11,4,4,0,Carlton Morris,1995-12-16,Centre-Forward,Attack,right,185.0,28.539356605065024,13000000.0
249089,2023,33,2792,0,3,5,1,Lewis Cook,1997-02-03,Central Midfield,Midfield,right,175.0,27.4031485284052,12000000.0
249565,2023,32,1621,2,6,3,0,Youri Tielemans,1997-05-07,Central Midfield,Midfield,right,176.0,27.148528405201915,25000000.0
249994,2023,35,3038,0,0,1,0,José Sá,1993-01-17,Goalkeeper,Goalkeeper,right,192.0,31.449691991786448,14000000.0
250478,2023,3,78,0,0,1,0,Matt Targett,1995-09-18,Left-Back,Defender,left,183.0,28.78302532511978,10000000.0
251106,2023,16,319,2,2,1,0,Enes Ünal,1997-05-10,Centre-Forward,Attack,right,187.0,27.140314852840522,18000000.0
251664,2023,17,1449,4,2,5,0,Ivan Toney,1996-03-16,Centre-Forward,Attack,right,185.0,28.290212183436,50000000.0
253677,2023,1,31,0,0,0,0,Tyrone Mings,1993-03-13,Centre-Back,Defender,left,196.0,31.299110198494184,13000000.0
255906,2023,5,417,0,0,0,0,Scott McKenna,1996-11-12,Centre-Back,Defender,left,189.0,27.630390143737166,9000000.0
256178,2023,32,1776,0,1,5,0,Joe Gomez,1997-05-23,Centre-Back,Defender,right,188.0,27.104722792607802,28000000.0
257455,2023,33,2709,4,1,13,0,João Palhinha,1995-07-09,Defensive Midfield,Midfield,right,190.0,28.97741273100616,55000000.0
258004,2023,30,2557,0,0,0,0,Rúben Dias,1997-05-14,Centre-Back,Defender,right,187.0,27.129363449691994,80000000.0
258878,2023,20,1617,2,0,2,0,Tosin Adarabioyo,1997-09-24,Centre-Back,Defender,right,197.0,26.765229295003422,20000000.0
258885,2023,10,500,0,1,1,0,Max Lowe,1997-05-11,Left-Back,Defender,left,175.0,27.137577002053387,2500000.0
258889,2023,38,3333,19,3,3,0,Dominic Solanke,1997-09-14,Centre-Forward,Attack,right,186.0,26.792607802874745,40000000.0
258919,2023,18,1620,0,0,2,0,Dean Henderson,1997-03-12,Goalkeeper,Goalkeeper,right,188.0,27.301848049281315,12000000.0
258923,2023,33,2278,7,3,2,0,Marcus Rashford,1997-10-31,Left Winger,Attack,right,185.0,26.663928815879533,60000000.0
260827,2023,38,3417,2,3,7,0,Joachim Andersen,1996-05-31,Centre-Back,Defender,right,192.0,28.082135523613964,35000000.0
262226,2023,34,2634,1,3,3,0,Timothy Castagne,1995-12-05,Right-Back,Defender,right,185.0,28.569472963723477,17000000.0
262749,2023,32,2880,0,0,2,0,David Raya,1995-09-15,Goalkeeper,Goalkeeper,right,186.0,28.791238877481177,35000000.0
262980,2023,28,2404,1,1,8,0,Jefferson Lerma,1994-10-25,Defensive Midfield,Midfield,right,180.0,29.68104038329911,20000000.0
264220,2023,22,1664,0,4,5,0,Reece Burke,1996-09-02,Centre-Back,Defender,right,189.0,27.824777549623544,1800000.0
270171,2023,38,3073,1,3,8,0,Vitaly Janelt,1998-05-10,Defensive Midfield,Midfield,left,184.0,26.140999315537304,22000000.0
272622,2023,18,1425,0,0,4,0,Issa Diop,1997-01-09,Centre-Back,Defender,right,194.0,27.471594798083505,20000000.0
272999,2023,33,1947,3,1,2,0,Miguel Almirón,1994-02-10,Right Winger,Attack,left,178.0,30.38466803559206,20000000.0
275590,2023,8,100,1,0,0,0,Kieffer Moore,1992-08-08,Centre-Forward,Attack,right,196.0,31.89322381930185,2000000.0
277033,2023,13,273,1,1,1,0,David Brooks,1997-07-08,Right Winger,Attack,left,173.0,26.978781656399725,8000000.0
278166,2023,21,1723,0,0,0,0,Amari'i Bell,1994-05-05,Centre-Back,Defender,left,180.0,30.154688569472963,2500000.0
279455,2023,35,1614,4,6,6,0,Harry Wilson,1997-03-22,Right Winger,Attack,left,173.0,27.274469541409992,17000000.0
282429,2023,25,1536,0,4,7,1,Sergio Reguilón,1996-12-16,Left-Back,Defender,left,178.0,27.537303216974674,12000000.0
283628,2023,37,2874,7,2,7,0,Tomáš Souček,1995-02-27,Defensive Midfield,Midfield,right,192.0,29.338809034907598,30000000.0
284730,2023,30,2514,2,0,4,0,Manuel Akanji,1995-07-19,Centre-Back,Defender,right,188.0,28.95003422313484,45000000.0
284857,2023,21,1785,0,2,10,0,Marc Cucurella,1998-07-22,Left-Back,Defender,left,173.0,25.94113620807666,25000000.0
286047,2023,38,3420,0,0,2,0,Guglielmo Vicario,1996-10-07,Goalkeeper,Goalkeeper,right,194.0,27.72895277207392,35000000.0
287579,2023,21,932,0,0,6,0,Sofyan Amrabat,1996-08-21,Defensive Midfield,Midfield,right,185.0,27.857631759069132,22000000.0
288255,2023,1,2,0,0,0,0,Donny van de Beek,1997-04-18,Central Midfield,Midfield,right,184.0,27.200547570157426,5000000.0
289592,2023,20,1570,1,0,6,0,Orel Mangala,1998-03-18,Defensive Midfield,Midfield,right,178.0,26.286105407255306,20000000.0
290532,2023,13,615,0,1,1,0,Saïd Benrahma,1995-08-10,Left Winger,Attack,right,172.0,28.889801505817932,20000000.0
291200,2023,21,1457,1,0,5,0,Moussa Niakhaté,1996-03-08,Centre-Back,Defender,left,190.0,28.31211498973306,16000000.0
292246,2023,29,2124,12,3,6,0,Hee-chan Hwang,1996-01-26,Centre-Forward,Attack,right,177.0,28.427104722792606,25000000.0
293281,2023,32,1247,6,0,1,0,Jacob Bruun Larsen,1998-09-19,Left Winger,Attack,right,183.0,25.779603011635867,8000000.0
293569,2023,33,2252,4,2,4,1,Josh Brownhill,1995-12-19,Central Midfield,Midfield,right,179.0,28.531143052703626,15000000.0
294057,2023,28,2154,4,9,5,0,James Maddison,1996-11-23,Attacking Midfield,Midfield,right,175.0,27.600273785078713,70000000.0
295313,2023,20,1046,6,3,2,0,Taiwo Awoniyi,1997-08-12,Centre-Forward,Attack,right,183.0,26.882956878850102,28000000.0
296422,2023,6,65,0,0,1,0,Fodé Ballo-Touré,1997-01-03,Left-Back,Defender,left,182.0,27.488021902806295,3000000.0
298477,2023,21,1285,6,3,7,0,Oli McBurnie,1996-06-04,Centre-Forward,Attack,right,188.0,28.071184120465436,4500000.0
303657,2023,2,180,0,0,0,0,Ionuț Radu,1997-05-28,Goalkeeper,Goalkeeper,right,188.0,27.091033538672143,3000000.0
305274,2023,8,407,0,0,1,0,Fred Onyedinma,1996-11-24,Attacking Midfield,Midfield,right,185.0,27.59753593429158,500000.0
306024,2023,32,2186,7,2,2,0,Dominic Calvert-Lewin,1997-03-16,Centre-Forward,Attack,right,189.0,27.290896646132786,22000000.0
309400,2023,37,2640,13,7,11,0,Kai Havertz,1999-06-11,Centre-Forward,Attack,left,193.0,25.05407255304586,70000000.0
314210,2023,9,214,0,0,2,0,Tom Davies,1998-06-30,Central Midfield,Midfield,right,180.0,26.001368925393567,5000000.0
314353,2023,28,2163,3,4,6,0,Trent Alexander-Arnold,1998-10-07,Right-Back,Defender,right,180.0,25.730321697467488,70000000.0
314875,2023,34,3022,16,6,2,0,Jarrod Bowen,1996-12-20,Right Winger,Attack,left,176.0,27.526351813826146,50000000.0
315969,2023,32,1892,7,1,2,0,Scott McTominay,1996-12-08,Central Midfield,Midfield,right,193.0,27.55920602327173,32000000.0
316125,2023,13,757,0,1,5,0,Ben Chilwell,1996-12-21,Left-Back,Defender,left,180.0,27.523613963039015,28000000.0
316264,2023,35,3104,8,10,2,0,Martin Ødegaard,1998-12-17,Attacking Midfield,Midfield,left,178.0,25.53593429158111,110000000.0
319859,2023,32,2221,3,3,5,0,Mathias Jensen,1996-01-01,Central Midfield,Midfield,right,180.0,28.49555099247091,28000000.0
319900,2023,27,1416,10,0,1,0,Elijah Adebayo,1998-01-07,Centre-Forward,Attack,,193.0,26.477754962354553,12000000.0
320411,2023,29,1393,2,2,3,1,Philip Billing,1996-06-11,Central Midfield,Midfield,left,193.0,28.05201916495551,22000000.0
322702,2023,8,110,0,0,0,0,Benson Manuel,1997-03-28,Right Winger,Attack,left,166.0,27.2580424366872,5000000.0
322985,2023,36,2924,4,6,9,0,Gustavo Hamer,1997-06-24,Central Midfield,Midfield,right,169.0,27.017111567419576,15000000.0
324358,2023,37,3226,19,13,4,0,Ollie Watkins,1995-12-30,Centre-Forward,Attack,right,180.0,28.501026694045173,65000000.0
324882,2023,13,1133,0,0,5,0,Marvelous Nakamba,1994-01-19,Defensive Midfield,Midfield,left,177.0,30.444900752908968,5000000.0
328658,2023,28,1833,2,1,5,0,Kristoffer Ajer,1998-04-17,Centre-Back,Defender,right,198.0,26.203969883641342,15000000.0
329145,2023,27,1811,0,0,4,0,Diego Carlos,1993-03-15,Centre-Back,Defender,right,185.0,31.293634496919918,16000000.0
330659,2023,32,1935,7,1,5,0,Justin Kluivert,1999-05-05,Attacking Midfield,Midfield,both,173.0,25.155373032169745,14000000.0
331560,2023,22,1143,2,1,2,0,Takehiro Tomiyasu,1998-11-05,Centre-Back,Defender,right,187.0,25.650924024640656,35000000.0
332705,2023,3,118,0,0,0,0,Tyler Adams,1999-02-14,Defensive Midfield,Midfield,right,175.0,25.374401095140314,15000000.0
333014,2023,37,3006,1,2,10,0,Sander Berge,1998-02-14,Defensive Midfield,Midfield,right,195.0,26.373716632443532,20000000.0
333241,2023,20,1282,2,1,6,0,Joelinton,1996-08-14,Central Midfield,Midfield,right,186.0,27.876796714579054,40000000.0
335721,2023,37,2995,4,4,8,0,Ben White,1997-10-08,Right-Back,Defender,right,186.0,26.72689938398357,55000000.0
338070,2023,13,677,0,3,0,0,Konstantinos Tsimikas,1996-05-12,Left-Back,Defender,left,179.0,28.134154688569474,22000000.0
338635,2023,12,585,0,0,2,0,Hannes Delcroix,1999-02-28,Centre-Back,Defender,left,183.0,25.336071184120467,4000000.0
339556,2023,5,402,0,1,1,0,Rico Henry,1997-07-08,Left-Back,Defender,left,170.0,26.978781656399725,20000000.0
340321,2023,3,23,0,0,0,0,Josh Dasilva,1998-10-23,Central Midfield,Midfield,left,184.0,25.686516084873375,10000000.0
340324,2023,27,1072,5,2,3,0,Eddie Nketiah,1999-05-30,Centre-Forward,Attack,right,175.0,25.086926762491444,30000000.0
340325,2023,15,257,0,0,1,0,Reiss Nelson,1999-12-10,Left Winger,Attack,right,175.0,24.555783709787818,15000000.0
340329,2023,9,419,1,0,0,0,Joe Willock,1999-08-20,Central Midfield,Midfield,right,186.0,24.862422997946613,30000000.0
340918,2023,10,900,0,0,0,0,Caoimhín Kelleher,1998-11-23,Goalkeeper,Goalkeeper,right,188.0,25.60164271047228,20000000.0
340950,2023,21,1151,10,3,3,0,Diogo Jota,1996-12-04,Left Winger,Attack,right,178.0,27.57015742642026,50000000.0
341429,2023,1,76,0,0,1,0,Davinson Sánchez,1996-06-12,Centre-Back,Defender,right,188.0,28.04928131416838,17000000.0
343475,2023,15,1123,0,0,2,0,Ben Godfrey,1998-01-15,Centre-Back,Defender,right,184.0,26.455852156057496,10000000.0
344152,2023,30,1555,7,0,4,0,Odsonne Édouard,1998-01-16,Centre-Forward,Attack,right,187.0,26.45311430527036,18000000.0
344381,2023,11,439,3,0,0,0,Christopher Nkunku,1997-11-14,Centre-Forward,Attack,right,177.0,26.625598904859686,65000000.0
344830,2023,33,1987,4,0,4,0,Tahith Chong,1999-12-04,Attacking Midfield,Midfield,left,185.0,24.57221081451061,6000000.0
346314,2023,13,950,1,0,1,0,Trevoh Chalobah,1999-07-05,Centre-Back,Defender,right,192.0,24.98836413415469,13000000.0
346483,2023,14,514,1,0,2,0,Mason Mount,1999-01-10,Attacking Midfield,Midfield,right,181.0,25.470225872689937,35000000.0
346707,2023,35,2747,6,2,7,0,Sean Longstaff,1997-10-30,Central Midfield,Midfield,right,187.0,26.666666666666668,25000000.0
348623,2023,10,714,0,0,3,1,Mason Holgate,1996-10-22,Centre-Back,Defender,right,187.0,27.68788501026694,5000000.0
348795,2023,22,494,2,2,2,0,Giovani Lo Celso,1996-04-09,Attacking Midfield,Midfield,left,177.0,28.22450376454483,16000000.0
349066,2023,30,2266,21,2,1,0,Alexander Isak,1999-09-21,Centre-Forward,Attack,right,190.0,24.774811772758383,75000000.0
349599,2023,19,1245,2,3,4,0,Pervis Estupiñán,1998-01-21,Left-Back,Defender,left,175.0,26.439425051334702,30000000.0
349701,2023,37,3270,0,6,6,0,Antonee Robinson,1997-08-08,Left-Back,Defender,left,183.0,26.89390828199863,25000000.0
351749,2023,12,396,0,0,3,0,Kalvin Phillips,1995-12-02,Defensive Midfield,Midfield,right,179.0,28.577686516084874,25000000.0
354362,2023,23,1007,1,1,7,0,Rodrigo Bentancur,1997-06-25,Defensive Midfield,Midfield,right,187.0,27.014373716632445,35000000.0
355861,2023,14,589,1,0,0,0,Arnaut Danjuma,1997-01-31,Left Winger,Attack,right,178.0,27.411362080766597,13000000.0
355915,2023,33,2792,5,0,7,1,Cristian Romero,1998-04-27,Centre-Back,Defender,right,185.0,26.17659137577002,60000000.0
357119,2023,22,1573,0,0,5,0,Ibrahima Konaté,1999-05-25,Centre-Back,Defender,right,194.0,25.100616016427104,45000000.0
357147,2023,36,3174,2,3,6,0,Diogo Dalot,1999-03-18,Right-Back,Defender,right,184.0,25.286789869952088,35000000.0
357565,2023,34,2938,8,9,8,1,Rodri,1996-06-22,Defensive Midfield,Midfield,right,190.0,28.021902806297057,120000000.0
357658,2023,4,360,0,0,0,0,Mark Travers,1999-05-18,Goalkeeper,Goalkeeper,right,191.0,25.11978097193703,3500000.0
357662,2023,38,3231,7,9,5,0,Declan Rice,1999-01-14,Central Midfield,Midfield,right,188.0,25.45927446954141,120000000.0
357885,2023,15,419,0,0,0,0,Pablo Fornals,1996-02-22,Central Midfield,Midfield,right,178.0,28.35318275154004,14000000.0
361093,2023,17,1378,2,2,2,0,Sven Botman,2000-01-12,Centre-Back,Defender,left,193.0,24.465434633812457,45000000.0
361914,2023,21,1859,1,0,3,0,Nayef Aguerd,1996-03-30,Centre-Back,Defender,left,190.0,28.251882272416154,35000000.0
363205,2023,27,1483,4,5,6,0,Gabriel Jesus,1997-04-03,Centre-Forward,Attack,right,175.0,27.241615331964407,65000000.0
364409,2023,21,1848,2,0,3,0,Gabriel Osho,1998-08-14,Centre-Back,Defender,right,185.0,25.87816563997262,3000000.0
366930,2023,6,48,0,1,0,0,Sergio Gómez,2000-09-04,Left-Back,Defender,left,173.0,23.81930184804928,10000000.0
369567,2023,11,159,2,0,0,0,Sasa Kalajdzic,1997-07-07,Centre-Forward,Attack,right,200.0,26.981519507186857,5000000.0
371021,2023,10,900,0,0,0,0,Arijanet Murić,1998-11-07,Goalkeeper,Goalkeeper,right,198.0,25.645448323066393,7000000.0
375885,2023,17,1038,0,0,6,0,Ibrahim Sangaré,1997-12-02,Defensive Midfield,Midfield,right,191.0,26.576317590691307,30000000.0
377468,2023,31,2650,2,0,11,0,Anel Ahmedhodzic,1999-03-26,Centre-Back,Defender,right,190.0,25.26488706365503,18000000.0
378710,2023,28,1492,11,4,3,0,Richarlison,1997-05-10,Centre-Forward,Attack,right,184.0,27.140314852840522,38000000.0
380350,2023,24,1636,0,0,4,0,Igor Julio,1998-02-07,Centre-Back,Defender,left,188.0,26.392881587953458,17000000.0
381963,2023,16,413,0,0,0,0,Mike Tresor,1999-05-28,Attacking Midfield,Midfield,right,172.0,25.09240246406571,12000000.0
381967,2023,17,1310,1,3,4,0,Albert Sambi Lokonga,1999-10-22,Central Midfield,Midfield,right,183.0,24.689938398357288,15000000.0
384461,2023,17,613,0,0,2,0,Jakub Moder,1999-04-07,Central Midfield,Midfield,right,191.0,25.232032854209447,10000000.0
386047,2023,31,2581,2,0,6,0,Axel Disasi,1998-03-11,Centre-Back,Defender,right,191.0,26.305270362765228,40000000.0
387191,2023,10,595,0,0,0,0,Daiki Hashioka,1999-05-17,Right-Back,Defender,right,184.0,25.12251882272416,2000000.0
387626,2023,35,2076,10,9,5,0,Leon Bailey,1997-08-09,Right Winger,Attack,left,178.0,26.8911704312115,42000000.0
388165,2023,34,2508,12,3,7,0,Yoane Wissa,1996-09-03,Centre-Forward,Attack,right,176.0,27.822039698836413,28000000.0
389253,2023,32,2572,0,0,4,0,Auston Trusty,1998-08-12,Centre-Back,Defender,left,190.0,25.883641341546884,7000000.0
391005,2023,34,1988,1,2,1,0,Mads Roerslev,1999-06-24,Right-Back,Defender,right,184.0,25.018480492813143,10000000.0
391065,2023,3,44,0,0,0,0,Hamed Traoré,2000-02-16,Left Winger,Attack,right,177.0,24.369609856262834,17000000.0
392085,2023,25,830,2,0,7,0,Nicolò Zaniolo,1999-07-02,Second Striker,Attack,left,190.0,24.996577686516083,20000000.0
392179,2023,8,438,0,0,2,0,Hjalmar Ekdal,1998-10-21,Centre-Back,Defender,right,187.0,25.691991786447637,7000000.0
392591,2023,30,1992,4,1,1,0,Chiedozie Ogbene,1997-05-01,Right Winger,Attack,right,181.0,27.16495550992471,8000000.0
392757,2023,25,2023,0,1,2,0,Marc Guéhi,2000-07-13,Centre-Back,Defender,right,182.0,23.964407939767284,38000000.0
392765,2023,13,346,0,2,0,0,Emile Smith Rowe,2000-07-28,Attacking Midfield,Midfield,right,182.0,23.923340177960302,22000000.0
392768,2023,29,1857,8,1,0,0,Callum Hudson-Odoi,2000-11-07,Left Winger,Attack,right,178.0,23.644079397672826,18000000.0
394327,2023,20,1661,0,1,7,1,Boubacar Kamara,1999-11-23,Defensive Midfield,Midfield,right,184.0,24.602327173169062,38000000.0
395516,2023,38,2186,6,8,1,0,Moussa Diaby,1999-07-07,Right Winger,Attack,left,170.0,24.982888432580424,55000000.0
396638,2023,5,198,0,2,1,0,Manor Solomon,1999-07-24,Left Winger,Attack,right,170.0,24.93634496919918,13000000.0
397033,2023,8,440,1,0,2,0,Sandro Tonali,2000-05-08,Defensive Midfield,Midfield,right,181.0,24.145106091718002,38000000.0
398065,2023,21,794,5,3,3,0,Harvey Barnes,1997-12-09,Left Winger,Attack,right,182.0,26.55715263518138,35000000.0
399434,2023,30,2133,3,4,3,0,Marcus Tavernier,1999-03-22,Attacking Midfield,Midfield,left,178.0,25.27583846680356,20000000.0
399776,2023,29,2463,2,0,1,0,Pau Torres,1997-01-16,Centre-Back,Defender,left,192.0,27.45242984257358,45000000.0
401173,2023,3,76,0,0,0,0,Jadon Sancho,2000-03-25,Left Winger,Attack,right,180.0,24.265571526351813,30000000.0
401320,2023,33,2895,3,4,5,1,Dara O'Shea,1999-03-04,Centre-Back,Defender,right,189.0,25.32511978097194,7000000.0
401356,2023,31,2383,1,1,11,0,Edson Álvarez,1997-10-24,Defensive Midfield,Midfield,right,190.0,26.68309377138946,35000000.0
402733,2023,14,802,0,2,5,0,Gonzalo Montiel,1997-01-01,Right-Back,Defender,right,175.0,27.49349760438056,10000000.0
403151,2023,16,1434,0,0,1,0,Robert Sánchez,1997-11-18,Goalkeeper,Goalkeeper,right,197.0,26.614647501711158,20000000.0
403898,2023,15,1238,0,1,6,0,Jordan Beyer,2000-05-19,Centre-Back,Defender,right,187.0,24.11498973305955,13000000.0
404842,2023,28,2471,2,0,0,0,Vitaliy Mykolenko,1999-05-29,Left-Back,Defender,left,180.0,25.089664613278575,28000000.0
406560,2023,13,340,0,0,0,1,Rhian Brewster,2000-04-01,Centre-Forward,Attack,right,180.0,24.246406570841888,3000000.0
406635,2023,35,2871,19,8,2,0,Phil Foden,2000-05-28,Attacking Midfield,Midfield,left,171.0,24.09034907597536,150000000.0
406638,2023,21,694,0,0,3,0,Oliver Skipp,2000-09-16,Defensive Midfield,Midfield,right,175.0,23.786447638603697,15000000.0
407021,2023,8,399,1,0,1,0,Mads Andersen,1997-12-27,Centre-Back,Defender,right,194.0,26.507871321013006,3000000.0
410425,2023,28,2083,0,0,10,1,Yves Bissouma,1996-08-30,Defensive Midfield,Midfield,right,182.0,27.83299110198494,35000000.0
413039,2023,25,1961,9,6,2,0,Bryan Mbeumo,1999-08-07,Right Winger,Attack,left,171.0,24.89801505817933,40000000.0
413403,2023,35,3074,1,0,5,0,Ezri Konsa,1997-10-23,Centre-Back,Defender,right,180.0,26.68583162217659,35000000.0
415912,2023,19,1501,1,0,2,0,Konstantinos Mavropanos,1997-12-11,Centre-Back,Defender,right,194.0,26.55167693360712,20000000.0
415970,2023,7,440,0,0,0,1,Joe Worrall,1997-01-10,Centre-Back,Defender,right,190.0,27.468856947296374,7500000.0
417346,2023,29,2219,3,3,1,0,Jack Harrison,1996-11-20,Left Winger,Attack,left,175.0,27.60848733744011,18000000.0
418560,2023,31,2558,27,4,1,0,Erling Haaland,2000-07-21,Centre-Forward,Attack,left,195.0,23.942505133470227,180000000.0
420002,2023,35,2285,16,5,3,0,Jean-Philippe Mateta,1997-06-28,Centre-Forward,Attack,right,192.0,27.006160164271048,20000000.0
420243,2023,2,71,0,0,2,0,Jurriën Timber,2001-06-17,Right-Back,Defender,right,179.0,23.0362765229295,38000000.0
421637,2023,26,1153,1,2,8,0,Frank Onyeka,1998-01-01,Central Midfield,Midfield,right,183.0,26.494182067077343,9000000.0
423744,2023,30,2126,0,1,8,1,Billy Gilmour,2001-06-11,Defensive Midfield,Midfield,right,170.0,23.052703627652292,18000000.0
424015,2023,20,1000,0,2,4,0,Nathan Patterson,2001-10-16,Right-Back,Defender,right,183.0,22.704996577686515,15000000.0
425306,2023,17,1530,0,0,1,0,Matt Turner,1994-06-24,Goalkeeper,Goalkeeper,right,190.0,30.017796030116358,7000000.0
425334,2023,29,2143,2,2,8,0,Matty Cash,1997-08-07,Right-Back,Defender,right,185.0,26.89664613278576,28000000.0
425902,2023,35,1986,1,1,6,0,Ryan Yates,1997-11-21,Central Midfield,Midfield,right,190.0,26.60643394934976,12000000.0
425918,2023,20,945,1,3,1,0,Jakub Kiwior,2000-02-15,Centre-Back,Defender,left,189.0,24.372347707049965,30000000.0
426192,2023,14,1110,6,1,3,0,Ben Brereton Díaz,1999-04-18,Centre-Forward,Attack,right,185.0,25.201916495550993,8000000.0
427568,2023,6,540,0,0,0,0,Aaron Ramsdale,1998-05-14,Goalkeeper,Goalkeeper,right,190.0,26.130047912388775,25000000.0
429014,2023,37,3162,5,10,9,0,Morgan Gibbs-White,2000-01-27,Attacking Midfield,Midfield,right,171.0,24.424366872005475,40000000.0
431755,2023,36,2766,8,3,7,0,Dejan Kulusevski,2000-04-25,Attacking Midfield,Midfield,left,186.0,24.18069815195072,55000000.0
433177,2023,35,2936,16,9,4,0,Bukayo Saka,2001-09-05,Right Winger,Attack,left,178.0,22.817248459958932,140000000.0
433183,2023,26,1214,0,0,2,0,Tommy Doyle,2001-10-17,Central Midfield,Midfield,right,172.0,22.702258726899384,10000000.0
433188,2023,23,1166,1,1,3,1,Curtis Jones,2001-01-30,Central Midfield,Midfield,right,185.0,23.41409993155373,35000000.0
434675,2023,35,1646,8,5,1,0,Cody Gakpo,1999-05-07,Left Winger,Attack,right,193.0,25.149897330595483,50000000.0
435338,2023,36,3044,4,0,4,0,Gabriel,1997-12-19,Centre-Back,Defender,left,190.0,26.529774127310063,70000000.0
438001,2023,12,820,0,0,1,0,Santiago Bueno,1998-11-09,Centre-Back,Defender,right,191.0,25.639972621492127,8000000.0
442248,2023,29,2521,2,0,1,0,Ethan Pinnock,1993-05-29,Centre-Back,Defender,left,194.0,31.08829568788501,12000000.0
444208,2023,2,18,0,0,0,0,Michael Obafemi,2000-07-06,Centre-Forward,Attack,right,170.0,23.983572895277206,2200000.0
444523,2023,31,2639,4,6,10,0,Lucas Paquetá,1997-08-27,Attacking Midfield,Midfield,left,183.0,26.84188911704312,65000000.0
447661,2023,35,3002,9,5,12,0,Douglas Luiz,1998-05-09,Central Midfield,Midfield,right,177.0,26.143737166324435,70000000.0
450050,2023,22,957,2,1,0,1,Jean-Ricner Bellegarde,1998-06-27,Central Midfield,Midfield,right,170.0,26.00958247775496,15000000.0
451276,2023,33,2111,3,2,1,0,Dominik Szoboszlai,2000-10-25,Attacking Midfield,Midfield,right,187.0,23.679671457905545,75000000.0
461883,2023,29,2300,1,0,6,0,Calvin Bassey,1999-12-31,Centre-Back,Defender,left,185.0,24.49828884325804,16000000.0
463603,2023,18,1338,0,1,1,0,Benoît Badiashile,2001-03-26,Centre-Back,Defender,left,194.0,23.263518138261464,30000000.0
465555,2023,23,1986,0,0,2,0,Djordje Petrovic,1999-10-08,Goalkeeper,Goalkeeper,right,194.0,24.72826830937714,20000000.0
465717,2023,34,2793,3,0,9,0,Jayden Bogle,2000-07-27,Right-Back,Defender,right,178.0,23.926078028747433,3800000.0
466810,2023,19,511,2,0,2,0,Ansu Fati,2002-10-31,Left Winger,Attack,right,178.0,21.66461327857632,25000000.0
467623,2023,24,1909,5,3,0,1,Lyle Foster,2000-09-03,Centre-Forward,Attack,right,185.0,23.822039698836413,13000000.0
468002,2023,14,539,0,0,1,0,Ben Johnson,2000-01-24,Right-Back,Defender,right,184.0,24.432580424366872,8000000.0
468249,2023,32,2318,0,2,1,0,Vitinho,1999-07-23,Right-Back,Defender,right,174.0,24.93908281998631,5000000.0
469050,2023,32,2650,1,1,3,0,Nathan Collins,2001-04-30,Centre-Back,Defender,right,193.0,23.16769336071184,25000000.0
469781,2023,31,2247,4,5,13,0,Marcos Senesi,1997-05-10,Centre-Back,Defender,left,184.0,27.140314852840522,22000000.0
469958,2023,19,1020,2,0,4,0,Jacob Brown,1998-04-10,Centre-Forward,Attack,right,178.0,26.223134839151268,4000000.0
470607,2023,35,2333,5,10,3,0,Brennan Johnson,2001-05-23,Right Winger,Attack,right,186.0,23.104722792607802,48000000.0
471690,2023,20,1234,0,1,1,0,Max Aarons,2000-01-04,Right-Back,Defender,right,177.0,24.487337440109513,16000000.0
472423,2023,10,421,0,2,2,1,Reece James,1999-12-08,Right-Back,Defender,right,180.0,24.56125941136208,40000000.0
473050,2023,11,330,2,1,0,0,Kevin Schade,2001-11-27,Left Winger,Attack,right,185.0,22.590006844626966,22000000.0
475959,2023,28,2329,4,2,3,0,Josko Gvardiol,2002-01-23,Centre-Back,Defender,left,185.0,22.43394934976044,75000000.0
476344,2023,22,1155,1,0,4,0,Emerson Royal,1999-01-14,Right-Back,Defender,right,183.0,25.45927446954141,18000000.0
477758,2023,22,1782,0,2,4,0,Aaron Wan-Bissaka,1997-11-26,Right-Back,Defender,right,183.0,26.5927446954141,20000000.0
478573,2023,26,1121,1,0,0,0,Ryan Gravenberch,2002-05-16,Defensive Midfield,Midfield,right,190.0,22.12457221081451,35000000.0
479999,2023,27,2066,11,4,3,0,Eberechi Eze,1998-06-29,Attacking Midfield,Midfield,right,178.0,26.0041067761807,55000000.0
480116,2023,23,1556,0,1,2,0,Lloyd Kelly,1998-10-06,Centre-Back,Defender,left,189.0,25.73305954825462,18000000.0
480692,2023,37,2646,8,5,3,0,Luis Díaz,1997-01-13,Left Winger,Attack,right,179.0,27.460643394934976,75000000.0
480762,2023,11,648,0,1,3,0,Lisandro Martínez,1998-01-18,Centre-Back,Defender,left,175.0,26.4476386036961,45000000.0
480987,2023,10,613,0,1,2,0,Chris Mepham,1997-11-05,Centre-Back,Defender,right,190.0,26.650239561943874,6000000.0
485585,2023,12,201,0,0,1,0,Ian Maatsen,2002-03-10,Left-Back,Defender,left,178.0,22.308008213552363,40000000.0
485706,2023,30,2090,2,0,5,0,Amadou Onana,2001-08-16,Defensive Midfield,Midfield,right,195.0,22.872005475701574,50000000.0
486049,2023,29,1594,3,10,3,0,Jérémy Doku,2002-05-27,Left Winger,Attack,right,173.0,22.094455852156056,65000000.0
487465,2023,20,1519,2,9,4,0,Pedro Neto,2000-03-09,Right Winger,Attack,left,174.0,24.309377138945926,55000000.0
488362,2023,37,3136,5,7,9,0,Conor Gallagher,2000-02-06,Central Midfield,Midfield,right,182.0,24.396988364134156,50000000.0
491296,2023,6,149,0,0,0,1,Anass Zaroury,2000-11-07,Left Winger,Attack,right,176.0,23.644079397672826,9000000.0
493003,2023,16,1440,0,4,4,0,Daniel Muñoz,1996-05-26,Right-Back,Defender,right,180.0,28.095824777549623,18000000.0
495666,2023,38,3420,2,1,4,0,William Saliba,2001-03-24,Centre-Back,Defender,right,192.0,23.26899383983573,80000000.0
497291,2023,26,1503,2,2,4,0,Nicolás Domínguez,1998-06-28,Central Midfield,Midfield,right,179.0,26.00684462696783,17000000.0
503680,2023,26,1634,0,1,4,0,Neco Williams,2001-04-13,Left-Back,Defender,right,183.0,23.21423682409309,17000000.0
503733,2023,35,2906,11,10,12,0,Anthony Gordon,2001-02-24,Left Winger,Attack,right,183.0,23.345653661875428,60000000.0
503743,2023,11,641,3,1,3,0,Morgan Rogers,2002-07-26,Attacking Midfield,Midfield,right,187.0,21.930184804928132,15000000.0
503749,2023,16,851,1,1,2,0,Jacob Ramsey,2001-05-28,Central Midfield,Midfield,right,180.0,23.091033538672143,35000000.0
503981,2023,26,1306,1,0,1,0,Tino Livramento,2002-11-12,Right-Back,Defender,right,182.0,21.631759069130734,35000000.0
503987,2023,23,1053,5,2,2,0,Noni Madueke,2002-03-10,Right Winger,Attack,left,182.0,22.308008213552363,28000000.0
504148,2023,19,914,0,3,3,0,Tariq Lamptey,2000-09-30,Right-Back,Defender,right,163.0,23.748117727583846,12000000.0
504215,2023,9,230,0,1,0,0,Giovanni Reyna,2002-11-13,Attacking Midfield,Midfield,right,187.0,21.6290212183436,18000000.0
504581,2023,11,501,0,0,0,0,Ryan Giles,2000-01-26,Left-Back,Defender,left,183.0,24.427104722792606,4500000.0
504849,2023,19,1488,3,4,4,0,Kaoru Mitoma,1997-05-20,Left Winger,Attack,right,178.0,27.1129363449692,45000000.0
505194,2023,12,919,0,0,3,0,Luke Thomas,2001-06-10,Left-Back,Defender,left,181.0,23.055441478439427,6000000.0
505219,2023,37,3005,1,2,7,0,James Garner,2001-03-13,Defensive Midfield,Midfield,right,182.0,23.299110198494184,22000000.0
505653,2023,8,262,0,0,2,0,Fábio Silva,2002-07-19,Centre-Forward,Attack,right,185.0,21.949349760438057,11000000.0
512385,2023,20,691,2,2,0,0,Luis Sinisterra,1999-06-17,Left Winger,Attack,right,172.0,25.037645448323065,17000000.0
517894,2023,32,2454,12,7,8,0,Matheus Cunha,1999-05-27,Centre-Forward,Attack,right,183.0,25.09514031485284,45000000.0
520624,2023,37,3269,7,8,9,0,Bruno Guimarães,1997-11-16,Central Midfield,Midfield,right,182.0,26.62012320328542,85000000.0
525247,2023,38,3420,2,0,7,0,Maximilian Kilman,1997-05-23,Centre-Back,Defender,left,194.0,27.104722792607802,32000000.0
525287,2023,13,306,2,0,2,0,Carlos Vinícius,1995-03-25,Centre-Forward,Attack,left,190.0,29.267624914442163,4000000.0
533086,2023,1,1,0,0,0,0,Amadou Diallo,2003-02-15,Left Winger,Attack,,,21.371663244353183,400000.0
533662,2023,30,1840,4,1,2,0,Cameron Archer,2001-12-09,Centre-Forward,Attack,right,175.0,22.55715263518138,13000000.0
533916,2023,10,224,1,1,1,0,Shandon Baptiste,1998-04-08,Central Midfield,Midfield,right,180.0,26.22861054072553,2500000.0
534033,2023,33,2612,5,5,8,1,Alexis Mac Allister,1998-12-24,Central Midfield,Midfield,right,176.0,25.516769336071185,75000000.0
535955,2023,8,455,0,0,2,0,Nuno Tavares,2000-01-26,Left-Back,Defender,left,183.0,24.427104722792606,15000000.0
536508,2023,3,14,0,0,0,0,Han-Noah Massengo,2001-07-07,Central Midfield,Midfield,right,178.0,22.981519507186857,4000000.0
536835,2023,9,388,1,1,1,0,Amad Diallo,2002-07-11,Right Winger,Attack,left,173.0,21.971252566735114,18000000.0
537382,2023,11,201,0,0,0,0,Bryan Gil,2001-02-11,Left Winger,Attack,left,175.0,23.381245722108144,14000000.0
537598,2023,11,292,1,2,0,1,Fábio Vieira,2000-05-30,Attacking Midfield,Midfield,left,170.0,24.084873374401095,22000000.0
537860,2023,31,1579,5,2,5,0,Mykhaylo Mudryk,2001-01-05,Left Winger,Attack,right,175.0,23.482546201232033,35000000.0
538971,2023,20,331,0,0,4,0,Naouirou Ahamada,2002-03-29,Central Midfield,Midfield,right,183.0,22.255989048596852,8000000.0
540941,2023,23,836,0,2,2,0,Mikkel Damsgaard,2000-07-03,Attacking Midfield,Midfield,right,180.0,23.991786447638603,10000000.0
543164,2023,5,111,0,0,1,0,Rhys Norrington-Davies,1999-04-22,Left-Back,Defender,left,181.0,25.190965092402465,2500000.0
543387,2023,11,922,0,0,2,0,Cheick Doucouré,2000-01-08,Defensive Midfield,Midfield,right,180.0,24.476386036960985,35000000.0
543499,2023,33,2489,8,6,6,0,Mohammed Kudus,2000-08-02,Right Winger,Attack,left,177.0,23.90965092402464,50000000.0
546543,2023,36,2045,11,8,8,0,Darwin Núñez,1999-06-24,Centre-Forward,Attack,right,185.0,25.018480492813143,70000000.0
546712,2023,15,412,0,0,2,0,Anis Ben Slimane,2001-03-16,Attacking Midfield,Midfield,both,188.0,23.290896646132786,2500000.0
548470,2023,30,2470,1,0,3,0,Teden Mengi,2002-04-30,Centre-Back,Defender,right,186.0,22.168377823408623,12000000.0
548729,2023,34,1973,5,1,2,0,Zeki Amdouni,2000-12-04,Centre-Forward,Attack,right,183.0,23.57015742642026,12000000.0
551001,2023,1,7,0,0,0,0,Owen Beck,2002-08-09,Left-Back,Defender,left,177.0,21.89185489390828,1250000.0
553875,2023,35,3093,3,7,3,0,Pedro Porro,1999-09-13,Right-Back,Defender,right,173.0,24.79671457905544,45000000.0
554251,2023,11,533,0,0,1,0,Yasser Larouci,2001-01-01,Left-Back,Defender,left,176.0,23.49349760438056,3000000.0
555076,2023,5,37,0,0,1,0,Romain Faivre,1998-07-14,Attacking Midfield,Midfield,left,180.0,25.963039014373717,15000000.0
556385,2023,28,2398,2,3,7,0,Destiny Udogie,2002-11-28,Left-Back,Defender,left,188.0,21.587953456536617,45000000.0
557459,2023,27,2343,3,0,5,0,Micky van de Ven,2001-04-19,Centre-Back,Defender,left,193.0,23.197809719370294,55000000.0
565093,2023,21,1890,0,0,3,0,Bart Verbruggen,2002-08-18,Goalkeeper,Goalkeeper,right,193.0,21.867214236824093,18000000.0
565822,2023,34,1335,3,6,2,0,Harvey Elliott,2003-04-04,Attacking Midfield,Midfield,left,170.0,21.240246406570844,35000000.0
566723,2023,19,1278,10,6,0,0,Michael Olise,2001-12-12,Right Winger,Attack,left,180.0,22.548939082819988,55000000.0
566799,2023,28,2520,0,0,2,0,James Trafford,2002-10-10,Goalkeeper,Goalkeeper,right,192.0,21.72210814510609,18000000.0
567576,2023,21,1024,0,2,3,0,Elliot Anderson,2002-11-06,Central Midfield,Midfield,right,179.0,21.648186173853524,15000000.0
567597,2023,4,127,0,0,0,0,Odeluga Offiah,2002-10-26,Centre-Back,Defender,right,187.0,21.678302532511978,300000.0
568177,2023,34,2628,22,11,7,0,Cole Palmer,2002-05-06,Attacking Midfield,Midfield,left,185.0,22.151950718685832,80000000.0
568559,2023,9,424,0,0,1,0,Radu Drăgușin,2002-02-03,Centre-Back,Defender,right,191.0,22.403832991101986,25000000.0
568693,2023,34,2085,3,3,9,0,Pape Matar Sarr,2002-09-14,Central Midfield,Midfield,right,185.0,21.793292265571527,45000000.0
571743,2023,21,534,1,2,0,0,Armando Broja,2001-09-10,Centre-Forward,Attack,right,191.0,22.803559206023273,22000000.0
576024,2023,36,2659,11,9,2,0,Julián Alvarez,2000-01-31,Centre-Forward,Attack,right,170.0,24.413415468856947,90000000.0
576314,2023,28,2368,0,0,4,0,Jan Paul van Hecke,2000-06-08,Centre-Back,Defender,right,189.0,24.060232717316907,18000000.0
578391,2023,33,2343,2,1,7,0,Rayan Aït-Nouri,2001-06-06,Left-Back,Defender,left,180.0,23.066392881587955,35000000.0
578539,2023,26,2091,1,1,3,0,Chris Richards,2000-03-28,Centre-Back,Defender,right,189.0,24.257357973990416,12000000.0
583189,2023,36,2434,5,9,1,0,Anthony Elanga,2002-04-27,Right Winger,Attack,right,178.0,22.17659137577002,22000000.0
583199,2023,31,1828,3,3,2,0,James McAtee,2002-10-18,Attacking Midfield,Midfield,left,180.0,21.700205338809035,12000000.0
583255,2023,33,2113,8,2,7,0,Antoine Semenyo,2000-01-07,Right Winger,Attack,right,185.0,24.479123887748116,10000000.0
584769,2023,35,2898,3,6,2,0,Dwight McNeil,1999-11-22,Left Winger,Attack,left,183.0,24.605065023956193,22000000.0
586834,2023,6,132,0,0,0,0,Jesurun Rak-Sakyi,2002-10-05,Right Winger,Attack,left,178.0,21.73579739904175,2000000.0
587002,2023,3,11,0,0,0,0,Myles Peart-Harris,2002-09-18,Attacking Midfield,Midfield,right,187.0,21.782340862423,700000.0
591949,2023,9,720,0,0,5,0,Aaron Hickey,2002-06-10,Right-Back,Defender,both,185.0,22.05612594113621,28000000.0
595809,2023,30,941,3,0,2,0,Beto,1998-01-31,Centre-Forward,Attack,right,194.0,26.412046543463383,20000000.0
601883,2023,19,834,0,2,2,0,Matheus Nunes,1998-08-27,Right-Back,Defender,right,183.0,25.842573579739906,50000000.0
602105,2023,29,1323,1,1,5,0,Antony,2000-02-24,Right Winger,Attack,left,172.0,24.347707049965777,25000000.0
606718,2023,35,2776,1,3,7,0,Toti,1999-01-16,Centre-Back,Defender,left,187.0,25.453798767967147,20000000.0
607224,2023,5,131,1,0,1,0,Hannibal,2003-01-21,Attacking Midfield,Midfield,right,177.0,21.440109514031484,9000000.0
608175,2023,37,2937,2,8,5,0,Alfie Doughty,1999-12-21,Left Midfield,Midfield,left,183.0,24.525667351129364,10000000.0
609556,2023,21,784,0,0,4,0,William Osula,2003-08-04,Centre-Forward,Attack,right,191.0,20.906228610540726,3000000.0
610442,2023,30,2171,10,2,2,0,Rasmus Højlund,2003-02-04,Centre-Forward,Attack,left,191.0,21.401779603011637,65000000.0
611793,2023,5,75,0,0,0,0,James Hill,2002-01-10,Centre-Back,Defender,right,184.0,22.469541409993155,2000000.0
614258,2023,23,1798,1,1,2,0,Levi Colwill,2003-02-26,Centre-Back,Defender,left,187.0,21.34154688569473,50000000.0
614811,2023,4,12,0,0,1,0,Joe White,2002-10-01,Attacking Midfield,Midfield,left,186.0,21.746748802190282,300000.0
620322,2023,27,1756,0,6,7,1,Malo Gusto,2003-05-19,Right-Back,Defender,right,178.0,21.117043121149898,35000000.0
620598,2023,13,1055,1,0,1,0,Ameen Al-Dakhil,2002-03-06,Centre-Back,Defender,right,187.0,22.31895961670089,12000000.0
621993,2023,11,782,0,0,2,0,Andrew Omobamidele,2002-06-23,Centre-Back,Defender,right,188.0,22.02053388090349,11000000.0
622380,2023,11,71,0,0,0,0,Cesare Casadei,2003-01-10,Central Midfield,Midfield,right,192.0,21.470225872689937,10000000.0
624258,2023,11,760,1,3,2,0,Conor Bradley,2003-07-09,Right-Back,Defender,right,181.0,20.97741273100616,15000000.0
626724,2023,31,2047,9,3,2,0,João Pedro,2001-09-26,Centre-Forward,Attack,right,186.0,22.759753593429156,45000000.0
626888,2023,3,5,0,0,0,0,Kaine Kesler-Hayden,2002-10-23,Right-Back,Defender,right,175.0,21.686516084873375,2200000.0
627248,2023,12,227,1,0,1,0,Lewis Dobbin,2003-01-03,Left Winger,Attack,right,175.0,21.489390828199863,2500000.0
628451,2023,1,32,0,0,0,0,Roméo Lavia,2004-01-06,Defensive Midfield,Midfield,right,181.0,20.48186173853525,35000000.0
631996,2023,1,4,0,0,0,0,Brandon Aguilera,2003-06-28,Central Midfield,Midfield,left,179.0,21.00752908966461,300000.0
632349,2023,17,1190,2,0,1,0,Jarell Quansah,2003-01-29,Centre-Back,Defender,right,190.0,21.418206707734427,22000000.0
644401,2023,30,1441,3,1,0,0,Keane Lewis-Potter,2001-02-22,Left Midfield,Midfield,right,170.0,23.351129363449694,15000000.0
646658,2023,14,526,0,0,1,0,Aaron Ramsey,2003-01-21,Attacking Midfield,Midfield,right,181.0,21.440109514031484,15000000.0
648046,2023,27,1365,6,0,1,0,Evan Ferguson,2004-10-19,Centre-Forward,Attack,right,188.0,19.696098562628336,50000000.0
648195,2023,28,2215,3,2,7,0,Enzo Fernández,2001-01-17,Central Midfield,Midfield,right,178.0,23.449691991786448,75000000.0
649020,2023,24,803,0,0,4,0,Boubacar Traoré,2001-08-20,Defensive Midfield,Midfield,right,183.0,22.861054072553046,6000000.0
649317,2023,23,462,5,0,5,0,Jhon Durán,2003-12-13,Centre-Forward,Attack,left,185.0,20.54757015742642,20000000.0
649452,2023,24,1732,0,2,7,0,Issa Kaboré,2001-05-12,Right-Back,Defender,right,180.0,23.134839151266256,10000000.0
652979,2023,1,1,0,0,0,0,Lewis Warrington,2002-10-10,Central Midfield,Midfield,right,182.0,21.72210814510609,500000.0
655488,2023,35,2029,6,4,1,0,Gabriel Martinelli,2001-06-18,Left Winger,Attack,right,178.0,23.033538672142367,70000000.0
657817,2023,5,37,0,0,1,0,Benicio Baker-Boaitey,2004-01-09,Left Winger,Attack,left,,20.473648186173854,400000.0
658536,2023,31,2232,6,1,3,0,Simon Adingra,2002-01-01,Left Winger,Attack,right,175.0,22.494182067077343,30000000.0
659089,2023,37,3330,1,0,5,0,Ilya Zabarnyi,2002-09-01,Centre-Back,Defender,right,189.0,21.828884325804243,32000000.0
659459,2023,9,223,1,1,2,0,Carney Chukwuemeka,2003-10-20,Central Midfield,Midfield,right,187.0,20.695414099931554,15000000.0
660867,2023,12,472,0,2,2,0,Julio Enciso,2004-01-23,Attacking Midfield,Midfield,right,173.0,20.435318275154003,22000000.0
661053,2023,35,3117,3,1,8,0,Jarrad Branthwaite,2002-06-27,Centre-Back,Defender,left,195.0,22.00958247775496,42000000.0
661207,2023,14,295,1,1,0,0,Oscar Bobb,2003-07-12,Right Winger,Attack,left,177.0,20.969199178644764,25000000.0
663225,2023,1,1,0,0,0,0,Tyler Onyango,2003-03-04,Central Midfield,Midfield,right,196.0,21.32511978097194,500000.0
663581,2023,36,2672,1,0,3,0,Vini Souza,1999-06-17,Defensive Midfield,Midfield,right,187.0,25.037645448323065,12000000.0
665390,2023,1,3,0,0,0,0,Jaden Philogene,2002-02-08,Left Winger,Attack,right,181.0,22.390143737166323,15000000.0
669366,2023,1,1,0,0,0,0,Tom Cannon,2002-12-28,Centre-Forward,Attack,right,180.0,21.505817932922657,4000000.0
670688,2023,18,196,0,0,3,0,Youssef Chermiti,2004-05-24,Centre-Forward,Attack,right,192.0,20.10130047912389,9000000.0
670845,2023,4,68,0,1,0,0,Omari Forson,2004-07-20,Right Winger,Attack,left,179.0,19.94524298425736,2000000.0
670848,2023,5,75,0,0,0,0,Divin Mubama,2004-10-25,Centre-Forward,Attack,left,183.0,19.679671457905545,1000000.0
670850,2023,1,1,0,0,0,0,Alex Matos,2004-10-03,Central Midfield,Midfield,right,175.0,19.73990417522245,1200000.0
670858,2023,18,775,1,0,2,0,Lewis Hall,2004-09-08,Left-Back,Defender,left,179.0,19.808350444900753,18000000.0
670859,2023,2,11,0,0,0,0,Antwoine Hackford,2004-03-20,Centre-Forward,Attack,right,177.0,20.279260780287473,500000.0
670883,2023,4,19,0,0,0,0,Dane Scarlett,2004-03-24,Centre-Forward,Attack,right,180.0,20.268309377138944,1800000.0
676318,2023,9,165,0,1,0,0,Facundo Pellistri,2001-12-20,Right Winger,Attack,right,174.0,22.527036276522928,8000000.0
681615,2023,1,1,0,0,0,0,Jimi Tauriainen,2004-03-08,Central Midfield,Midfield,left,188.0,20.31211498973306,200000.0
684210,2023,3,153,0,0,1,0,Jaidon Anthony,1999-12-01,Left Winger,Attack,right,183.0,24.580424366872005,6000000.0
687626,2023,35,2874,1,3,12,0,Moisés Caicedo,2001-11-02,Defensive Midfield,Midfield,right,178.0,22.65845311430527,75000000.0
696589,2023,9,158,0,0,0,0,Tim Iroegbunam,2003-06-30,Central Midfield,Midfield,right,183.0,21.00205338809035,4000000.0
697280,2023,3,32,1,0,0,0,George Earthy,2004-09-05,Attacking Midfield,Midfield,right,180.0,19.81656399726215,1000000.0
698151,2023,1,1,0,0,0,0,Michael Ndiweni,2003-12-02,Centre-Forward,Attack,right,,20.577686516084874,200000.0
698678,2023,22,732,0,0,1,0,Hugo Bueno,2002-09-18,Left-Back,Defender,left,180.0,21.782340862423,6000000.0
701057,2023,16,807,2,0,1,0,Rico Lewis,2004-11-21,Right-Back,Defender,right,170.0,19.60574948665298,38000000.0
711969,2023,15,1238,1,2,5,0,Lorenz Assignon,2000-06-22,Right-Back,Defender,right,181.0,24.021902806297057,10000000.0
711999,2023,12,297,0,0,2,0,Lesley Ugochukwu,2004-03-26,Defensive Midfield,Midfield,right,190.0,20.262833675564682,25000000.0
712117,2023,5,87,0,0,0,0,Bobby Clark,2005-02-07,Central Midfield,Midfield,right,178.0,19.392197125256672,1000000.0
717411,2023,27,674,0,0,2,0,Yegor Yarmolyuk,2004-03-01,Central Midfield,Midfield,right,180.0,20.331279945242983,10000000.0
719673,2023,1,13,0,0,0,0,Ben Gannon-Doak,2005-11-11,Right Winger,Attack,right,173.0,18.633812457221083,10000000.0
724783,2023,8,139,0,0,1,0,Tawanda Chirewa,2003-10-12,Attacking Midfield,Midfield,right,181.0,20.71731690622861,500000.0
726701,2023,4,14,0,0,0,0,Rodrigo Ribeiro,2005-04-28,Centre-Forward,Attack,right,186.0,19.173169062286107,3000000.0
730861,2023,28,1976,0,1,4,1,Milos Kerkez,2003-11-07,Left-Back,Defender,left,180.0,20.646132785763175,20000000.0
730893,2023,37,3210,2,3,6,0,Tyrick Mitchell,1999-09-01,Left-Back,Defender,left,181.0,24.829568788501028,25000000.0
732119,2023,1,1,0,0,0,0,Kaide Gordon,2004-10-05,Right Winger,Attack,left,173.0,19.734428473648187,1200000.0
734425,2023,8,51,0,0,0,0,Michael Olakigbe,2004-04-25,Right Winger,Attack,,180.0,20.18069815195072,600000.0
735570,2023,34,2659,2,1,11,0,João Gomes,2001-02-12,Central Midfield,Midfield,right,176.0,23.378507871321013,35000000.0
735571,2023,26,1599,9,1,1,0,Rodrigo Muniz,2001-05-04,Centre-Forward,Attack,right,186.0,23.156741957563312,20000000.0
741267,2023,1,27,0,0,0,0,Sam Curtis,2005-12-01,Right-Back,Defender,right,185.0,18.579055441478438,150000.0
743498,2023,29,2108,3,3,3,0,Wilson Odobert,2004-11-28,Left Winger,Attack,right,182.0,19.586584531143053,10000000.0
743597,2023,10,225,0,1,1,0,Matheus França,2004-04-01,Attacking Midfield,Midfield,right,184.0,20.246406570841888,15000000.0
743600,2023,1,7,0,0,0,0,Andrey Santos,2004-05-03,Central Midfield,Midfield,right,180.0,20.15879534565366,15000000.0
744149,2023,16,1305,0,3,2,0,Adam Wharton,2004-02-06,Defensive Midfield,Midfield,left,182.0,20.396988364134156,30000000.0
745461,2023,15,986,1,1,0,0,Luca Koleosho,2004-09-15,Right Winger,Attack,right,175.0,19.789185489390828,7000000.0
745851,2023,1,9,0,0,0,0,Sydie Peck,2004-09-13,Central Midfield,Midfield,right,173.0,19.794661190965094,200000.0
746739,2023,20,942,0,0,1,0,Andre Brooks,2003-08-20,Central Midfield,Midfield,left,180.0,20.862422997946613,2500000.0
746740,2023,1,20,0,0,0,0,Daniel Jebbison,2003-08-13,Centre-Forward,Attack,right,190.0,20.88158795345654,1000000.0
747153,2023,1,1,0,0,0,0,Dan Gore,2004-09-26,Central Midfield,Midfield,right,170.0,19.759069130732374,900000.0
776890,2023,35,2810,14,5,10,0,Nicolas Jackson,2001-06-20,Centre-Forward,Attack,right,187.0,23.028062970568104,35000000.0
780630,2023,8,326,0,0,1,0,Willy Kambwala,2004-08-25,Centre-Back,Defender,right,192.0,19.8466803559206,5000000.0
787232,2023,15,879,4,1,1,0,David Datro Fofana,2002-12-22,Centre-Forward,Attack,right,182.0,21.522245037645447,12000000.0
790992,2023,11,202,1,0,1,0,Alfie Gilchrist,2003-11-28,Centre-Back,Defender,right,183.0,20.588637919233403,5000000.0
796305,2023,3,3,0,0,1,0,Jamie Donley,2005-01-03,Attacking Midfield,Midfield,left,183.0,19.488021902806295,1500000.0
808509,2023,29,1797,2,2,4,0,Danilo,2001-04-29,Central Midfield,Midfield,left,177.0,23.170431211498972,28000000.0
811779,2023,36,2576,7,4,4,0,Alejandro Garnacho,2004-07-01,Left Winger,Attack,right,180.0,19.99726214921287,45000000.0
817612,2023,1,74,0,0,0,0,Luke Harris,2005-03-04,Attacking Midfield,Midfield,right,177.0,19.32375085557837,1000000.0
820374,2023,24,1940,3,1,3,0,Kobbie Mainoo,2005-04-19,Central Midfield,Midfield,right,184.0,19.197809719370294,50000000.0
823231,2023,30,1220,1,2,3,0,Dango Ouattara,2002-02-11,Right Winger,Attack,left,177.0,22.38193018480493,20000000.0
842341,2023,16,1312,0,0,6,0,Maxime Estève,2002-05-26,Centre-Back,Defender,left,193.0,22.09719370294319,7000000.0
845289,2023,3,3,0,0,0,0,James McConnell,2004-09-13,Defensive Midfield,Midfield,right,180.0,19.794661190965094,500000.0
845321,2023,1,1,0,0,0,0,Kaelan Casey,2004-10-28,Centre-Back,Defender,right,185.0,19.67145790554415,1000000.0
845723,2023,1,3,0,0,0,0,Finley Munroe,2005-02-08,Centre-Back,Defender,left,,19.38945927446954,100000.0
849410,2023,6,308,0,0,1,0,Valentín Barco,2004-07-23,Central Midfield,Midfield,left,172.0,19.93702943189596,13000000.0
852024,2023,8,385,0,0,0,0,Bénie Traoré,2002-11-30,Left Winger,Attack,right,172.0,21.582477754962355,4000000.0
855256,2023,23,1010,1,1,3,0,Alex Scott,2003-08-21,Central Midfield,Midfield,right,178.0,20.859685147159478,20000000.0
863741,2023,7,184,0,0,1,0,Nathan Fraser,2005-02-22,Centre-Forward,Attack,right,188.0,19.351129363449694,1000000.0
864799,2023,1,25,0,0,0,0,Stefan Bajcetic,2004-10-22,Defensive Midfield,Midfield,right,185.0,19.68788501026694,11000000.0
865993,2023,9,148,0,0,1,0,David Ozoh,2005-05-06,Defensive Midfield,Midfield,right,189.0,19.15126625598905,700000.0
867688,2023,12,871,3,0,1,0,Jack Hinshelwood,2005-04-11,Defensive Midfield,Midfield,right,182.0,19.21971252566735,16000000.0
874066,2023,12,946,0,0,2,0,Oliver Arblaster,2004-01-08,Central Midfield,Midfield,right,180.0,20.476386036960985,450000.0
874080,2023,2,8,0,0,0,0,Mason Burstow,2003-08-04,Centre-Forward,Attack,right,187.0,20.906228610540726,1800000.0
888493,2023,8,45,1,0,1,0,Alejo Veliz,2003-09-19,Centre-Forward,Attack,right,186.0,20.78028747433265,9000000.0
890719,2023,1,13,0,0,0,0,Ethan Nwaneri,2007-03-21,Attacking Midfield,Midfield,left,176.0,17.27857631759069,8000000.0
900601,2023,2,11,0,0,0,0,Alex Murphy,2004-06-25,Left-Back,Defender,left,188.0,20.01368925393566,250000.0
922764,2023,1,24,0,0,0,0,Ben Parkinson,2005-03-10,Centre-Forward,Attack,right,183.0,19.307323750855577,250000.0
922769,2023,17,1208,1,3,1,0,Lewis Miley,2006-05-01,Central Midfield,Midfield,right,189.0,18.16563997262149,22000000.0
926135,2023,2,35,0,0,0,0,Omari Kellyman,2005-09-15,Attacking Midfield,Midfield,left,191.0,18.78986995208761,1000000.0
936901,2023,1,1,0,0,0,0,Dominic Sadi,2003-09-02,Right Winger,Attack,right,174.0,20.826830937713893,100000.0
939290,2023,2,7,0,0,1,0,Jayden Danns,2006-01-16,Centre-Forward,Attack,right,183.0,18.45311430527036,1000000.0
943549,2023,3,61,0,0,1,0,Mark O'Mahony,2005-01-14,Centre-Forward,Attack,right,182.0,19.457905544147845,300000.0
965940,2023,2,4,0,0,0,0,Zack Nelson,2005-04-21,Attacking Midfield,Midfield,,,19.19233401779603,100000.0
973085,2023,27,1320,0,0,7,0,Carlos Baleba,2004-01-03,Defensive Midfield,Midfield,left,179.0,20.490075290896645,22000000.0
983989,2023,27,1369,3,1,7,0,Facundo Buonanotte,2004-12-23,Attacking Midfield,Midfield,left,174.0,19.51813826146475,18000000.0
1004708,2023,1,5,0,0,0,0,Josh Acheampong,2006-05-05,Right-Back,Defender,right,190.0,18.154688569472963,300000.0
1005649,2023,32,2793,0,2,5,0,Murillo,2002-07-04,Centre-Back,Defender,left,180.0,21.99041752224504,35000000.0
1031293,2023,1,7,0,0,0,0,Ryan Oné,2006-06-26,Centre-Forward,Attack,,,18.012320328542096,200000.0
1043634,2023,3,175,0,0,0,0,Leon Chiwome,2006-01-10,Centre-Forward,Attack,,186.0,18.469541409993155,1000000.0
1060740,2023,1,1,0,0,0,0,Enso González,2005-01-20,Left Winger,Attack,left,169.0,19.44147843942505,4000000.0
1082850,2023,2,11,0,0,0,0,Deivid Washington,2005-06-05,Centre-Forward,Attack,right,187.0,19.069130732375086,9000000.0
1088818,2023,2,75,0,0,1,0,Joe Johnson,2006-02-21,Left-Back,Defender,left,180.0,18.354551676933607,100000.0
3333,2024,4,173,0,0,1,0,James Milner,1986-01-04,Central Midfield,Midfield,right,175.0,39.48528405201917,1000000.0
14086,2024,32,1870,1,3,7,1,Ashley Young,1985-07-09,Right-Back,Defender,both,175.0,39.97535934291581,500000.0
16306,2024,24,1498,1,0,5,0,Casemiro,1992-02-23,Defensive Midfield,Midfield,right,185.0,33.34976043805612,10000000.0
29692,2024,14,1161,0,0,2,0,Lukasz Fabianski,1985-04-18,Goalkeeper,Goalkeeper,right,190.0,40.199863107460644,500000.0
42412,2024,7,314,0,0,1,0,Jonny Evans,1988-01-03,Centre-Back,Defender,both,188.0,37.489390828199866,2000000.0
43530,2024,14,355,0,2,4,0,Adam Lallana,1988-05-10,Attacking Midfield,Midfield,both,172.0,37.138945927446954,750000.0
51471,2024,31,2203,6,2,5,1,Mateo Kovacic,1994-05-06,Central Midfield,Midfield,right,178.0,31.15126625598905,20000000.0
52570,2024,7,630,0,0,0,0,Fraser Forster,1988-03-17,Goalkeeper,Goalkeeper,right,201.0,37.28678986995209,1000000.0
52769,2024,10,252,0,0,0,0,Willian,1988-08-09,Left Winger,Attack,right,175.0,36.889801505817935,750000.0
53622,2024,33,2229,1,7,1,0,İlkay Gündoğan,1990-10-24,Central Midfield,Midfield,right,180.0,34.68309377138946,5000000.0
61841,2024,25,1595,0,0,7,0,Adam Smith,1991-04-29,Right-Back,Defender,right,174.0,34.171115674195754,750000.0
67063,2024,30,2121,10,4,4,0,Danny Welbeck,1990-11-26,Centre-Forward,Attack,right,185.0,34.5927446954141,5000000.0
68390,2024,5,215,0,0,1,0,Séamus Coleman,1988-10-11,Right-Back,Defender,right,177.0,36.71731690622861,500000.0
69633,2024,23,1056,1,2,4,0,Christian Eriksen,1992-02-14,Attacking Midfield,Midfield,right,182.0,33.374401095140314,4000000.0
72476,2024,38,3420,0,1,5,0,Bernd Leno,1992-03-04,Goalkeeper,Goalkeeper,right,190.0,33.322381930184804,10000000.0
73564,2024,2,180,0,0,0,0,Jason Steele,1990-08-18,Goalkeeper,Goalkeeper,right,188.0,34.86652977412731,1500000.0
74230,2024,23,805,3,2,2,0,Pablo Sarabia,1992-05-11,Attacking Midfield,Midfield,left,174.0,33.13620807665982,5000000.0
74810,2024,7,181,0,0,2,0,Ben Mee,1989-09-21,Centre-Back,Defender,left,180.0,35.77275838466804,1000000.0
74960,2024,10,900,0,0,0,0,Martin Dúbravka,1989-01-15,Goalkeeper,Goalkeeper,right,191.0,36.45448323066393,1000000.0
75458,2024,4,225,0,0,0,0,Robin Olsen,1990-01-08,Goalkeeper,Goalkeeper,right,196.0,35.474332648870636,1000000.0
75489,2024,18,788,3,2,2,0,Niclas Füllkrug,1993-02-09,Centre-Forward,Attack,right,189.0,32.38603696098563,10000000.0
85177,2024,13,481,0,0,1,0,Nathaniel Clyne,1991-04-05,Right-Back,Defender,right,175.0,34.23682409308692,1000000.0
85941,2024,13,1099,0,0,1,0,Stefan Ortega,1992-11-06,Goalkeeper,Goalkeeper,right,185.0,32.64613278576318,8000000.0
88755,2024,28,1705,4,7,2,0,Kevin De Bruyne,1991-06-28,Attacking Midfield,Midfield,right,181.0,34.00684462696783,20000000.0
91845,2024,30,2117,7,10,1,0,Heung-min Son,1992-07-08,Left Winger,Attack,both,183.0,32.97741273100616,20000000.0
92571,2024,18,823,0,0,3,0,Aaron Cresswell,1989-12-15,Left-Back,Defender,left,170.0,35.540041067761805,500000.0
92572,2024,2,72,0,0,1,0,Joel Ward,1989-10-29,Right-Back,Defender,right,186.0,35.66872005475702,500000.0
95424,2024,15,967,0,0,3,0,Kyle Walker,1990-05-28,Right-Back,Defender,right,183.0,35.09103353867214,4000000.0
95810,2024,25,1309,0,3,1,0,Kieran Trippier,1990-09-19,Right-Back,Defender,right,173.0,34.77891854893908,4000000.0
95976,2024,5,450,0,0,0,0,Alex McCarthy,1989-12-03,Goalkeeper,Goalkeeper,right,193.0,35.572895277207394,350000.0
99331,2024,18,1395,0,0,5,0,Jannik Vestergaard,1992-08-03,Centre-Back,Defender,both,199.0,32.90622861054072,2000000.0
102017,2024,15,705,0,0,5,0,Jorginho,1991-12-20,Defensive Midfield,Midfield,right,180.0,33.52772073921971,6000000.0
104124,2024,14,844,1,1,1,0,Michail Antonio,1990-03-28,Centre-Forward,Attack,right,180.0,35.2580424366872,700000.0
105470,2024,28,2509,0,0,0,0,Alisson,1992-10-02,Goalkeeper,Goalkeeper,right,193.0,32.7419575633128,20000000.0
108354,2024,31,1663,5,0,6,0,Jordan Ayew,1991-09-11,Centre-Forward,Attack,right,182.0,33.80150581793292,2500000.0
108725,2024,36,2979,20,3,1,0,Chris Wood,1991-12-07,Centre-Forward,Attack,right,191.0,33.56331279945243,10000000.0
110864,2024,7,630,0,0,0,0,Sam Johnstone,1993-03-25,Goalkeeper,Goalkeeper,right,193.0,32.26557152635181,6000000.0
111195,2024,21,1699,0,0,5,0,Joël Veltman,1992-01-15,Right-Back,Defender,right,184.0,33.45653661875428,4000000.0
111819,2024,2,180,0,0,0,0,Neto,1989-07-19,Goalkeeper,Goalkeeper,right,190.0,35.94798083504449,1500000.0
111873,2024,37,3195,0,0,5,1,Emiliano Martínez,1992-09-02,Goalkeeper,Goalkeeper,right,195.0,32.824093086926766,20000000.0
118534,2024,14,1046,3,0,5,0,Michael Keane,1993-01-11,Centre-Back,Defender,right,188.0,32.46543463381246,5000000.0
120629,2024,26,2259,0,0,0,0,Alphonse Areola,1993-02-27,Goalkeeper,Goalkeeper,right,195.0,32.336755646817245,9000000.0
121477,2024,15,970,0,0,2,0,Craig Dawson,1990-05-06,Centre-Back,Defender,right,188.0,35.15126625598905,1500000.0
123275,2024,25,613,2,0,3,1,Tom Cairney,1991-01-20,Central Midfield,Midfield,left,185.0,34.44216290212184,1500000.0
123551,2024,33,2757,1,1,9,0,Sam Morsy,1991-09-10,Central Midfield,Midfield,right,175.0,33.804243668720055,500000.0
123682,2024,18,357,0,0,1,0,Callum Wilson,1992-02-27,Centre-Forward,Attack,right,180.0,33.3388090349076,8000000.0
125714,2024,37,3276,0,2,1,0,Mark Flekken,1993-06-13,Goalkeeper,Goalkeeper,both,195.0,32.04654346338125,10000000.0
126664,2024,32,2360,0,5,4,0,Lucas Digne,1993-07-20,Left-Back,Defender,left,178.0,31.94524298425736,10000000.0
126665,2024,37,3070,0,3,8,0,Idrissa Gueye,1989-09-26,Defensive Midfield,Midfield,right,174.0,35.75906913073238,1500000.0
127187,2024,33,2577,3,2,5,0,Abdoulaye Doucouré,1993-01-01,Attacking Midfield,Midfield,right,183.0,32.492813141683776,7000000.0
127202,2024,38,3420,0,0,4,0,Matz Sels,1992-02-26,Goalkeeper,Goalkeeper,right,188.0,33.34154688569473,7000000.0
128901,2024,22,1714,1,0,3,0,Conor Coady,1993-02-25,Centre-Back,Defender,right,185.0,32.342231348391515,2200000.0
130164,2024,38,3420,0,1,7,0,Jordan Pickford,1994-03-07,Goalkeeper,Goalkeeper,left,185.0,31.315537303216974,18000000.0
131978,2024,20,567,3,1,3,0,Ross Barkley,1993-12-05,Central Midfield,Midfield,right,189.0,31.567419575633128,6000000.0
134270,2024,37,3330,1,1,11,0,Dan Burn,1992-05-09,Centre-Back,Defender,left,201.0,33.14168377823409,6000000.0
134294,2024,15,270,1,2,0,0,Danny Ings,1992-07-23,Centre-Forward,Attack,right,177.0,32.936344969199176,6000000.0
134425,2024,17,496,0,2,1,0,Raheem Sterling,1994-12-08,Right Winger,Attack,right,170.0,30.559890485968516,10000000.0
135343,2024,34,2938,4,0,9,1,Fabian Schär,1991-12-20,Centre-Back,Defender,right,186.0,33.52772073921971,7000000.0
136401,2024,2,180,0,0,0,0,Daniel Bentley,1993-07-13,Goalkeeper,Goalkeeper,,193.0,31.964407939767284,1500000.0
139208,2024,37,3330,3,1,5,0,Virgil van Dijk,1991-07-08,Centre-Back,Defender,right,195.0,33.97946611909651,23000000.0
142310,2024,6,146,0,0,1,0,Willy Boly,1991-02-03,Centre-Back,Defender,right,195.0,34.403832991101986,1500000.0
144028,2024,38,2551,8,8,4,0,Leandro Trossard,1994-12-04,Left Winger,Attack,right,172.0,30.570841889117045,22000000.0
146310,2024,20,260,0,0,0,0,Wataru Endo,1993-02-09,Defensive Midfield,Midfield,right,178.0,32.38603696098563,8000000.0
146509,2024,6,335,0,1,1,0,Conor Townsend,1993-03-04,Left-Back,Defender,left,183.0,32.323066392881586,800000.0
146795,2024,8,306,0,0,0,1,Ryan Fraser,1994-02-24,Left Winger,Attack,right,163.0,31.345653661875428,2000000.0
148153,2024,25,2083,0,0,5,0,Lewis Dunk,1991-11-21,Centre-Back,Defender,right,192.0,33.607118412046546,6000000.0
148367,2024,34,2830,5,4,8,1,Christian Nørgaard,1994-03-10,Defensive Midfield,Midfield,right,187.0,31.307323750855577,11000000.0
148455,2024,38,3380,29,18,1,0,Mohamed Salah,1992-06-15,Right Winger,Attack,left,175.0,33.040383299110196,50000000.0
157506,2024,12,94,0,0,0,0,Jeffrey Schlupp,1992-12-23,Left Midfield,Midfield,left,178.0,32.51745379876797,3000000.0
157672,2024,22,1061,0,0,5,0,Vladimír Coufal,1992-08-22,Right-Back,Defender,right,175.0,32.85420944558521,5000000.0
163744,2024,19,1394,1,0,2,2,Jack Stephens,1994-01-27,Centre-Back,Defender,right,185.0,31.422313483915126,1500000.0
170527,2024,18,508,0,3,0,0,Timo Werner,1996-03-06,Centre-Forward,Attack,right,180.0,29.31690622861054,7000000.0
170934,2024,17,1363,1,3,3,0,Mario Lemina,1993-09-01,Defensive Midfield,Midfield,right,184.0,31.82751540041068,7500000.0
171679,2024,30,2112,2,1,6,0,Matt Doherty,1992-01-16,Right-Back,Defender,right,185.0,33.45379876796714,2000000.0
173504,2024,33,2924,1,1,6,0,James Tarkowski,1992-11-19,Centre-Back,Defender,right,185.0,32.610540725530456,9000000.0
177476,2024,10,683,0,0,0,0,Nathan Aké,1995-02-18,Centre-Back,Defender,left,180.0,30.362765229295004,25000000.0
177907,2024,27,1756,1,0,6,0,Harry Maguire,1993-03-05,Centre-Back,Defender,right,194.0,32.32032854209446,13000000.0
181579,2024,24,1440,1,2,4,0,James Ward-Prowse,1994-11-01,Central Midfield,Midfield,right,177.0,30.661190965092402,8000000.0
181687,2024,11,196,0,0,0,0,Massimo Luongo,1992-09-25,Central Midfield,Midfield,right,176.0,32.761122518822724,400000.0
181778,2024,31,2125,2,1,5,0,Emerson,1994-08-03,Left-Back,Defender,left,176.0,30.90759753593429,10000000.0
183288,2024,7,348,0,0,1,0,Luke Shaw,1995-07-12,Left-Back,Defender,left,178.0,29.968514715947983,12000000.0
184528,2024,12,334,0,0,2,0,Emil Krafth,1994-08-02,Right-Back,Defender,right,184.0,30.910335386721425,2000000.0
184573,2024,16,697,0,0,1,0,Victor Lindelöf,1994-07-17,Centre-Back,Defender,right,187.0,30.954140999315538,8000000.0
186186,2024,23,741,1,3,2,0,Bobby De Cordova-Reid,1993-02-02,Attacking Midfield,Midfield,right,170.0,32.40520191649555,2500000.0
186590,2024,11,545,2,0,1,0,John Stones,1994-05-28,Centre-Back,Defender,right,188.0,31.091033538672143,25000000.0
188077,2024,29,2131,2,3,9,0,Ryan Christie,1995-02-22,Central Midfield,Midfield,left,178.0,30.351813826146476,10000000.0
192080,2024,28,2520,0,0,2,0,Nick Pope,1992-04-19,Goalkeeper,Goalkeeper,right,198.0,33.19644079397673,8000000.0
192279,2024,31,2790,0,0,2,0,Kepa Arrizabalaga,1994-10-03,Goalkeeper,Goalkeeper,right,188.0,30.740588637919235,10000000.0
192765,2024,17,1330,0,0,5,0,Ben Davies,1993-04-24,Centre-Back,Defender,left,181.0,32.18343600273785,6000000.0
193098,2024,15,960,0,1,2,0,Álex Moreno,1993-06-08,Left-Back,Defender,left,179.0,32.06023271731691,7000000.0
193116,2024,34,2231,1,4,7,0,John McGinn,1994-10-18,Central Midfield,Midfield,left,178.0,30.699520876112253,16000000.0
195633,2024,8,353,0,0,1,0,Charlie Taylor,1993-09-18,Left-Back,Defender,left,183.0,31.78097193702943,2200000.0
197838,2024,35,2839,9,4,5,0,Jamie Vardy,1987-01-11,Centre-Forward,Attack,right,179.0,38.46680355920602,1000000.0
198516,2024,4,135,0,0,1,0,Harry Toffolo,1995-08-19,Left-Back,Defender,left,183.0,29.864476386036962,3000000.0
199527,2024,35,2382,8,12,4,0,Jacob Murphy,1995-02-24,Right Winger,Attack,right,179.0,30.34633812457221,16000000.0
203026,2024,2,135,0,0,0,0,Danny Ward,1993-06-22,Goalkeeper,Goalkeeper,right,191.0,32.02190280629706,1200000.0
203394,2024,33,2026,2,6,7,0,Andreas Pereira,1996-01-01,Central Midfield,Midfield,right,178.0,29.49486652977413,18000000.0
203460,2024,20,715,1,1,3,0,Jack Grealish,1995-09-10,Left Winger,Attack,right,180.0,29.804243668720055,28000000.0
203853,2024,15,522,0,1,1,0,Oleksandr Zinchenko,1996-12-15,Left-Back,Defender,left,175.0,28.539356605065024,20000000.0
204103,2024,36,1770,2,7,2,0,Adama Traoré,1996-01-25,Right Winger,Attack,right,178.0,29.429158110882955,9000000.0
206040,2024,38,2507,12,3,4,0,Raúl Jiménez,1991-05-05,Centre-Forward,Attack,right,188.0,34.15468856947297,5000000.0
206746,2024,22,1779,0,2,5,0,Kenny Tete,1995-10-09,Right-Back,Defender,right,180.0,29.724845995893222,13000000.0
207014,2024,33,2120,0,4,11,0,Will Hughes,1995-04-17,Central Midfield,Midfield,left,185.0,30.203969883641342,7000000.0
208379,2024,7,630,0,0,0,0,Christian Walton,1995-11-09,Goalkeeper,Goalkeeper,left,195.0,29.639972621492127,900000.0
209212,2024,8,163,0,0,2,0,Solly March,1994-07-20,Right Winger,Attack,left,180.0,30.94592744695414,6000000.0
212847,2024,14,888,0,0,1,0,Adam Webster,1995-01-04,Centre-Back,Defender,right,190.0,30.48596851471595,11000000.0
215810,2024,1,1,0,0,0,0,Tom King,1995-03-09,Goalkeeper,Goalkeeper,right,194.0,30.310746064339494,200000.0
215876,2024,10,385,0,0,1,0,Ricardo Pereira,1993-10-06,Right-Back,Defender,right,175.0,31.731690622861056,4500000.0
225122,2024,29,987,2,4,1,0,Gonçalo Guedes,1996-11-29,Left Winger,Attack,right,179.0,28.583162217659137,11000000.0
226973,2024,12,98,0,0,2,0,Harrison Reed,1995-01-27,Central Midfield,Midfield,right,181.0,30.42299794661191,6000000.0
230784,2024,35,2800,4,2,4,0,Thomas Partey,1993-06-13,Defensive Midfield,Midfield,right,185.0,32.04654346338125,14000000.0
231572,2024,34,2896,0,4,8,0,Nélson Semedo,1993-11-16,Right-Back,Defender,right,179.0,31.619438740588638,9000000.0
234509,2024,34,3060,0,0,0,0,André Onana,1996-04-02,Goalkeeper,Goalkeeper,right,190.0,29.242984257357975,25000000.0
234781,2024,2,71,0,0,1,0,Maxwel Cornet,1996-09-27,Left Winger,Attack,left,179.0,28.75564681724846,8000000.0
234803,2024,33,2492,0,1,3,1,Andrew Robertson,1994-03-11,Left-Back,Defender,left,178.0,31.304585900068446,18000000.0
236490,2024,35,3002,2,1,5,0,Ola Aina,1996-10-08,Right-Back,Defender,right,184.0,28.725530458590008,22000000.0
238223,2024,26,2321,0,4,4,0,Ederson,1993-08-17,Goalkeeper,Goalkeeper,left,188.0,31.86858316221766,20000000.0
240306,2024,36,3023,8,11,5,1,Bruno Fernandes,1994-09-08,Attacking Midfield,Midfield,right,183.0,30.809034907597535,50000000.0
241641,2024,33,2668,4,4,7,0,Bernardo Silva,1994-08-10,Attacking Midfield,Midfield,left,173.0,30.888432580424368,38000000.0
242631,2024,38,2998,9,6,1,0,Alex Iwobi,1996-05-03,Left Winger,Attack,right,183.0,29.15811088295688,28000000.0
243028,2024,30,2535,2,0,7,0,Jan Bednarek,1996-04-12,Centre-Back,Defender,right,189.0,29.215605749486652,9000000.0
245056,2024,30,2360,0,2,12,0,Saša Lukić,1996-08-13,Central Midfield,Midfield,right,182.0,28.878850102669404,14000000.0
245625,2024,13,1170,0,0,2,0,Alex Palmer,1996-08-10,Goalkeeper,Goalkeeper,right,191.0,28.8870636550308,900000.0
249089,2024,36,2978,1,3,8,1,Lewis Cook,1997-02-03,Central Midfield,Midfield,right,175.0,28.40246406570842,15000000.0
249126,2024,22,1540,0,2,4,0,Harry Winks,1996-02-02,Defensive Midfield,Midfield,right,178.0,29.4072553045859,9000000.0
249565,2024,36,3032,3,7,4,0,Youri Tielemans,1997-05-07,Central Midfield,Midfield,right,176.0,28.147843942505133,38000000.0
249994,2024,29,2610,0,0,2,0,José Sá,1993-01-17,Goalkeeper,Goalkeeper,right,192.0,32.44900752908966,7000000.0
250426,2024,20,1254,2,2,4,0,Adam Armstrong,1997-02-10,Centre-Forward,Attack,right,173.0,28.383299110198493,12000000.0
250478,2024,2,19,0,0,0,0,Matt Targett,1995-09-18,Left-Back,Defender,left,183.0,29.782340862423,5000000.0
251106,2024,17,332,2,1,2,0,Enes Ünal,1997-05-10,Centre-Forward,Attack,right,187.0,28.139630390143736,10000000.0
253677,2024,14,1121,0,0,1,0,Tyrone Mings,1993-03-13,Centre-Back,Defender,left,196.0,32.2984257357974,5000000.0
255731,2024,18,934,0,1,1,0,Wes Burns,1994-11-23,Right Midfield,Midfield,right,173.0,30.600958247775495,1200000.0
255788,2024,18,1540,0,2,0,0,Cameron Burgess,1995-10-21,Centre-Back,Defender,left,194.0,29.691991786447637,2000000.0
256178,2024,9,519,0,0,1,0,Joe Gomez,1997-05-23,Centre-Back,Defender,right,188.0,28.10403832991102,20000000.0
256977,2024,2,46,0,0,0,0,Daniel Podence,1995-10-21,Left Winger,Attack,right,170.0,29.691991786447637,5500000.0
258004,2024,27,2269,0,0,4,0,Rúben Dias,1997-05-14,Centre-Back,Defender,right,187.0,28.128678986995208,65000000.0
258878,2024,22,1405,1,1,4,0,Tosin Adarabioyo,1997-09-24,Centre-Back,Defender,right,197.0,27.76454483230664,20000000.0
258889,2024,27,2206,9,3,0,0,Dominic Solanke,1997-09-14,Centre-Forward,Attack,right,186.0,27.79192334017796,40000000.0
258919,2024,38,3420,0,0,3,0,Dean Henderson,1997-03-12,Goalkeeper,Goalkeeper,right,188.0,28.301163586584533,20000000.0
258923,2024,25,1426,6,4,2,0,Marcus Rashford,1997-10-31,Left Winger,Attack,right,185.0,27.66324435318275,50000000.0
260827,2024,30,2674,0,0,7,1,Joachim Andersen,1996-05-31,Centre-Back,Defender,right,192.0,29.08145106091718,27000000.0
262226,2024,24,1643,0,1,1,0,Timothy Castagne,1995-12-05,Right-Back,Defender,right,185.0,29.568788501026695,13000000.0
262300,2024,24,1468,0,1,2,0,Ryan Manning,1996-06-14,Left-Back,Defender,left,173.0,29.04312114989733,3000000.0
262749,2024,38,3420,0,0,3,0,David Raya,1995-09-15,Goalkeeper,Goalkeeper,right,186.0,29.790554414784395,40000000.0
262980,2024,33,2277,0,1,9,0,Jefferson Lerma,1994-10-25,Defensive Midfield,Midfield,right,180.0,30.680355920602327,10000000.0
263236,2024,10,843,0,0,0,0,Kevin Danso,1998-09-19,Centre-Back,Defender,right,190.0,26.77891854893908,25000000.0
270171,2024,32,2267,1,3,3,0,Vitaly Janelt,1998-05-10,Defensive Midfield,Midfield,left,184.0,27.140314852840522,20000000.0
272622,2024,21,1335,0,0,2,0,Issa Diop,1997-01-09,Centre-Back,Defender,right,194.0,28.470910335386723,14000000.0
272855,2024,25,1045,4,1,4,0,Paul Onuachu,1994-05-28,Centre-Forward,Attack,right,201.0,31.091033538672143,6000000.0
272999,2024,9,150,0,0,0,0,Miguel Almirón,1994-02-10,Right Winger,Attack,left,178.0,31.38398357289528,10000000.0
274839,2024,28,2337,0,5,8,0,Wilfred Ndidi,1996-12-16,Defensive Midfield,Midfield,right,183.0,28.536618754277892,15000000.0
277033,2024,29,948,2,0,3,0,David Brooks,1997-07-08,Right Winger,Attack,left,173.0,27.978097193702943,10000000.0
279455,2024,25,1159,6,2,2,0,Harry Wilson,1997-03-22,Right Winger,Attack,left,173.0,28.27378507871321,15000000.0
282429,2024,4,195,0,0,2,0,Sergio Reguilón,1996-12-16,Left-Back,Defender,left,178.0,28.536618754277892,6000000.0
283628,2024,35,2571,9,2,8,0,Tomáš Souček,1995-02-27,Defensive Midfield,Midfield,right,192.0,30.338124572210816,18000000.0
284730,2024,26,2014,0,0,3,0,Manuel Akanji,1995-07-19,Centre-Back,Defender,right,188.0,29.949349760438057,28000000.0
284857,2024,36,2992,5,2,10,0,Marc Cucurella,1998-07-22,Left-Back,Defender,left,173.0,26.940451745379878,35000000.0
286047,2024,24,2160,0,0,1,0,Guglielmo Vicario,1996-10-07,Goalkeeper,Goalkeeper,right,194.0,28.72826830937714,32000000.0
288323,2024,2,43,0,0,0,0,Marcus Harness,1996-02-24,Attacking Midfield,Midfield,right,182.0,29.347022587268995,800000.0
289592,2024,19,1261,1,0,2,0,Orel Mangala,1998-03-18,Defensive Midfield,Midfield,right,178.0,27.28542094455852,18000000.0
292139,2024,20,1002,4,0,2,0,Sammie Szmodics,1995-09-24,Attacking Midfield,Midfield,right,168.0,29.765913757700204,10000000.0
292246,2024,21,649,2,0,0,0,Hee-chan Hwang,1996-01-26,Centre-Forward,Attack,right,177.0,29.426420260095824,12000000.0
292808,2024,34,2812,1,0,4,0,Wout Faes,1998-04-03,Centre-Back,Defender,right,187.0,27.241615331964407,15000000.0
294057,2024,31,1817,9,7,6,0,James Maddison,1996-11-23,Attacking Midfield,Midfield,right,175.0,28.59958932238193,42000000.0
295313,2024,26,399,1,0,0,0,Taiwo Awoniyi,1997-08-12,Centre-Forward,Attack,right,183.0,27.88227241615332,16000000.0
296622,2024,13,745,3,1,2,0,Marco Asensio,1996-01-21,Attacking Midfield,Midfield,left,182.0,29.440109514031484,20000000.0
300716,2024,13,252,1,0,0,0,Kieran Tierney,1997-06-05,Left-Back,Defender,left,180.0,28.0684462696783,9000000.0
306024,2024,26,1613,3,2,2,0,Dominic Calvert-Lewin,1997-03-16,Centre-Forward,Attack,right,189.0,28.290212183436,16000000.0
309400,2024,23,1875,9,3,5,0,Kai Havertz,1999-06-11,Centre-Forward,Attack,left,193.0,26.053388090349078,65000000.0
314353,2024,33,2377,3,7,5,0,Trent Alexander-Arnold,1998-10-07,Right-Back,Defender,right,180.0,26.729637234770706,75000000.0
314875,2024,34,2980,13,10,0,0,Jarrod Bowen,1996-12-20,Right Winger,Attack,left,176.0,28.525667351129364,40000000.0
315969,2024,2,17,0,0,0,0,Scott McTominay,1996-12-08,Central Midfield,Midfield,right,193.0,28.55852156057495,50000000.0
316125,2024,8,254,1,0,1,0,Ben Chilwell,1996-12-21,Left-Back,Defender,left,180.0,28.522929500342233,15000000.0
316264,2024,30,2332,3,8,4,0,Martin Ødegaard,1998-12-17,Attacking Midfield,Midfield,left,178.0,26.535249828884325,85000000.0
319859,2024,24,852,0,2,2,0,Mathias Jensen,1996-01-01,Central Midfield,Midfield,right,180.0,29.49486652977413,14000000.0
320411,2024,10,176,0,0,1,0,Philip Billing,1996-06-11,Central Midfield,Midfield,left,193.0,29.05133470225873,10000000.0
321247,2024,12,89,0,0,1,0,Emiliano Buendía,1996-12-25,Left Winger,Attack,right,172.0,28.511978097193705,15000000.0
324223,2024,17,1073,0,1,0,0,James Bree,1997-12-11,Right-Back,Defender,right,182.0,27.550992470910334,2500000.0
324358,2024,38,2610,16,8,2,0,Ollie Watkins,1995-12-30,Centre-Forward,Attack,right,180.0,29.50034223134839,40000000.0
326029,2024,14,298,3,0,0,0,Donyell Malen,1999-01-19,Centre-Forward,Attack,right,178.0,26.444900752908968,25000000.0
326031,2024,29,2128,2,0,4,0,Matthijs de Ligt,1999-08-12,Centre-Back,Defender,right,189.0,25.883641341546884,38000000.0
328658,2024,24,1443,0,0,5,0,Kristoffer Ajer,1998-04-17,Centre-Back,Defender,right,198.0,27.20328542094456,18000000.0
329145,2024,10,828,0,0,1,0,Diego Carlos,1993-03-15,Centre-Back,Defender,right,185.0,32.29295003422313,9500000.0
330659,2024,34,2356,12,6,8,0,Justin Kluivert,1999-05-05,Attacking Midfield,Midfield,both,173.0,26.154688569472963,35000000.0
331560,2024,1,6,0,0,0,0,Takehiro Tomiyasu,1998-11-05,Centre-Back,Defender,right,187.0,26.650239561943874,18000000.0
332705,2024,28,1965,0,3,7,0,Tyler Adams,1999-02-14,Defensive Midfield,Midfield,right,175.0,26.373716632443532,18000000.0
333014,2024,31,2227,0,0,6,0,Sander Berge,1998-02-14,Defensive Midfield,Midfield,right,195.0,27.37303216974675,25000000.0
333241,2024,29,2404,4,3,10,0,Joelinton,1996-08-14,Central Midfield,Midfield,right,186.0,28.876112251882272,35000000.0
335721,2024,17,1198,0,2,2,0,Ben White,1997-10-08,Right-Back,Defender,right,186.0,27.72621492128679,45000000.0
336077,2024,4,360,0,0,0,0,Altay Bayındır,1998-04-14,Goalkeeper,Goalkeeper,right,198.0,27.211498973305954,8000000.0
336367,2024,3,270,0,0,0,0,Joe Lumley,1995-02-15,Goalkeeper,Goalkeeper,right,190.0,30.3709787816564,500000.0
338070,2024,18,833,0,1,2,0,Konstantinos Tsimikas,1996-05-12,Left-Back,Defender,left,179.0,29.13347022587269,18000000.0
338424,2024,28,1581,7,2,4,0,Mikel Merino,1996-06-22,Central Midfield,Midfield,left,188.0,29.021218343600275,35000000.0
339340,2024,3,99,0,0,1,0,Tyrell Malacia,1999-08-17,Left-Back,Defender,left,169.0,25.869952087611225,8000000.0
339556,2024,5,95,0,0,0,0,Rico Henry,1997-07-08,Left-Back,Defender,left,170.0,27.978097193702943,15000000.0
340324,2024,29,1025,3,2,5,0,Eddie Nketiah,1999-05-30,Centre-Forward,Attack,right,175.0,26.086242299794662,18000000.0
340325,2024,12,488,1,1,1,0,Reiss Nelson,1999-12-10,Left Winger,Attack,right,175.0,25.555099247091032,16000000.0
340328,2024,30,1617,4,1,2,0,Stephy Mavididi,1998-05-31,Left Winger,Attack,right,182.0,27.082819986310746,10000000.0
340329,2024,32,1073,0,2,4,0,Joe Willock,1999-08-20,Central Midfield,Midfield,right,186.0,25.861738535249827,22000000.0
340456,2024,37,2849,0,2,3,0,Noussair Mazraoui,1997-11-14,Right-Back,Defender,right,183.0,27.6249144421629,25000000.0
340918,2024,10,900,0,0,0,0,Caoimhín Kelleher,1998-11-23,Goalkeeper,Goalkeeper,right,188.0,26.600958247775495,20000000.0
340950,2024,26,1194,6,4,2,0,Diogo Jota,1996-12-04,Left Winger,Attack,right,178.0,28.569472963723477,40000000.0
341051,2024,33,2922,0,2,5,0,Kyle Walker-Peters,1997-04-13,Right-Back,Defender,right,173.0,28.213552361396303,15000000.0
341092,2024,6,104,0,0,0,0,Federico Chiesa,1997-10-25,Right Winger,Attack,right,175.0,27.679671457905545,14000000.0
341501,2024,4,130,0,0,0,0,Hamza Choudhury,1997-10-01,Defensive Midfield,Midfield,right,178.0,27.745379876796715,4500000.0
342046,2024,22,1717,0,1,5,0,Axel Tuanzebe,1997-11-14,Centre-Back,Defender,right,188.0,27.6249144421629,5000000.0
342385,2024,23,1155,0,1,6,0,Guido Rodríguez,1994-04-12,Defensive Midfield,Midfield,right,185.0,31.21697467488022,10000000.0
343475,2024,3,159,0,0,1,0,Ben Godfrey,1998-01-15,Centre-Back,Defender,right,184.0,27.45516769336071,6000000.0
344009,2024,18,697,2,0,1,0,Nathan Broadhead,1998-04-05,Left Winger,Attack,right,178.0,27.236139630390145,4500000.0
344152,2024,6,142,0,0,0,0,Odsonne Édouard,1998-01-16,Centre-Forward,Attack,right,187.0,27.45242984257358,8000000.0
344381,2024,27,910,3,2,2,0,Christopher Nkunku,1997-11-14,Centre-Forward,Attack,right,177.0,27.6249144421629,35000000.0
344605,2024,31,2170,0,0,8,0,Boubakary Soumaré,1999-02-27,Defensive Midfield,Midfield,right,188.0,26.338124572210816,14000000.0
346314,2024,25,1974,3,1,3,0,Trevoh Chalobah,1999-07-05,Centre-Back,Defender,right,192.0,25.987679671457904,25000000.0
346483,2024,17,621,1,0,3,0,Mason Mount,1999-01-10,Attacking Midfield,Midfield,right,181.0,26.469541409993155,28000000.0
346707,2024,25,787,0,0,2,0,Sean Longstaff,1997-10-30,Central Midfield,Midfield,right,187.0,27.665982203969882,20000000.0
348623,2024,1,5,0,0,0,0,Mason Holgate,1996-10-22,Centre-Back,Defender,right,187.0,28.687200547570157,4000000.0
349066,2024,34,2774,23,6,1,0,Alexander Isak,1999-09-21,Centre-Forward,Attack,right,190.0,25.7741273100616,120000000.0
349503,2024,22,854,1,1,2,0,Conor Chaplin,1997-02-16,Second Striker,Attack,left,168.0,28.366872005475702,6000000.0
349599,2024,30,2403,1,1,5,0,Pervis Estupiñán,1998-01-21,Left-Back,Defender,left,175.0,27.43874058863792,30000000.0
349701,2024,36,3167,0,10,8,0,Antonee Robinson,1997-08-08,Left-Back,Defender,left,183.0,27.89322381930185,35000000.0
351749,2024,19,1240,0,0,6,0,Kalvin Phillips,1995-12-02,Defensive Midfield,Midfield,right,179.0,29.57700205338809,12000000.0
354362,2024,26,1653,2,0,9,0,Rodrigo Bentancur,1997-06-25,Defensive Midfield,Midfield,right,187.0,28.01368925393566,30000000.0
355915,2024,18,1420,1,1,3,0,Cristian Romero,1998-04-27,Centre-Back,Defender,right,185.0,27.175906913073238,50000000.0
356141,2024,34,1553,0,0,4,1,Daichi Kamada,1996-08-05,Attacking Midfield,Midfield,right,180.0,28.90075290896646,12000000.0
357119,2024,31,2565,1,2,5,0,Ibrahima Konaté,1999-05-25,Centre-Back,Defender,right,194.0,26.099931553730322,60000000.0
357147,2024,33,2813,0,3,5,0,Diogo Dalot,1999-03-18,Right-Back,Defender,right,184.0,26.286105407255306,30000000.0
357565,2024,3,73,0,0,0,0,Rodri,1996-06-22,Defensive Midfield,Midfield,right,190.0,29.021218343600275,110000000.0
357658,2024,5,450,0,0,0,0,Mark Travers,1999-05-18,Goalkeeper,Goalkeeper,right,191.0,26.119096509240247,4000000.0
357662,2024,35,2833,4,7,7,0,Declan Rice,1999-01-14,Central Midfield,Midfield,right,188.0,26.458590006844627,120000000.0
361093,2024,8,415,0,0,1,0,Sven Botman,2000-01-12,Centre-Back,Defender,left,193.0,25.464750171115675,42000000.0
363205,2024,17,603,3,0,3,0,Gabriel Jesus,1997-04-03,Centre-Forward,Attack,right,175.0,28.240930869267626,32000000.0
365172,2024,23,721,1,0,0,0,Patson Daka,1998-10-09,Centre-Forward,Attack,right,183.0,26.72416153319644,15000000.0
369316,2024,6,387,1,0,1,0,Ferdi Kadıoğlu,1999-10-07,Left-Back,Defender,right,174.0,25.730321697467488,25000000.0
371021,2024,18,1620,0,0,1,0,Arijanet Murić,1998-11-07,Goalkeeper,Goalkeeper,right,198.0,26.64476386036961,5000000.0
372246,2024,31,1404,1,1,6,0,Carlos Soler,1997-01-02,Central Midfield,Midfield,right,180.0,28.490075290896645,18000000.0
375885,2024,13,590,0,1,3,0,Ibrahim Sangaré,1997-12-02,Defensive Midfield,Midfield,right,191.0,27.575633127994525,24000000.0
378710,2024,15,500,4,1,2,0,Richarlison,1997-05-10,Centre-Forward,Attack,right,184.0,28.139630390143736,20000000.0
380350,2024,13,960,0,0,4,0,Igor Julio,1998-02-07,Centre-Back,Defender,left,188.0,27.392197125256672,20000000.0
384461,2024,4,9,0,0,0,0,Jakub Moder,1999-04-07,Central Midfield,Midfield,right,191.0,26.23134839151266,12000000.0
385848,2024,1,1,0,0,0,0,George Edmundson,1997-08-15,Centre-Back,Defender,right,190.0,27.874058863791923,800000.0
386047,2024,13,852,1,0,3,0,Axel Disasi,1998-03-11,Centre-Back,Defender,right,191.0,27.304585900068446,22000000.0
387626,2024,24,1144,1,2,3,0,Leon Bailey,1997-08-09,Right Winger,Attack,left,178.0,27.890485968514717,28000000.0
388165,2024,35,2929,19,5,5,0,Yoane Wissa,1996-09-03,Centre-Forward,Attack,right,176.0,28.82135523613963,32000000.0
391005,2024,19,1097,0,2,2,0,Mads Roerslev,1999-06-24,Right-Back,Defender,right,184.0,26.017796030116358,6000000.0
392591,2024,5,239,0,0,0,0,Chiedozie Ogbene,1997-05-01,Right Winger,Attack,right,181.0,28.164271047227928,7000000.0
392757,2024,34,3060,3,2,9,0,Marc Guéhi,2000-07-13,Centre-Back,Defender,right,182.0,24.9637234770705,45000000.0
392765,2024,34,2060,6,3,3,0,Emile Smith Rowe,2000-07-28,Attacking Midfield,Midfield,right,182.0,24.922655715263517,30000000.0
392768,2024,31,2205,5,3,2,0,Callum Hudson-Odoi,2000-11-07,Left Winger,Attack,right,178.0,24.643394934976044,25000000.0
392775,2024,16,580,4,2,1,0,Ryan Sessegnon,2000-05-18,Left-Back,Defender,left,178.0,25.117043121149898,15000000.0
394327,2024,26,1728,1,0,2,0,Boubacar Kamara,1999-11-23,Defensive Midfield,Midfield,right,184.0,25.60164271047228,40000000.0
397033,2024,36,2629,4,2,5,0,Sandro Tonali,2000-05-08,Defensive Midfield,Midfield,right,181.0,25.144421629021217,60000000.0
398065,2024,33,1754,9,5,0,0,Harvey Barnes,1997-12-09,Left Winger,Attack,right,182.0,27.5564681724846,35000000.0
399434,2024,29,1940,3,6,6,0,Marcus Tavernier,1999-03-22,Attacking Midfield,Midfield,left,178.0,26.275154004106778,18000000.0
399776,2024,24,2020,0,0,2,0,Pau Torres,1997-01-16,Centre-Back,Defender,left,192.0,28.451745379876797,32000000.0
400536,2024,27,2385,0,0,1,0,Mads Hermansen,2000-07-11,Goalkeeper,Goalkeeper,right,187.0,24.969199178644764,15000000.0
401173,2024,31,1765,3,5,2,0,Jadon Sancho,2000-03-25,Left Winger,Attack,right,180.0,25.26488706365503,28000000.0
401320,2024,35,3123,0,2,6,0,Dara O'Shea,1999-03-04,Centre-Back,Defender,right,189.0,26.324435318275153,14000000.0
401356,2024,28,1782,0,1,9,0,Edson Álvarez,1997-10-24,Defensive Midfield,Midfield,right,190.0,27.682409308692677,25000000.0
403151,2024,32,2880,0,0,5,0,Robert Sánchez,1997-11-18,Goalkeeper,Goalkeeper,right,197.0,27.613963039014372,20000000.0
404842,2024,35,3084,1,2,4,0,Vitaliy Mykolenko,1999-05-29,Left-Back,Defender,left,180.0,26.088980150581794,28000000.0
405385,2024,30,1557,1,1,4,0,Yukinari Sugawara,2000-06-28,Right-Back,Defender,right,179.0,25.00479123887748,11000000.0
406634,2024,21,938,2,3,1,0,Matt O'Riley,2000-11-21,Central Midfield,Midfield,left,189.0,24.605065023956193,22000000.0
406635,2024,28,1781,7,2,2,0,Phil Foden,2000-05-28,Attacking Midfield,Midfield,left,171.0,25.089664613278575,100000000.0
406638,2024,24,1122,0,0,8,0,Oliver Skipp,2000-09-16,Defensive Midfield,Midfield,right,175.0,24.78576317590691,10000000.0
410225,2024,38,2721,8,7,4,0,Ismaïla Sarr,1998-02-25,Right Winger,Attack,right,185.0,27.342915811088297,25000000.0
410425,2024,28,1406,2,0,7,0,Yves Bissouma,1996-08-30,Defensive Midfield,Midfield,right,182.0,28.83230663928816,25000000.0
413039,2024,38,3417,20,8,3,0,Bryan Mbeumo,1999-08-07,Right Winger,Attack,left,171.0,25.897330595482547,55000000.0
413220,2024,36,2921,2,2,6,0,James Justin,1998-02-23,Right-Back,Defender,both,183.0,27.34839151266256,13000000.0
413403,2024,34,2937,2,0,1,0,Ezri Konsa,1997-10-23,Centre-Back,Defender,right,180.0,27.685147159479808,35000000.0
413507,2024,37,3330,5,2,4,0,Nikola Milenković,1997-10-12,Centre-Back,Defender,right,195.0,27.71526351813826,35000000.0
414908,2024,14,1079,2,1,0,0,Marshall Munetsi,1996-06-22,Central Midfield,Midfield,right,188.0,29.021218343600275,15000000.0
415381,2024,25,1008,1,5,6,0,Mats Wieffer,1999-11-16,Right-Back,Defender,right,189.0,25.620807665982205,25000000.0
415912,2024,33,2037,0,0,6,0,Konstantinos Mavropanos,1997-12-11,Centre-Back,Defender,right,194.0,27.550992470910334,17000000.0
417346,2024,34,2083,1,1,0,0,Jack Harrison,1996-11-20,Left Winger,Attack,left,175.0,28.607802874743328,14000000.0
418560,2024,31,2743,22,3,2,0,Erling Haaland,2000-07-21,Centre-Forward,Attack,left,195.0,24.941820670773442,180000000.0
420002,2024,37,2656,14,2,2,0,Jean-Philippe Mateta,1997-06-28,Centre-Forward,Attack,right,192.0,28.005475701574266,30000000.0
420243,2024,30,2423,1,3,7,0,Jurriën Timber,2001-06-17,Right-Back,Defender,right,179.0,24.035592060232716,55000000.0
420808,2024,26,647,3,1,3,0,George Hirst,1999-02-15,Centre-Forward,Attack,right,191.0,26.3709787816564,4000000.0
421637,2024,2,23,0,0,0,0,Frank Onyeka,1998-01-01,Central Midfield,Midfield,right,183.0,27.49349760438056,7000000.0
423744,2024,2,98,0,0,0,0,Billy Gilmour,2001-06-11,Defensive Midfield,Midfield,right,170.0,24.05201916495551,20000000.0
424015,2024,10,345,0,1,1,0,Nathan Patterson,2001-10-16,Right-Back,Defender,right,183.0,23.704312114989733,15000000.0
425334,2024,27,2077,1,1,7,0,Matty Cash,1997-08-07,Right-Back,Defender,right,185.0,27.89596167008898,25000000.0
425902,2024,35,1904,2,1,10,0,Ryan Yates,1997-11-21,Central Midfield,Midfield,right,190.0,27.60574948665298,12000000.0
425918,2024,17,1117,1,0,1,0,Jakub Kiwior,2000-02-15,Centre-Back,Defender,left,189.0,25.371663244353183,28000000.0
426192,2024,10,448,0,0,1,0,Ben Brereton Díaz,1999-04-18,Centre-Forward,Attack,right,185.0,26.20123203285421,7500000.0
427568,2024,30,2700,0,0,2,0,Aaron Ramsdale,1998-05-14,Goalkeeper,Goalkeeper,right,190.0,27.129363449691994,16000000.0
428016,2024,1,90,0,0,0,0,Brandon Austin,1999-01-08,Goalkeeper,Goalkeeper,right,188.0,26.47501711156742,600000.0
429014,2024,34,2824,7,10,11,0,Morgan Gibbs-White,2000-01-27,Attacking Midfield,Midfield,right,171.0,25.423682409308693,50000000.0
429983,2024,35,2603,14,4,4,0,Jørgen Strand Larsen,2000-02-06,Centre-Forward,Attack,right,193.0,25.39630390143737,30000000.0
430310,2024,10,162,0,0,2,0,Andrew Irving,2000-05-13,Central Midfield,Midfield,left,190.0,25.130732375085557,4000000.0
431755,2024,32,2391,7,4,3,0,Dejan Kulusevski,2000-04-25,Attacking Midfield,Midfield,left,186.0,25.180013689253936,50000000.0
433177,2024,25,1736,6,11,3,0,Bukayo Saka,2001-09-05,Right Winger,Attack,left,178.0,23.81656399726215,150000000.0
433183,2024,24,476,0,1,1,0,Tommy Doyle,2001-10-17,Central Midfield,Midfield,right,172.0,23.701574264202602,10000000.0
433188,2024,33,1711,3,4,3,0,Curtis Jones,2001-01-30,Central Midfield,Midfield,right,185.0,24.413415468856947,45000000.0
434224,2024,35,3119,1,1,5,0,Maxence Lacroix,2000-04-06,Centre-Back,Defender,right,190.0,25.232032854209447,25000000.0
434675,2024,35,1938,10,5,5,0,Cody Gakpo,1999-05-07,Left Winger,Attack,right,193.0,26.1492128678987,70000000.0
435338,2024,28,2365,3,3,4,0,Gabriel,1997-12-19,Centre-Back,Defender,left,190.0,27.529089664613277,75000000.0
435648,2024,32,1394,3,2,2,0,Joshua Zirkzee,2001-05-22,Centre-Forward,Attack,right,193.0,24.10677618069815,30000000.0
438001,2024,29,1682,0,0,2,0,Santiago Bueno,1998-11-09,Centre-Back,Defender,right,191.0,26.639288158795345,10000000.0
442248,2024,22,1913,2,0,2,0,Ethan Pinnock,1993-05-29,Centre-Back,Defender,left,194.0,32.087611225188226,7000000.0
444211,2024,18,682,1,0,1,0,Will Smallbone,2000-02-21,Central Midfield,Midfield,right,183.0,25.35523613963039,6000000.0
444523,2024,33,2385,4,0,9,0,Lucas Paquetá,1997-08-27,Attacking Midfield,Midfield,left,183.0,27.84120465434634,28000000.0
445939,2024,16,1183,7,2,0,0,Omar Marmoush,1999-02-07,Centre-Forward,Attack,right,183.0,26.392881587953458,75000000.0
447995,2024,12,385,1,0,1,0,Ross Stewart,1996-07-11,Centre-Forward,Attack,right,188.0,28.969199178644764,4000000.0
450050,2024,35,1684,2,7,3,0,Jean-Ricner Bellegarde,1998-06-27,Central Midfield,Midfield,right,170.0,27.00889801505818,18000000.0
451276,2024,36,2497,6,7,6,0,Dominik Szoboszlai,2000-10-25,Attacking Midfield,Midfield,right,187.0,24.67898699520876,80000000.0
458178,2024,32,838,1,0,4,0,Jack Taylor,1998-06-23,Central Midfield,Midfield,right,185.0,27.019849418206707,3000000.0
461833,2024,19,1124,1,0,4,0,Caleb Okoli,2001-07-13,Centre-Back,Defender,right,191.0,23.964407939767284,8000000.0
461883,2024,35,3074,1,0,7,0,Calvin Bassey,1999-12-31,Centre-Back,Defender,left,185.0,25.49760438056126,25000000.0
462250,2024,12,363,1,1,2,0,João Félix,1999-11-10,Second Striker,Attack,right,179.0,25.637234770704996,20000000.0
463603,2024,5,333,0,0,0,0,Benoît Badiashile,2001-03-26,Centre-Back,Defender,left,194.0,24.262833675564682,22000000.0
466805,2024,11,764,1,0,3,0,Nico González,2002-01-03,Defensive Midfield,Midfield,right,188.0,23.488021902806295,40000000.0
467563,2024,4,329,0,0,0,0,Armel Bella-Kotchap,2001-12-11,Centre-Back,Defender,right,190.0,23.550992470910334,9000000.0
468002,2024,23,1349,1,2,5,0,Ben Johnson,2000-01-24,Right-Back,Defender,right,184.0,25.43189596167009,8000000.0
468066,2024,30,1978,1,1,2,0,Jens Cajuste,1999-08-10,Defensive Midfield,Midfield,right,188.0,25.88911704312115,12000000.0
468198,2024,32,2020,3,0,1,0,Joe Aribo,1996-07-21,Central Midfield,Midfield,left,183.0,28.941820670773442,6000000.0
469050,2024,38,3420,2,5,5,0,Nathan Collins,2001-04-30,Centre-Back,Defender,right,193.0,24.16700889801506,28000000.0
469781,2024,17,1107,0,0,5,0,Marcos Senesi,1997-05-10,Centre-Back,Defender,left,184.0,28.139630390143736,22000000.0
470596,2024,8,112,0,0,0,0,Paris Maghoma,2001-05-08,Central Midfield,Midfield,right,184.0,24.145106091718002,350000.0
470607,2024,33,2179,11,5,5,0,Brennan Johnson,2001-05-23,Right Winger,Attack,right,186.0,24.10403832991102,40000000.0
471690,2024,3,85,0,0,0,0,Max Aarons,2000-01-04,Right-Back,Defender,right,177.0,25.48665297741273,6000000.0
472423,2024,19,1063,1,1,1,0,Reece James,1999-12-08,Right-Back,Defender,right,180.0,25.560574948665298,30000000.0
473050,2024,38,2301,11,2,3,0,Kevin Schade,2001-11-27,Left Winger,Attack,right,185.0,23.589322381930184,30000000.0
474701,2024,19,780,1,1,2,0,Crysencio Summerville,2001-10-30,Left Winger,Attack,right,172.0,23.665982203969882,22000000.0
475188,2024,13,258,0,1,0,0,Kiernan Dewsbury-Hall,1998-09-06,Central Midfield,Midfield,left,176.0,26.8145106091718,20000000.0
475411,2024,14,1176,0,0,7,0,Wesley Fofana,2000-12-17,Centre-Back,Defender,right,188.0,24.53388090349076,25000000.0
475959,2024,37,3280,5,0,2,0,Josko Gvardiol,2002-01-23,Centre-Back,Defender,left,185.0,23.433264887063654,75000000.0
476701,2024,29,1792,1,2,11,0,Manuel Ugarte,2001-04-11,Defensive Midfield,Midfield,right,182.0,24.21902806297057,45000000.0
477758,2024,36,3155,2,5,1,0,Aaron Wan-Bissaka,1997-11-26,Right-Back,Defender,right,183.0,27.592060232717316,24000000.0
478573,2024,37,3169,0,4,6,1,Ryan Gravenberch,2002-05-16,Defensive Midfield,Midfield,right,190.0,23.123887748117728,75000000.0
479999,2024,34,2603,8,8,1,0,Eberechi Eze,1998-06-29,Attacking Midfield,Midfield,right,178.0,27.003422313483917,55000000.0
480116,2024,10,301,0,1,2,0,Lloyd Kelly,1998-10-06,Centre-Back,Defender,left,189.0,26.732375085557837,16000000.0
480692,2024,36,2413,13,7,2,0,Luis Díaz,1997-01-13,Left Winger,Attack,right,179.0,28.459958932238195,70000000.0
480762,2024,20,1754,2,1,7,0,Lisandro Martínez,1998-01-18,Centre-Back,Defender,left,175.0,27.446954140999317,40000000.0
483348,2024,25,1791,1,2,4,0,Djed Spence,2000-08-09,Left-Back,Defender,right,184.0,24.889801505817932,20000000.0
485585,2024,29,1127,1,2,2,0,Ian Maatsen,2002-03-10,Left-Back,Defender,left,178.0,23.307323750855577,28000000.0
485706,2024,26,1624,3,0,4,0,Amadou Onana,2001-08-16,Defensive Midfield,Midfield,right,195.0,23.871321013004792,50000000.0
486049,2024,29,1514,3,6,1,0,Jérémy Doku,2002-05-27,Left Winger,Attack,right,173.0,23.093771389459274,50000000.0
486144,2024,10,900,0,0,1,0,Jakub Stolarczyk,2000-12-19,Goalkeeper,Goalkeeper,right,194.0,24.528405201916495,300000.0
486604,2024,1,11,0,0,0,0,Vitezslav Jaros,2001-07-23,Goalkeeper,Goalkeeper,right,190.0,23.93702943189596,4000000.0
487465,2024,35,2269,4,6,8,0,Pedro Neto,2000-03-09,Right Winger,Attack,left,174.0,25.308692676249144,50000000.0
488935,2024,2,144,0,0,0,0,Hákon Valdimarsson,2001-10-13,Goalkeeper,Goalkeeper,right,195.0,23.71252566735113,2500000.0
493003,2024,37,3232,4,6,10,0,Daniel Muñoz,1996-05-26,Right-Back,Defender,right,180.0,29.09514031485284,25000000.0
494880,2024,8,350,0,0,0,0,Jorge Cuenca,1999-11-17,Centre-Back,Defender,left,190.0,25.61806981519507,5000000.0
495666,2024,35,3041,2,0,2,1,William Saliba,2001-03-24,Centre-Back,Defender,right,192.0,24.268309377138944,80000000.0
497291,2024,34,1971,0,1,9,0,Nicolás Domínguez,1998-06-28,Central Midfield,Midfield,right,179.0,27.006160164271048,18000000.0
502821,2024,19,985,2,1,4,0,Riccardo Calafiori,2002-05-19,Left-Back,Defender,left,188.0,23.11567419575633,35000000.0
503680,2024,35,2592,1,3,7,0,Neco Williams,2001-04-13,Left-Back,Defender,right,183.0,24.213552361396303,20000000.0
503733,2024,34,2446,6,6,2,0,Anthony Gordon,2001-02-24,Left Winger,Attack,right,183.0,24.344969199178646,65000000.0
503743,2024,37,3131,8,11,10,0,Morgan Rogers,2002-07-26,Attacking Midfield,Midfield,right,187.0,22.92950034223135,55000000.0
503749,2024,29,1628,1,5,4,0,Jacob Ramsey,2001-05-28,Central Midfield,Midfield,right,180.0,24.09034907597536,32000000.0
503866,2024,4,143,0,0,0,0,Albert Grønbaek,2001-05-23,Attacking Midfield,Midfield,right,181.0,24.10403832991102,11000000.0
503977,2024,34,2828,1,0,9,0,Taylor Harwood-Bellis,2002-01-30,Centre-Back,Defender,right,188.0,23.41409993155373,22000000.0
503981,2024,37,2843,0,1,1,0,Tino Livramento,2002-11-12,Right-Back,Defender,right,182.0,22.63107460643395,40000000.0
503987,2024,32,2047,7,4,3,0,Noni Madueke,2002-03-10,Right Winger,Attack,left,182.0,23.307323750855577,40000000.0
503990,2024,11,772,0,0,2,0,Nathan Wood,2002-05-31,Centre-Back,Defender,right,188.0,23.082819986310746,3500000.0
504148,2024,15,860,2,2,0,0,Tariq Lamptey,2000-09-30,Right-Back,Defender,right,163.0,24.747433264887064,11000000.0
504849,2024,36,2609,10,4,1,0,Kaoru Mitoma,1997-05-20,Left Winger,Attack,right,178.0,28.112251882272417,40000000.0
505194,2024,14,1113,0,0,3,0,Luke Thomas,2001-06-10,Left-Back,Defender,left,181.0,24.05475701574264,6000000.0
505219,2024,21,1595,0,1,5,0,James Garner,2001-03-13,Defensive Midfield,Midfield,right,182.0,24.298425735797398,18000000.0
506189,2024,27,2155,1,0,12,0,Flynn Downes,1999-01-20,Defensive Midfield,Midfield,right,178.0,26.442162902121833,13000000.0
512385,2024,12,230,1,1,0,0,Luis Sinisterra,1999-06-17,Left Winger,Attack,right,172.0,26.036960985626283,15000000.0
513245,2024,25,1241,0,1,2,0,Jesper Lindstrøm,2000-02-29,Right Winger,Attack,right,182.0,25.333333333333332,18000000.0
513970,2024,12,498,0,0,2,0,Julián Araujo,2001-08-13,Right-Back,Defender,right,176.0,23.87953456536619,10000000.0
517894,2024,33,2603,15,6,3,0,Matheus Cunha,1999-05-27,Centre-Forward,Attack,right,183.0,26.094455852156056,60000000.0
520624,2024,38,3287,5,6,7,0,Bruno Guimarães,1997-11-16,Central Midfield,Midfield,right,182.0,27.619438740588638,80000000.0
525247,2024,38,3349,0,2,5,0,Maximilian Kilman,1997-05-23,Centre-Back,Defender,left,194.0,28.10403832991102,25000000.0
525287,2024,3,13,0,0,0,0,Carlos Vinícius,1995-03-25,Centre-Forward,Attack,left,190.0,30.26694045174538,3500000.0
527425,2024,15,1187,0,0,2,0,Luke Woolfenden,1998-10-21,Centre-Back,Defender,right,193.0,26.691307323750856,2000000.0
528892,2024,7,378,0,0,3,0,Harry Clarke,2001-03-02,Right-Back,Defender,right,180.0,24.32854209445585,4500000.0
533662,2024,35,1433,2,0,0,0,Cameron Archer,2001-12-09,Centre-Forward,Attack,right,175.0,23.5564681724846,12000000.0
534033,2024,35,2609,5,5,6,0,Alexis Mac Allister,1998-12-24,Central Midfield,Midfield,right,176.0,26.5160848733744,100000000.0
536835,2024,26,1903,8,8,5,0,Amad Diallo,2002-07-11,Right Winger,Attack,left,173.0,22.97056810403833,45000000.0
537860,2024,7,146,0,0,0,0,Mykhaylo Mudryk,2001-01-05,Left Winger,Attack,right,175.0,24.48186173853525,18000000.0
538977,2024,28,1666,5,3,2,0,Georginio Rutter,2002-04-20,Centre-Forward,Attack,left,182.0,23.195071868583163,32000000.0
540941,2024,38,2930,2,11,2,0,Mikkel Damsgaard,2000-07-03,Attacking Midfield,Midfield,right,180.0,24.99110198494182,28000000.0
541231,2024,31,2588,0,1,3,0,Sepp van den Berg,2001-12-20,Centre-Back,Defender,right,192.0,23.526351813826146,22000000.0
543387,2024,13,445,0,0,1,0,Cheick Doucouré,2000-01-08,Defensive Midfield,Midfield,right,180.0,25.475701574264203,25000000.0
543499,2024,32,2603,5,3,2,1,Mohammed Kudus,2000-08-02,Right Winger,Attack,left,177.0,24.908966461327857,45000000.0
546543,2024,30,1118,5,3,8,0,Darwin Núñez,1999-06-24,Centre-Forward,Attack,right,185.0,26.017796030116358,45000000.0
553875,2024,33,2609,2,6,5,0,Pedro Porro,1999-09-13,Right-Back,Defender,right,173.0,25.796030116358658,38000000.0
556385,2024,25,1932,0,1,2,0,Destiny Udogie,2002-11-28,Left-Back,Defender,left,188.0,22.587268993839835,40000000.0
557459,2024,13,1018,0,2,4,0,Micky van de Ven,2001-04-19,Centre-Back,Defender,left,193.0,24.197125256673512,50000000.0
559263,2024,19,445,2,1,1,0,Fábio Carvalho,2002-08-30,Attacking Midfield,Midfield,right,170.0,22.833675564681723,14000000.0
559794,2024,32,1170,0,4,2,0,Jack Clarke,2000-11-23,Left Winger,Attack,right,181.0,24.59958932238193,15000000.0
564529,2024,30,2489,0,1,1,0,Victor Kristiansen,2002-12-16,Left-Back,Defender,left,181.0,22.537987679671456,15000000.0
565093,2024,36,3240,0,1,5,0,Bart Verbruggen,2002-08-18,Goalkeeper,Goalkeeper,right,193.0,22.86652977412731,30000000.0
565822,2024,18,360,1,2,1,0,Harvey Elliott,2003-04-04,Attacking Midfield,Midfield,left,170.0,22.239561943874058,30000000.0
567576,2024,37,2743,2,6,10,0,Elliot Anderson,2002-11-06,Central Midfield,Midfield,right,179.0,22.647501711156742,32000000.0
568005,2024,1,8,0,0,0,0,Jeremy Sarmiento,2002-06-16,Left Winger,Attack,right,178.0,23.039014373716633,7000000.0
568177,2024,37,3200,15,9,7,0,Cole Palmer,2002-05-06,Attacking Midfield,Midfield,left,185.0,23.15126625598905,120000000.0
568559,2024,16,1251,0,0,1,0,Radu Drăgușin,2002-02-03,Centre-Back,Defender,right,191.0,23.4031485284052,25000000.0
568693,2024,36,1914,3,2,6,0,Pape Matar Sarr,2002-09-14,Central Midfield,Midfield,right,185.0,22.792607802874745,32000000.0
571743,2024,10,332,0,0,1,0,Armando Broja,2001-09-10,Centre-Forward,Attack,right,191.0,23.802874743326488,12000000.0
576314,2024,34,2961,1,1,8,0,Jan Paul van Hecke,2000-06-08,Centre-Back,Defender,right,189.0,25.059548254620122,32000000.0
578391,2024,37,3128,4,7,7,0,Rayan Aït-Nouri,2001-06-06,Left-Back,Defender,left,180.0,24.06570841889117,35000000.0
578539,2024,24,1925,1,0,4,0,Chris Richards,2000-03-28,Centre-Back,Defender,right,189.0,25.256673511293634,14000000.0
581330,2024,2,19,0,0,0,0,Eiran Cashin,2001-11-09,Centre-Back,Defender,left,184.0,23.638603696098563,8000000.0
583189,2024,38,2510,6,11,1,0,Anthony Elanga,2002-04-27,Right Winger,Attack,right,178.0,23.175906913073238,42000000.0
583199,2024,15,342,3,0,1,0,James McAtee,2002-10-18,Attacking Midfield,Midfield,left,180.0,22.699520876112253,20000000.0
583255,2024,37,3210,11,6,9,0,Antoine Semenyo,2000-01-07,Right Winger,Attack,right,185.0,25.478439425051334,40000000.0
584769,2024,21,1371,4,8,1,0,Dwight McNeil,1999-11-22,Left Winger,Attack,left,183.0,25.60438056125941,25000000.0
585323,2024,6,540,0,0,0,0,Filip Jørgensen,2002-04-16,Goalkeeper,Goalkeeper,right,192.0,23.20602327173169,18000000.0
592975,2024,4,107,0,0,1,0,Woyo Coulibaly,1999-05-26,Right-Back,Defender,both,182.0,26.09719370294319,2000000.0
595809,2024,30,1528,8,0,2,0,Beto,1998-01-31,Centre-Forward,Attack,right,194.0,27.411362080766597,22000000.0
596446,2024,33,2746,1,3,5,1,Leif Davis,1999-12-31,Left-Back,Defender,left,182.0,25.49760438056126,22000000.0
601883,2024,26,1672,1,6,4,0,Matheus Nunes,1998-08-27,Right-Back,Defender,right,183.0,26.84188911704312,35000000.0
602105,2024,8,135,0,0,0,0,Antony,2000-02-24,Right Winger,Attack,left,172.0,25.347022587268995,35000000.0
605184,2024,27,1833,0,0,3,0,Jean-Clair Todibo,1999-12-30,Centre-Back,Defender,right,190.0,25.50034223134839,25000000.0
606718,2024,31,2615,0,1,7,0,Toti,1999-01-16,Centre-Back,Defender,left,187.0,26.45311430527036,28000000.0
609556,2024,14,124,1,0,0,0,William Osula,2003-08-04,Centre-Forward,Attack,right,191.0,21.905544147843944,7000000.0
610442,2024,32,2014,4,1,2,0,Rasmus Højlund,2003-02-04,Centre-Forward,Attack,left,191.0,22.401095140314855,35000000.0
610581,2024,11,125,0,0,3,0,Ali Al-Hamadi,2002-03-01,Centre-Forward,Attack,right,187.0,23.33196440793977,2500000.0
610849,2024,37,2616,12,2,12,0,Liam Delap,2003-02-08,Centre-Forward,Attack,right,186.0,22.390143737166323,40000000.0
611793,2024,10,449,0,1,1,0,James Hill,2002-01-10,Centre-Back,Defender,right,184.0,23.468856947296374,3000000.0
614258,2024,35,3150,2,1,9,0,Levi Colwill,2003-02-26,Centre-Back,Defender,left,187.0,22.340862422997947,55000000.0
620322,2024,32,1858,0,1,4,0,Malo Gusto,2003-05-19,Right-Back,Defender,right,178.0,22.116358658453116,35000000.0
621193,2024,18,853,1,1,3,0,Kasey McAteer,2001-11-22,Right Midfield,Midfield,right,177.0,23.603011635865844,2000000.0
623570,2024,33,2440,9,0,3,0,Iliman Ndiaye,2000-03-06,Right Winger,Attack,right,180.0,25.31690622861054,22000000.0
624258,2024,19,748,0,2,4,0,Conor Bradley,2003-07-09,Right-Back,Defender,right,181.0,21.976728268309376,30000000.0
626724,2024,27,1953,10,6,4,1,João Pedro,2001-09-26,Centre-Forward,Attack,right,186.0,23.759069130732374,50000000.0
628451,2024,16,802,0,1,4,0,Roméo Lavia,2004-01-06,Defensive Midfield,Midfield,right,181.0,21.481177275838466,40000000.0
632349,2024,13,488,0,0,2,0,Jarell Quansah,2003-01-29,Centre-Back,Defender,right,190.0,22.417522245037645,20000000.0
638964,2024,1,6,0,0,0,0,Nathan Butler-Oyedeji,2003-01-04,Centre-Forward,Attack,right,177.0,22.48596851471595,1000000.0
644401,2024,38,3100,1,4,7,0,Keane Lewis-Potter,2001-02-22,Left Midfield,Midfield,right,170.0,24.35044490075291,23000000.0
645686,2024,8,475,0,0,2,0,Lamare Bogarde,2004-01-05,Defensive Midfield,Midfield,right,185.0,21.4839151266256,6000000.0
648046,2024,21,388,1,0,0,0,Evan Ferguson,2004-10-19,Centre-Forward,Attack,right,188.0,20.695414099931554,25000000.0
648195,2024,36,2949,6,7,8,0,Enzo Fernández,2001-01-17,Central Midfield,Midfield,right,178.0,24.449007529089666,75000000.0
649020,2024,1,1,0,0,0,0,Boubacar Traoré,2001-08-20,Defensive Midfield,Midfield,right,183.0,23.860369609856264,5000000.0
649317,2024,20,626,7,0,3,1,Jhon Durán,2003-12-13,Centre-Forward,Attack,left,185.0,21.54688569472964,35000000.0
654253,2024,6,174,0,0,0,0,Toby Collyer,2004-01-03,Defensive Midfield,Midfield,right,180.0,21.489390828199863,5000000.0
654982,2024,32,2197,2,3,4,0,Bilal El Khannouss,2004-05-10,Attacking Midfield,Midfield,right,180.0,21.138945927446954,28000000.0
655488,2024,33,2299,8,4,1,0,Gabriel Martinelli,2001-06-18,Left Winger,Attack,right,178.0,24.032854209445585,55000000.0
658536,2024,29,1093,2,2,0,0,Simon Adingra,2002-01-01,Left Winger,Attack,right,175.0,23.49349760438056,28000000.0
659089,2024,36,3114,0,1,4,1,Ilya Zabarnyi,2002-09-01,Centre-Back,Defender,right,189.0,22.82819986310746,42000000.0
660867,2024,25,1165,2,3,3,0,Julio Enciso,2004-01-23,Attacking Midfield,Midfield,right,173.0,21.43463381245722,22000000.0
661053,2024,30,2510,0,1,4,0,Jarrad Branthwaite,2002-06-27,Centre-Back,Defender,left,195.0,23.00889801505818,50000000.0
661207,2024,3,14,0,0,0,0,Oscar Bobb,2003-07-12,Right Winger,Attack,left,177.0,21.968514715947983,25000000.0
663244,2024,31,840,3,2,5,0,Jota Silva,1999-08-01,Left Winger,Attack,right,179.0,25.913757700205338,15000000.0
665390,2024,21,800,2,0,5,0,Jaden Philogene,2002-02-08,Left Winger,Attack,right,181.0,23.38945927446954,16000000.0
667121,2024,25,799,2,0,0,0,Rodrigo Gomes,2003-07-07,Left Midfield,Midfield,right,175.0,21.982203969883642,15000000.0
667287,2024,34,1968,2,1,3,0,Yasin Ayari,2003-10-06,Central Midfield,Midfield,right,172.0,21.73305954825462,22000000.0
670688,2024,4,42,0,0,1,0,Youssef Chermiti,2004-05-24,Centre-Forward,Attack,right,192.0,21.100616016427104,8000000.0
670848,2024,1,27,0,0,0,0,Divin Mubama,2004-10-25,Centre-Forward,Attack,left,183.0,20.67898699520876,4000000.0
670858,2024,27,2193,0,5,3,0,Lewis Hall,2004-09-08,Left-Back,Defender,left,179.0,20.80766598220397,32000000.0
670883,2024,3,31,0,1,0,0,Dane Scarlett,2004-03-24,Centre-Forward,Attack,right,180.0,21.267624914442163,2000000.0
673492,2024,26,893,0,0,4,0,Morato,2001-06-30,Centre-Back,Defender,left,192.0,24.0,14000000.0
680806,2024,2,64,0,0,1,0,Samuel Edozie,2003-01-28,Left Winger,Attack,right,181.0,22.420260095824776,6000000.0
683895,2024,16,1411,1,0,3,0,Emmanuel Agbadou,1997-06-17,Centre-Back,Defender,right,185.0,28.035592060232716,20000000.0
687626,2024,38,3356,1,4,11,0,Moisés Caicedo,2001-11-02,Defensive Midfield,Midfield,right,178.0,23.65776865160849,90000000.0
689637,2024,1,90,0,0,0,0,Chadi Riad,2003-06-17,Centre-Back,Defender,left,186.0,22.036960985626283,15000000.0
693095,2024,25,2205,1,0,5,0,Jacob Greaves,2000-09-12,Centre-Back,Defender,left,193.0,24.79671457905544,18000000.0
695454,2024,1,6,0,0,0,0,Chiquinho,2000-02-05,Left Winger,Attack,right,179.0,25.399041752224505,2000000.0
696346,2024,1,1,0,0,0,0,Jay Stansfield,2002-11-24,Centre-Forward,Attack,right,187.0,22.598220396988363,11000000.0
696589,2024,18,564,0,1,4,0,Tim Iroegbunam,2003-06-30,Central Midfield,Midfield,right,183.0,22.001368925393567,9000000.0
700106,2024,21,681,1,4,0,0,Brajan Gruda,2004-05-31,Attacking Midfield,Midfield,left,178.0,21.08145106091718,25000000.0
701057,2024,28,1893,1,2,5,0,Rico Lewis,2004-11-21,Right-Back,Defender,right,170.0,20.605065023956193,40000000.0
709767,2024,3,28,0,0,0,0,Ji-soo Kim,2004-12-24,Centre-Back,Defender,both,192.0,20.514715947980836,600000.0
711337,2024,31,2336,10,5,1,1,Evanilson,1999-10-06,Centre-Forward,Attack,both,183.0,25.73305954825462,35000000.0
711544,2024,20,1569,2,0,4,0,Jake O'Brien,2001-05-15,Right-Back,Defender,right,197.0,24.125941136208077,18000000.0
711999,2024,26,1663,1,1,7,0,Lesley Ugochukwu,2004-03-26,Defensive Midfield,Midfield,right,190.0,21.2621492128679,18000000.0
716276,2024,5,442,0,0,2,0,Yerson Mosquera,2001-05-02,Centre-Back,Defender,right,188.0,24.161533196440793,8000000.0
717411,2024,31,1443,0,0,6,0,Yegor Yarmolyuk,2004-03-01,Central Midfield,Midfield,right,180.0,21.3305954825462,15000000.0
725912,2024,6,540,0,0,0,0,Antonín Kinský,2003-03-13,Goalkeeper,Goalkeeper,right,190.0,22.299794661190965,15000000.0
729264,2024,10,480,0,0,1,0,Welington,2001-02-19,Left-Back,Defender,left,170.0,24.358658453114305,3000000.0
730861,2024,38,3342,2,6,4,0,Milos Kerkez,2003-11-07,Left-Back,Defender,left,180.0,21.645448323066393,45000000.0
730893,2024,37,3103,0,5,2,0,Tyrick Mitchell,1999-09-01,Left-Back,Defender,left,181.0,25.828884325804243,25000000.0
732165,2024,1,12,0,0,0,0,Ronnie Edwards,2003-03-28,Centre-Back,Defender,right,185.0,22.258726899383984,3800000.0
735570,2024,36,2989,3,1,11,0,João Gomes,2001-02-12,Central Midfield,Midfield,right,176.0,24.37782340862423,40000000.0
735571,2024,31,950,8,1,1,0,Rodrigo Muniz,2001-05-04,Centre-Forward,Attack,right,186.0,24.15605749486653,20000000.0
739443,2024,8,169,0,0,0,0,Igor Thiago,2001-06-26,Centre-Forward,Attack,right,190.0,24.01095140314853,18000000.0
741238,2024,31,2593,3,2,5,0,Omari Hutchinson,2003-10-30,Attacking Midfield,Midfield,left,174.0,21.66735112936345,22000000.0
742451,2024,10,233,0,1,2,0,Carlos Forbs,2004-03-19,Right Winger,Attack,left,169.0,21.281314168377822,8000000.0
743413,2024,9,527,2,0,0,0,Nico O'Reilly,2005-03-21,Left-Back,Defender,left,193.0,20.27652292950034,18000000.0
743498,2024,16,849,1,0,0,0,Wilson Odobert,2004-11-28,Left Winger,Attack,right,182.0,20.58590006844627,20000000.0
743591,2024,29,1772,1,10,3,0,Savinho,2004-04-10,Left Winger,Attack,left,176.0,21.22108145106092,50000000.0
743597,2024,4,52,1,0,0,0,Matheus França,2004-04-01,Attacking Midfield,Midfield,right,184.0,21.245722108145106,10000000.0
744149,2024,20,1327,0,2,2,0,Adam Wharton,2004-02-06,Defensive Midfield,Midfield,left,182.0,21.39630390143737,45000000.0
745191,2024,19,280,1,0,1,0,Ramón Sosa,1999-08-31,Second Striker,Attack,right,178.0,25.831622176591377,12000000.0
746695,2024,26,1406,1,1,2,0,Kamaldeen Sulemana,2002-02-15,Left Winger,Attack,right,174.0,23.370294318959616,13000000.0
746740,2024,16,105,1,0,1,0,Daniel Jebbison,2003-08-13,Centre-Forward,Attack,right,190.0,21.880903490759753,4000000.0
747009,2024,23,496,1,1,1,0,Justin Devenny,2003-10-11,Attacking Midfield,Midfield,left,184.0,21.71937029431896,6000000.0
748319,2024,16,771,2,3,4,0,Carlos Alcaraz,2002-11-30,Central Midfield,Midfield,right,176.0,22.581793292265573,14000000.0
763079,2024,6,504,0,0,1,0,Abdukodir Khusanov,2004-02-29,Centre-Back,Defender,right,186.0,21.333333333333332,35000000.0
776890,2024,30,2240,10,5,7,1,Nicolas Jackson,2001-06-20,Centre-Forward,Attack,right,187.0,24.027378507871322,50000000.0
777308,2024,1,1,0,0,0,0,Zain Silcott-Duberry,2005-07-09,Left Midfield,Midfield,right,177.0,19.975359342915812,200000.0
796300,2024,1,13,0,0,0,0,Alfie Dorrington,2005-04-20,Centre-Back,Defender,right,192.0,20.194387405886378,500000.0
800176,2024,33,2485,0,0,7,0,André,2001-07-16,Defensive Midfield,Midfield,right,176.0,23.956194387405887,28000000.0
801734,2024,13,913,2,2,2,0,Mathys Tel,2005-04-27,Centre-Forward,Attack,right,183.0,20.175222450376456,35000000.0
805714,2024,7,176,0,0,2,0,Renato Veiga,2003-07-29,Centre-Back,Defender,left,188.0,21.921971252566735,25000000.0
808509,2024,8,276,0,0,0,0,Danilo,2001-04-29,Central Midfield,Midfield,left,177.0,24.16974674880219,28000000.0
811779,2024,36,2196,6,2,3,0,Alejandro Garnacho,2004-07-01,Left Winger,Attack,right,180.0,20.996577686516083,45000000.0
820374,2024,25,1656,0,0,5,0,Kobbie Mainoo,2005-04-19,Central Midfield,Midfield,right,184.0,20.197125256673512,50000000.0
821522,2024,1,1,0,0,0,0,Alfie Pond,2004-02-17,Centre-Back,Defender,right,191.0,21.366187542778917,250000.0
823231,2024,32,2011,7,4,3,0,Dango Ouattara,2002-02-11,Right Winger,Attack,left,177.0,23.381245722108144,28000000.0
823486,2024,12,528,0,1,2,0,Michael Kayode,2004-07-10,Right-Back,Defender,right,179.0,20.971937029431896,18000000.0
845321,2024,1,1,0,0,0,0,Kaelan Casey,2004-10-28,Centre-Back,Defender,right,185.0,20.670773442847366,1000000.0
845809,2024,2,47,0,0,0,0,Lewis Orford,2006-02-18,Central Midfield,Midfield,right,182.0,19.362080766598222,400000.0
848682,2024,5,121,0,0,0,0,Kosta Nedeljkovic,2005-12-16,Right-Back,Defender,right,184.0,19.537303216974674,10000000.0
854721,2024,4,22,0,0,0,0,Ben Winterburn,2004-09-04,Defensive Midfield,Midfield,right,185.0,20.8186173853525,500000.0
855256,2024,20,751,0,0,3,0,Alex Scott,2003-08-21,Central Midfield,Midfield,right,178.0,21.859000684462696,20000000.0
856479,2024,1,90,0,0,0,0,Roman Dixon,2004-12-26,Right-Back,Defender,right,175.0,20.50924024640657,200000.0
862297,2024,5,65,0,0,0,0,Nasser Djiga,2002-11-15,Centre-Back,Defender,right,192.0,22.622861054072555,10000000.0
864121,2024,11,577,0,2,0,0,Abdul Fatawu,2004-03-08,Right Winger,Attack,left,177.0,21.311430527036276,11000000.0
866246,2024,27,1205,0,1,3,0,Lucas Bergvall,2006-02-02,Central Midfield,Midfield,right,187.0,19.405886379192335,38000000.0
866655,2024,33,1874,2,1,6,0,Tyler Dibling,2006-02-17,Right Winger,Attack,left,178.0,19.364818617385353,25000000.0
867688,2024,26,1848,5,3,5,0,Jack Hinshelwood,2005-04-11,Defensive Midfield,Midfield,right,182.0,20.21902806297057,24000000.0
874538,2024,1,3,0,0,0,0,Ryan Trevitt,2003-03-12,Central Midfield,Midfield,right,170.0,22.302532511978097,275000.0
880245,2024,36,2922,2,4,8,0,Mateus Fernandes,2004-07-10,Central Midfield,Midfield,right,180.0,20.971937029431896,15000000.0
890290,2024,32,2422,3,2,10,0,Dean Huijsen,2005-04-14,Centre-Back,Defender,both,197.0,20.210814510609172,60000000.0
890719,2024,26,889,4,2,1,0,Ethan Nwaneri,2007-03-21,Attacking Midfield,Midfield,left,176.0,18.27789185489391,55000000.0
890721,2024,23,1371,1,0,3,2,Myles Lewis-Skelly,2006-09-26,Left-Back,Defender,left,178.0,18.759753593429156,45000000.0
897481,2024,2,28,0,0,0,0,Eric da Silva Moreira,2006-05-03,Right-Back,Defender,right,185.0,19.159479808350444,1000000.0
911424,2024,2,166,0,0,0,0,Tyler Fredricson,2005-02-23,Centre-Back,Defender,right,188.0,20.347707049965777,3000000.0
922563,2024,15,663,0,0,1,0,Oliver Scarles,2005-12-12,Left-Back,Defender,left,180.0,19.548254620123203,8000000.0
922693,2024,28,1744,0,0,1,0,Archie Gray,2006-03-12,Defensive Midfield,Midfield,right,187.0,19.301848049281315,38000000.0
922769,2024,14,304,1,0,0,0,Lewis Miley,2006-05-01,Central Midfield,Midfield,right,189.0,19.16495550992471,22000000.0
923831,2024,21,1164,0,0,5,0,Leny Yoro,2005-11-13,Centre-Back,Defender,right,190.0,19.627652292950035,55000000.0
926952,2024,12,843,0,0,3,1,Patrick Dorgu,2004-10-26,Left Winger,Attack,left,185.0,20.67624914442163,25000000.0
933900,2024,2,26,0,0,1,0,Samuel Amo-Ameyaw,2006-07-18,Right Winger,Attack,left,174.0,18.951403148528406,4000000.0
936842,2024,1,1,0,0,0,0,Michael Golding,2006-05-23,Central Midfield,Midfield,right,180.0,19.104722792607802,2000000.0
936874,2024,8,178,1,1,1,0,Tyrique George,2006-02-04,Left Winger,Attack,right,181.0,19.40041067761807,10000000.0
938158,2024,3,70,0,0,0,0,Marc Guiu,2006-01-04,Centre-Forward,Attack,right,187.0,19.485284052019164,8000000.0
939290,2024,1,10,0,0,0,0,Jayden Danns,2006-01-16,Centre-Forward,Attack,right,183.0,19.45242984257358,800000.0
942497,2024,2,95,0,0,1,0,Jahmai Simpson-Pusey,2005-11-04,Centre-Back,Defender,right,187.0,19.652292950034223,5000000.0
954104,2024,1,4,0,0,0,0,Jayden Meghoma,2006-06-28,Left-Back,Defender,left,176.0,19.006160164271048,500000.0
967319,2024,7,136,1,1,0,0,Romain Esse,2005-05-13,Right Winger,Attack,left,178.0,20.13141683778234,12000000.0
973085,2024,34,2673,3,1,8,0,Carlos Baleba,2004-01-03,Defensive Midfield,Midfield,left,179.0,21.489390828199863,40000000.0
982097,2024,1,1,0,0,0,0,Shumaira Mheuka,2007-10-20,Centre-Forward,Attack,right,185.0,17.694729637234772,800000.0
983989,2024,31,1514,5,2,8,0,Facundo Buonanotte,2004-12-23,Attacking Midfield,Midfield,left,174.0,20.517453798767967,20000000.0
986298,2024,2,12,0,0,0,0,Joachim Kayi Sanda,2006-11-29,Centre-Back,Defender,right,186.0,18.584531143052704,1500000.0
991800,2024,12,139,0,0,0,0,Luís Guilherme,2006-02-09,Right Winger,Attack,left,175.0,19.38672142368241,15000000.0
992686,2024,2,21,0,0,0,0,Martial Godo,2003-03-14,Left Winger,Attack,right,177.0,22.297056810403834,600000.0
994536,2024,1,5,0,0,0,0,Claudio Echeverri,2006-01-02,Attacking Midfield,Midfield,right,170.0,19.49075975359343,18000000.0
996897,2024,16,511,1,1,0,0,Diego Gómez,2003-03-27,Central Midfield,Midfield,right,183.0,22.261464750171115,14000000.0
1004708,2024,4,169,0,0,1,0,Josh Acheampong,2006-05-05,Right-Back,Defender,right,190.0,19.15400410677618,8000000.0
1005575,2024,1,1,0,0,0,0,Vitor Reis,2006-01-12,Centre-Back,Defender,right,186.0,19.463381245722108,30000000.0
1005649,2024,36,3191,2,0,6,0,Murillo,2002-07-04,Centre-Back,Defender,left,180.0,22.989733059548254,55000000.0
1009658,2024,3,9,0,0,0,0,Julio Soler,2005-02-16,Left-Back,Defender,left,175.0,20.366872005475702,8000000.0
1010854,2024,1,7,0,0,0,0,Mathis Amougou,2006-01-18,Central Midfield,Midfield,right,177.0,19.446954140999317,10000000.0
1011131,2024,8,127,0,0,0,0,Josh King,2007-01-03,Attacking Midfield,Midfield,right,173.0,18.48870636550308,1000000.0
1011147,2024,10,361,0,1,0,0,Mikey Moore,2007-08-11,Left Winger,Attack,right,180.0,17.88637919233402,18000000.0
1011738,2024,5,346,0,0,0,0,Harry Amass,2007-03-16,Left-Back,Defender,left,181.0,18.29158110882957,5000000.0
1012534,2024,32,1844,6,4,5,0,Yankuba Minteh,2004-07-22,Right Winger,Attack,left,180.0,20.93908281998631,30000000.0
1042886,2024,7,160,0,0,1,0,Chido Obi,2007-11-29,Centre-Forward,Attack,right,188.0,17.585215605749486,5000000.0
1047256,2024,2,4,0,0,0,0,Asher Agbinone,2005-09-28,Left Winger,Attack,right,178.0,19.753593429158112,75000.0
1047261,2024,2,11,0,0,0,0,Caleb Kporha,2006-07-15,Right-Back,Defender,right,,18.9596167008898,1000000.0
1063329,2024,7,317,0,0,0,0,Andrés García,2003-02-07,Right-Back,Defender,right,185.0,22.392881587953458,7000000.0
1078163,2024,4,171,0,0,1,0,Ayden Heaven,2006-09-22,Centre-Back,Defender,left,189.0,18.770704996577688,5000000.0
1089802,2024,1,1,0,0,0,0,Remy Rees-Dottin,2006-03-06,Centre-Forward,Attack,right,174.0,19.318275154004105,300000.0
1107733,2024,3,47,0,0,1,0,Harrison Armstrong,2007-01-19,Central Midfield,Midfield,right,185.0,18.444900752908968,800000.0
1141628,2024,10,37,0,0,0,0,Yunus Konak,2006-01-10,Defensive Midfield,Midfield,right,181.0,19.468856947296374,4500000.0
1193867,2024,3,70,0,0,0,0,Pedro Lima,2006-07-01,Right-Back,Defender,right,174.0,18.99794661190965,5000000.0
1230661,2024,1,1,0,0,0,0,Mateus Mané,2007-09-16,Attacking Midfield,Midfield,right,175.0,17.78781656399726,200000.0
3333,2025,20,778,1,1,2,0,James Milner,1986-01-04,Central Midfield,Midfield,right,175.0,40.48459958932238,500000.0
16306,2025,34,2589,9,2,9,0,Casemiro,1992-02-23,Defensive Midfield,Midfield,right,185.0,34.34907597535934,6000000.0
51471,2025,6,126,0,1,0,0,Mateo Kovacic,1994-05-06,Central Midfield,Midfield,right,178.0,32.15058179329227,10000000.0
61651,2025,32,1921,1,3,6,0,Jordan Henderson,1990-06-17,Defensive Midfield,Midfield,right,182.0,36.035592060232716,1200000.0
61841,2025,22,1080,0,2,3,0,Adam Smith,1991-04-29,Right-Back,Defender,right,174.0,35.17043121149897,300000.0
63200,2025,7,41,0,0,1,0,Ashley Barnes,1989-10-30,Centre-Forward,Attack,right,185.0,36.6652977412731,150000.0
67063,2025,37,2266,13,1,5,0,Danny Welbeck,1990-11-26,Centre-Forward,Attack,right,185.0,35.592060232717316,3000000.0
68390,2025,5,20,0,0,0,0,Séamus Coleman,1988-10-11,Right-Back,Defender,right,177.0,37.71663244353183,200000.0
72476,2025,38,3420,0,0,3,0,Bernd Leno,1992-03-04,Goalkeeper,Goalkeeper,right,190.0,34.32169746748802,6000000.0
74960,2025,35,3150,0,0,1,0,Martin Dúbravka,1989-01-15,Goalkeeper,Goalkeeper,right,191.0,37.45379876796714,500000.0
75489,2025,8,409,0,0,0,0,Niclas Füllkrug,1993-02-09,Centre-Forward,Attack,right,189.0,33.385352498288846,3500000.0
82873,2025,19,1637,1,3,2,0,Pascal Groß,1991-06-15,Central Midfield,Midfield,right,181.0,35.04175222450377,2500000.0
85177,2025,10,597,0,1,1,0,Nathaniel Clyne,1991-04-05,Right-Back,Defender,right,175.0,35.23613963039014,300000.0
85941,2025,3,270,0,0,0,0,Stefan Ortega,1992-11-06,Goalkeeper,Goalkeeper,right,185.0,33.64544832306639,4000000.0
95424,2025,36,3097,0,2,9,0,Kyle Walker,1990-05-28,Right-Back,Defender,right,183.0,36.09034907597536,1500000.0
95810,2025,21,1592,0,1,3,0,Kieran Trippier,1990-09-19,Right-Back,Defender,right,173.0,35.7782340862423,1500000.0
99397,2025,22,1980,0,0,1,0,Karl Darlow,1990-10-08,Goalkeeper,Goalkeeper,right,190.0,35.72621492128679,200000.0
105470,2025,26,2340,0,0,1,0,Alisson,1992-10-02,Goalkeeper,Goalkeeper,right,193.0,33.74127310061601,15000000.0
108725,2025,15,907,3,0,0,0,Chris Wood,1991-12-07,Centre-Forward,Attack,right,191.0,34.562628336755644,5000000.0
110864,2025,12,1080,0,0,0,0,Sam Johnstone,1993-03-25,Goalkeeper,Goalkeeper,right,193.0,33.26488706365503,2000000.0
111195,2025,24,1050,1,0,5,0,Joël Veltman,1992-01-15,Right-Back,Defender,right,184.0,34.455852156057496,1500000.0
111455,2025,34,2901,1,6,8,0,Granit Xhaka,1992-09-27,Defensive Midfield,Midfield,left,183.0,33.75496235455168,8000000.0
111873,2025,32,2835,0,1,2,0,Emiliano Martínez,1992-09-02,Goalkeeper,Goalkeeper,right,195.0,33.82340862422998,12000000.0
118534,2025,33,2590,3,1,1,0,Michael Keane,1993-01-11,Centre-Back,Defender,right,188.0,33.464750171115675,3000000.0
120629,2025,20,1800,0,1,0,0,Alphonse Areola,1993-02-27,Goalkeeper,Goalkeeper,right,195.0,33.33607118412046,4000000.0
123275,2025,24,765,2,0,3,0,Tom Cairney,1991-01-20,Central Midfield,Midfield,left,185.0,35.441478439425055,500000.0
123682,2025,32,1242,7,1,1,0,Callum Wilson,1992-02-27,Centre-Forward,Attack,right,180.0,34.338124572210816,4000000.0
124884,2025,7,585,0,0,1,0,Marco Bizot,1991-03-10,Goalkeeper,Goalkeeper,right,193.0,35.30732375085558,1500000.0
126664,2025,31,1852,0,6,3,0,Lucas Digne,1993-07-20,Left-Back,Defender,left,178.0,32.94455852156057,6000000.0
126665,2025,25,2102,2,3,1,0,Idrissa Gueye,1989-09-26,Defensive Midfield,Midfield,right,174.0,36.75838466803559,500000.0
127202,2025,31,2667,0,0,2,0,Matz Sels,1992-02-26,Goalkeeper,Goalkeeper,right,188.0,34.340862422997944,3500000.0
130164,2025,38,3420,0,0,4,0,Jordan Pickford,1994-03-07,Goalkeeper,Goalkeeper,left,185.0,32.31485284052019,13000000.0
131978,2025,21,852,3,1,1,0,Ross Barkley,1993-12-05,Central Midfield,Midfield,right,189.0,32.56673511293634,4000000.0
131996,2025,12,639,1,0,1,0,Bertrand Traoré,1995-09-06,Right Winger,Attack,left,181.0,30.8145106091718,4000000.0
134270,2025,29,2199,1,3,9,0,Dan Burn,1992-05-09,Centre-Back,Defender,left,201.0,34.1409993155373,4000000.0
135343,2025,16,1091,0,0,1,0,Fabian Schär,1991-12-20,Centre-Back,Defender,right,186.0,34.52703627652293,4000000.0
136401,2025,3,270,0,0,0,0,Daniel Bentley,1993-07-13,Goalkeeper,Goalkeeper,,193.0,32.9637234770705,800000.0
139208,2025,38,3420,6,0,4,0,Virgil van Dijk,1991-07-08,Centre-Back,Defender,right,195.0,34.978781656399725,15000000.0
144028,2025,31,2008,6,6,2,0,Leandro Trossard,1994-12-04,Left Winger,Attack,right,172.0,31.57015742642026,18000000.0
146310,2025,8,170,0,1,1,0,Wataru Endo,1993-02-09,Defensive Midfield,Midfield,right,178.0,33.385352498288846,4000000.0
148153,2025,33,2837,1,0,10,0,Lewis Dunk,1991-11-21,Centre-Back,Defender,right,192.0,34.60643394934976,3500000.0
148367,2025,7,101,0,0,0,0,Christian Nørgaard,1994-03-10,Defensive Midfield,Midfield,right,187.0,32.3066392881588,5000000.0
148455,2025,27,2150,7,7,1,0,Mohamed Salah,1992-06-15,Right Winger,Attack,left,175.0,34.039698836413415,22000000.0
171679,2025,11,792,0,0,4,0,Matt Doherty,1992-01-16,Right-Back,Defender,right,185.0,34.45311430527036,1000000.0
173504,2025,37,3330,2,3,8,0,James Tarkowski,1992-11-19,Centre-Back,Defender,right,185.0,33.609856262833674,5000000.0
177476,2025,18,688,0,0,1,0,Nathan Aké,1995-02-18,Centre-Back,Defender,left,180.0,31.362080766598222,12000000.0
177907,2025,23,1655,1,2,3,0,Harry Maguire,1993-03-05,Centre-Back,Defender,right,194.0,33.319644079397676,8000000.0
181380,2025,3,127,0,0,1,0,Arthur Masuaku,1993-11-07,Left-Back,Defender,left,179.0,32.643394934976044,2000000.0
181579,2025,18,1097,0,1,1,0,James Ward-Prowse,1994-11-01,Central Midfield,Midfield,right,177.0,31.66050650239562,5000000.0
183288,2025,38,3233,1,1,9,0,Luke Shaw,1995-07-12,Left-Back,Defender,left,178.0,30.967830253251197,8000000.0
183318,2025,2,19,0,0,0,0,Jamaal Lascelles,1993-11-11,Centre-Back,Defender,right,188.0,32.63244353182751,2000000.0
184528,2025,1,45,0,0,0,0,Emil Krafth,1994-08-02,Right-Back,Defender,right,184.0,31.90965092402464,750000.0
184573,2025,17,944,0,1,0,0,Victor Lindelöf,1994-07-17,Centre-Back,Defender,right,187.0,31.953456536618756,5000000.0
186590,2025,9,439,0,0,0,0,John Stones,1994-05-28,Centre-Back,Defender,right,188.0,32.09034907597536,12000000.0
188077,2025,26,986,2,0,3,0,Ryan Christie,1995-02-22,Central Midfield,Midfield,left,178.0,31.351129363449694,8000000.0
192080,2025,27,2417,0,0,2,0,Nick Pope,1992-04-19,Goalkeeper,Goalkeeper,right,198.0,34.195756331279945,5000000.0
192279,2025,1,90,0,0,0,0,Kepa Arrizabalaga,1994-10-03,Goalkeeper,Goalkeeper,right,188.0,31.73990417522245,5000000.0
192765,2025,3,138,1,0,1,0,Ben Davies,1993-04-24,Centre-Back,Defender,left,181.0,33.18275154004107,3000000.0
193116,2025,30,2158,5,5,5,0,John McGinn,1994-10-18,Central Midfield,Midfield,left,178.0,31.698836413415467,13000000.0
199527,2025,33,1620,3,2,2,0,Jacob Murphy,1995-02-24,Right Winger,Attack,right,179.0,31.345653661875428,12000000.0
201574,2025,1,45,0,0,0,0,Angus Gunn,1996-01-22,Goalkeeper,Goalkeeper,right,196.0,30.43668720054757,1000000.0
203460,2025,20,1632,2,6,2,0,Jack Grealish,1995-09-10,Left Winger,Attack,right,180.0,30.803559206023273,20000000.0
203853,2025,5,353,0,0,0,0,Oleksandr Zinchenko,1996-12-15,Left-Back,Defender,left,175.0,29.53867214236824,8000000.0
204103,2025,24,377,0,0,1,0,Adama Traoré,1996-01-25,Right Winger,Attack,right,178.0,30.428473648186174,6000000.0
206040,2025,36,2199,9,3,5,0,Raúl Jiménez,1991-05-05,Centre-Forward,Attack,right,188.0,35.15400410677618,3000000.0
206746,2025,22,1795,1,0,2,0,Kenny Tete,1995-10-09,Right-Back,Defender,right,180.0,30.72416153319644,8000000.0
207014,2025,31,1568,0,0,7,0,Will Hughes,1995-04-17,Central Midfield,Midfield,left,185.0,31.20328542094456,5000000.0
209212,2025,4,38,0,0,0,0,Solly March,1994-07-20,Right Winger,Attack,left,180.0,31.94524298425736,1000000.0
225452,2025,1,27,0,0,0,0,Patrick Roberts,1997-02-05,Right Winger,Attack,left,167.0,29.39630390143737,3200000.0
226049,2025,3,212,0,0,0,0,Freddie Woodman,1997-03-04,Goalkeeper,Goalkeeper,right,188.0,29.322381930184804,3000000.0
226973,2025,7,89,1,0,0,0,Harrison Reed,1995-01-27,Central Midfield,Midfield,right,181.0,31.422313483915126,2000000.0
234803,2025,24,1172,1,0,0,0,Andrew Robertson,1994-03-11,Left-Back,Defender,left,178.0,32.303901437371664,7000000.0
236490,2025,18,1590,0,0,3,0,Ola Aina,1996-10-08,Right-Back,Defender,right,184.0,29.724845995893222,18000000.0
236953,2025,2,8,0,0,0,0,Sam Byram,1993-09-16,Left-Back,Defender,right,183.0,32.785763175906915,400000.0
240306,2025,35,3068,9,21,5,0,Bruno Fernandes,1994-09-08,Attacking Midfield,Midfield,right,183.0,31.808350444900753,35000000.0
240692,2025,25,1969,0,2,7,0,Reinildo Mandava,1994-01-21,Left-Back,Defender,left,180.0,32.43805612594114,4000000.0
241641,2025,38,2888,2,4,9,0,Bernardo Silva,1994-08-10,Attacking Midfield,Midfield,left,173.0,31.887748117727583,22000000.0
242606,2025,18,1520,2,2,2,0,Josh Cullen,1996-04-07,Central Midfield,Midfield,right,175.0,30.22861054072553,4000000.0
242631,2025,29,2436,4,3,3,0,Alex Iwobi,1996-05-03,Left Winger,Attack,right,183.0,30.157426420260094,20000000.0
245056,2025,26,1734,1,3,9,0,Saša Lukić,1996-08-13,Central Midfield,Midfield,right,182.0,29.87816563997262,10000000.0
249089,2025,18,872,0,1,1,0,Lewis Cook,1997-02-03,Central Midfield,Midfield,right,175.0,29.401779603011637,11000000.0
249565,2025,25,1863,0,4,0,0,Youri Tielemans,1997-05-07,Central Midfield,Midfield,right,176.0,29.14715947980835,30000000.0
249994,2025,23,2070,0,0,2,0,José Sá,1993-01-17,Goalkeeper,Goalkeeper,right,192.0,33.44832306639288,3500000.0
250426,2025,14,1147,2,2,3,0,Adam Armstrong,1997-02-10,Centre-Forward,Attack,right,173.0,29.38261464750171,6000000.0
251106,2025,23,214,1,0,1,0,Enes Ünal,1997-05-10,Centre-Forward,Attack,right,187.0,29.138945927446954,7000000.0
253677,2025,17,1323,0,1,1,0,Tyrone Mings,1993-03-13,Centre-Back,Defender,left,196.0,33.29774127310061,3000000.0
256178,2025,21,600,0,2,4,0,Joe Gomez,1997-05-23,Centre-Back,Defender,right,188.0,29.10335386721424,13000000.0
257455,2025,33,2198,5,2,8,0,João Palhinha,1995-07-09,Defensive Midfield,Midfield,right,190.0,30.976043805612594,15000000.0
258004,2025,26,2140,2,0,3,0,Rúben Dias,1997-05-14,Centre-Back,Defender,right,187.0,29.127994524298426,55000000.0
258878,2025,16,789,0,0,2,0,Tosin Adarabioyo,1997-09-24,Centre-Back,Defender,right,197.0,28.763860369609855,16000000.0
258889,2025,15,1001,3,0,1,0,Dominic Solanke,1997-09-14,Centre-Forward,Attack,right,186.0,28.791238877481177,28000000.0
258919,2025,37,3330,0,0,5,0,Dean Henderson,1997-03-12,Goalkeeper,Goalkeeper,right,188.0,29.300479123887747,28000000.0
260827,2025,33,2877,0,1,7,0,Joachim Andersen,1996-05-31,Centre-Back,Defender,right,192.0,30.080766598220396,20000000.0
262226,2025,30,1842,0,0,4,0,Timothy Castagne,1995-12-05,Right-Back,Defender,right,185.0,30.56810403832991,8000000.0
262749,2025,37,3330,0,0,1,0,David Raya,1995-09-15,Goalkeeper,Goalkeeper,right,186.0,30.78986995208761,30000000.0
262980,2025,31,1724,0,4,7,0,Jefferson Lerma,1994-10-25,Defensive Midfield,Midfield,right,180.0,31.679671457905545,6000000.0
263236,2025,24,1491,0,0,8,0,Kevin Danso,1998-09-19,Centre-Back,Defender,right,190.0,27.7782340862423,20000000.0
270171,2025,25,1437,1,4,8,0,Vitaly Janelt,1998-05-10,Defensive Midfield,Midfield,left,184.0,28.139630390143736,16000000.0
272622,2025,13,814,1,0,2,0,Issa Diop,1997-01-09,Centre-Back,Defender,right,194.0,29.470225872689937,8000000.0
277033,2025,31,1199,1,3,7,0,David Brooks,1997-07-08,Right Winger,Attack,left,173.0,28.97741273100616,12000000.0
279455,2025,36,2694,10,7,7,0,Harry Wilson,1997-03-22,Right Winger,Attack,left,173.0,29.27310061601643,25000000.0
282939,2025,12,564,0,1,1,0,Luke O'Nien,1994-11-21,Centre-Back,Defender,right,174.0,31.60574948665298,700000.0
283628,2025,35,2199,5,0,3,0,Tomáš Souček,1995-02-27,Defensive Midfield,Midfield,right,192.0,31.33744010951403,10000000.0
284857,2025,34,2710,1,4,8,0,Marc Cucurella,1998-07-22,Left-Back,Defender,left,173.0,27.939767282683093,50000000.0
286047,2025,31,2790,0,0,1,0,Guglielmo Vicario,1996-10-07,Goalkeeper,Goalkeeper,right,194.0,29.727583846680357,18000000.0
292246,2025,26,1455,2,2,5,0,Hee-chan Hwang,1996-01-26,Centre-Forward,Attack,right,177.0,30.425735797399042,6000000.0
293194,2025,7,99,0,0,1,0,Borna Sosa,1998-01-21,Left-Back,Defender,left,187.0,28.438056125941138,3000000.0
293281,2025,28,1023,0,1,0,0,Jacob Bruun Larsen,1998-09-19,Left Winger,Attack,right,183.0,27.7782340862423,4000000.0
294057,2025,3,34,0,0,0,0,James Maddison,1996-11-23,Attacking Midfield,Midfield,right,175.0,29.598904859685145,20000000.0
295313,2025,17,481,4,2,2,0,Taiwo Awoniyi,1997-08-12,Centre-Forward,Attack,right,183.0,28.88158795345654,8000000.0
296802,2025,1,90,0,0,0,0,Walter Benítez,1993-01-19,Goalkeeper,Goalkeeper,right,191.0,33.44284736481862,4000000.0
297212,2025,35,2954,2,0,3,0,Joe Rodon,1997-10-22,Centre-Back,Defender,right,193.0,28.687200547570157,18000000.0
306024,2025,35,2730,14,1,3,0,Dominic Calvert-Lewin,1997-03-16,Centre-Forward,Attack,right,189.0,29.28952772073922,22000000.0
309400,2025,12,583,2,3,1,0,Kai Havertz,1999-06-11,Centre-Forward,Attack,left,193.0,27.052703627652292,55000000.0
314241,2025,33,1759,1,0,7,0,Josh Laurent,1995-05-06,Central Midfield,Midfield,right,188.0,31.15126625598905,1500000.0
314288,2025,31,1073,6,1,0,0,Lukas Nmecha,1998-12-14,Centre-Forward,Attack,right,185.0,27.54277891854894,10000000.0
314367,2025,23,1065,1,3,0,0,Marcus Edwards,1998-12-03,Right Winger,Attack,left,168.0,27.572895277207394,6000000.0
314875,2025,38,3409,9,11,4,0,Jarrod Bowen,1996-12-20,Right Winger,Attack,left,176.0,29.52498288843258,30000000.0
315858,2025,34,3060,0,0,7,0,Gianluigi Donnarumma,1999-02-25,Goalkeeper,Goalkeeper,right,196.0,27.342915811088297,45000000.0
316264,2025,24,1371,1,7,0,0,Martin Ødegaard,1998-12-17,Attacking Midfield,Midfield,left,178.0,27.534565366187543,65000000.0
318508,2025,12,800,0,1,2,0,Olivier Boscagli,1997-11-18,Centre-Back,Defender,left,181.0,28.61327857631759,15000000.0
319301,2025,19,553,0,0,0,0,Daniel James,1997-11-10,Right Winger,Attack,right,171.0,28.635181382614647,10000000.0
319859,2025,36,2252,3,1,3,0,Mathias Jensen,1996-01-01,Central Midfield,Midfield,right,180.0,30.494182067077343,10000000.0
321247,2025,36,1760,6,2,6,0,Emiliano Buendía,1996-12-25,Left Winger,Attack,right,172.0,29.51129363449692,16000000.0
324358,2025,37,2854,16,3,4,0,Ollie Watkins,1995-12-30,Centre-Forward,Attack,right,180.0,30.49965776865161,25000000.0
325443,2025,36,2231,14,1,5,0,Viktor Gyökeres,1998-06-04,Centre-Forward,Attack,right,189.0,28.071184120465436,65000000.0
326029,2025,21,645,4,1,0,0,Donyell Malen,1999-01-19,Centre-Forward,Attack,right,178.0,27.444216290212182,45000000.0
326031,2025,13,1170,1,0,0,0,Matthijs de Ligt,1999-08-12,Centre-Back,Defender,right,189.0,26.882956878850102,30000000.0
328658,2025,27,1809,0,1,4,0,Kristoffer Ajer,1998-04-17,Centre-Back,Defender,right,198.0,28.202600958247775,18000000.0
330659,2025,20,953,2,0,5,0,Justin Kluivert,1999-05-05,Attacking Midfield,Midfield,both,173.0,27.15400410677618,25000000.0
331726,2025,12,277,2,0,0,0,Tammy Abraham,1997-10-02,Centre-Forward,Attack,right,194.0,28.7419575633128,18000000.0
332705,2025,25,1779,2,2,8,0,Tyler Adams,1999-02-14,Defensive Midfield,Midfield,right,175.0,27.37303216974675,25000000.0
333014,2025,35,2911,0,1,5,0,Sander Berge,1998-02-14,Defensive Midfield,Midfield,right,195.0,28.372347707049965,25000000.0
333241,2025,27,1956,2,1,10,0,Joelinton,1996-08-14,Central Midfield,Midfield,right,186.0,29.87542778918549,25000000.0
335721,2025,12,704,0,1,0,0,Ben White,1997-10-08,Right-Back,Defender,right,186.0,28.725530458590008,30000000.0
336077,2025,6,540,0,0,0,0,Altay Bayındır,1998-04-14,Goalkeeper,Goalkeeper,right,198.0,28.210814510609172,5000000.0
338424,2025,22,1027,4,3,1,0,Mikel Merino,1996-06-22,Central Midfield,Midfield,left,188.0,30.02053388090349,25000000.0
338629,2025,12,433,0,0,1,0,Sebastiaan Bornauw,1999-03-22,Centre-Back,Defender,right,191.0,27.274469541409992,8000000.0
339340,2025,3,15,0,0,0,0,Tyrell Malacia,1999-08-17,Left-Back,Defender,left,169.0,26.869267624914443,4000000.0
339556,2025,25,1329,0,0,2,0,Rico Henry,1997-07-08,Left-Back,Defender,left,170.0,28.97741273100616,13000000.0
340321,2025,2,2,0,0,0,0,Josh Dasilva,1998-10-23,Central Midfield,Midfield,left,184.0,27.685147159479808,1500000.0
340324,2025,12,416,2,0,2,0,Eddie Nketiah,1999-05-30,Centre-Forward,Attack,right,175.0,27.085557837097877,10000000.0
340325,2025,10,118,0,1,0,0,Reiss Nelson,1999-12-10,Left Winger,Attack,right,175.0,26.55441478439425,8000000.0
340329,2025,24,980,0,2,3,0,Joe Willock,1999-08-20,Central Midfield,Midfield,right,186.0,26.861054072553046,14000000.0
340456,2025,20,984,0,0,3,0,Noussair Mazraoui,1997-11-14,Right-Back,Defender,right,183.0,28.62422997946612,18000000.0
340918,2025,37,3330,0,0,1,0,Caoimhín Kelleher,1998-11-23,Goalkeeper,Goalkeeper,right,188.0,27.600273785078713,28000000.0
341051,2025,23,1380,1,0,2,0,Kyle Walker-Peters,1997-04-13,Right-Back,Defender,right,173.0,29.21286789869952,12000000.0
341092,2025,26,318,2,1,3,0,Federico Chiesa,1997-10-25,Right Winger,Attack,right,175.0,28.67898699520876,13000000.0
342046,2025,14,1202,1,0,1,0,Axel Tuanzebe,1997-11-14,Centre-Back,Defender,right,188.0,28.62422997946612,5000000.0
342385,2025,6,177,0,0,1,0,Guido Rodríguez,1994-04-12,Defensive Midfield,Midfield,right,185.0,32.21629021218344,4000000.0
344069,2025,29,2378,5,3,3,0,Anton Stach,1998-11-15,Defensive Midfield,Midfield,right,194.0,27.62217659137577,28000000.0
344152,2025,1,2,0,0,0,0,Odsonne Édouard,1998-01-16,Centre-Forward,Attack,right,187.0,28.451745379876797,12000000.0
345911,2025,28,2361,2,1,3,0,Ladislav Krejci,1999-04-20,Centre-Back,Defender,left,191.0,27.195071868583163,22000000.0
346314,2025,34,2782,3,0,3,0,Trevoh Chalobah,1999-07-05,Centre-Back,Defender,right,192.0,26.986995208761122,40000000.0
346483,2025,23,1017,3,0,2,0,Mason Mount,1999-01-10,Attacking Midfield,Midfield,right,181.0,27.468856947296374,25000000.0
346707,2025,23,1006,2,2,2,0,Sean Longstaff,1997-10-30,Central Midfield,Midfield,right,187.0,28.6652977412731,15000000.0
346890,2025,28,1569,8,1,3,0,Noah Okafor,2000-05-24,Left Winger,Attack,right,185.0,26.099931553730322,25000000.0
348026,2025,32,2787,3,4,5,0,Nordi Mukiele,1997-11-01,Right-Back,Defender,right,187.0,28.659822039698838,16000000.0
349066,2025,14,702,3,1,0,0,Alexander Isak,1999-09-21,Centre-Forward,Attack,right,190.0,26.77344284736482,85000000.0
349701,2025,22,1492,1,0,5,0,Antonee Robinson,1997-08-08,Left-Back,Defender,left,183.0,28.892539356605067,22000000.0
352041,2025,16,1440,0,0,2,0,Lucas Perri,1997-12-10,Goalkeeper,Goalkeeper,right,197.0,28.553045859000683,10000000.0
353032,2025,33,2802,1,1,6,0,Omar Alderete,1996-12-26,Centre-Back,Defender,left,190.0,29.508555783709788,13000000.0
354362,2025,26,1892,1,1,7,0,Rodrigo Bentancur,1997-06-25,Defensive Midfield,Midfield,right,187.0,29.013004791238878,20000000.0
355915,2025,23,1873,4,1,9,0,Cristian Romero,1998-04-27,Centre-Back,Defender,right,185.0,28.175222450376456,45000000.0
356141,2025,28,1909,0,1,3,0,Daichi Kamada,1996-08-05,Attacking Midfield,Midfield,right,180.0,29.900068446269678,10000000.0
357119,2025,36,3100,1,0,7,0,Ibrahima Konaté,1999-05-25,Centre-Back,Defender,right,194.0,27.09924709103354,45000000.0
357147,2025,34,2616,1,3,5,0,Diogo Dalot,1999-03-18,Right-Back,Defender,right,184.0,27.28542094455852,30000000.0
357162,2025,31,2114,0,2,6,0,Florentino,1999-08-19,Defensive Midfield,Midfield,right,184.0,26.863791923340177,16000000.0
357565,2025,21,1514,1,0,3,0,Rodri,1996-06-22,Defensive Midfield,Midfield,right,190.0,30.02053388090349,50000000.0
357662,2025,36,3099,4,7,3,0,Declan Rice,1999-01-14,Central Midfield,Midfield,right,188.0,27.457905544147845,120000000.0
361093,2025,25,1839,1,1,2,0,Sven Botman,2000-01-12,Centre-Back,Defender,left,193.0,26.46406570841889,35000000.0
361914,2025,2,180,0,0,0,0,Nayef Aguerd,1996-03-30,Centre-Back,Defender,left,190.0,30.250513347022586,15000000.0
362108,2025,32,2639,0,0,4,0,Gabriel Gudmundsson,1999-04-29,Left-Back,Defender,left,181.0,27.170431211498972,20000000.0
363205,2025,14,421,3,0,3,0,Gabriel Jesus,1997-04-03,Centre-Forward,Attack,right,175.0,29.240246406570844,17000000.0
365108,2025,24,1176,1,1,1,0,Dan Ndoye,2000-10-25,Right Winger,Attack,right,184.0,25.678302532511978,32000000.0
369316,2025,37,3134,1,0,6,0,Ferdi Kadıoğlu,1999-10-07,Left-Back,Defender,right,174.0,26.729637234770706,35000000.0
369567,2025,1,14,0,0,0,0,Sasa Kalajdzic,1997-07-07,Centre-Forward,Attack,right,200.0,28.980150581793293,4000000.0
369962,2025,16,246,0,0,0,0,Joël Piroe,1999-08-02,Centre-Forward,Attack,left,185.0,26.910335386721425,10000000.0
371851,2025,25,1893,1,2,4,0,Jaka Bijol,1999-02-05,Centre-Back,Defender,right,190.0,27.397672826830938,20000000.0
375885,2025,28,2080,2,2,5,0,Ibrahim Sangaré,1997-12-02,Defensive Midfield,Midfield,right,191.0,28.57494866529774,20000000.0
378710,2025,32,1960,11,4,4,0,Richarlison,1997-05-10,Centre-Forward,Attack,right,184.0,29.138945927446954,25000000.0
380350,2025,4,103,0,0,0,0,Igor Julio,1998-02-07,Centre-Back,Defender,left,188.0,28.39151266255989,10000000.0
381753,2025,23,1324,0,3,3,0,Ilia Gruev,2000-05-06,Defensive Midfield,Midfield,left,185.0,26.1492128678987,12000000.0
381963,2025,6,37,0,0,0,0,Mike Tresor,1999-05-28,Attacking Midfield,Midfield,right,172.0,27.091033538672143,2000000.0
386047,2025,14,1255,0,0,1,0,Axel Disasi,1998-03-11,Centre-Back,Defender,right,191.0,28.303901437371664,15000000.0
387626,2025,13,452,0,1,1,0,Leon Bailey,1997-08-09,Right Winger,Attack,left,178.0,28.889801505817932,14000000.0
388165,2025,19,521,1,1,3,0,Yoane Wissa,1996-09-03,Centre-Forward,Attack,right,176.0,29.82067077344285,25000000.0
391065,2025,1,16,0,1,0,0,Hamed Traoré,2000-02-16,Left Winger,Attack,right,177.0,26.368240930869266,15000000.0
392179,2025,19,1540,0,0,0,0,Hjalmar Ekdal,1998-10-21,Centre-Back,Defender,right,187.0,27.690622861054074,5000000.0
392757,2025,35,3150,3,4,6,0,Marc Guéhi,2000-07-13,Centre-Back,Defender,right,182.0,25.963039014373717,70000000.0
392765,2025,37,1928,3,0,1,0,Emile Smith Rowe,2000-07-28,Attacking Midfield,Midfield,right,182.0,25.921971252566735,20000000.0
392768,2025,30,1848,3,4,0,0,Callum Hudson-Odoi,2000-11-07,Left Winger,Attack,right,178.0,25.642710472279262,30000000.0
392770,2025,12,465,0,0,1,0,Angel Gomes,2000-08-31,Attacking Midfield,Midfield,right,168.0,25.828884325804243,10000000.0
392771,2025,35,3123,1,1,10,0,Ethan Ampadu,2000-09-14,Defensive Midfield,Midfield,right,182.0,25.790554414784395,30000000.0
392775,2025,27,1822,3,3,0,0,Ryan Sessegnon,2000-05-18,Left-Back,Defender,left,178.0,26.116358658453116,22000000.0
393323,2025,37,2470,4,5,3,0,Brenden Aaronson,2000-10-22,Attacking Midfield,Midfield,right,177.0,25.686516084873375,22000000.0
394327,2025,18,1418,1,3,5,0,Boubacar Kamara,1999-11-23,Defensive Midfield,Midfield,right,184.0,26.600958247775495,40000000.0
397033,2025,35,2545,0,2,4,0,Sandro Tonali,2000-05-08,Defensive Midfield,Midfield,right,181.0,26.143737166324435,80000000.0
398065,2025,37,1961,7,1,1,0,Harvey Barnes,1997-12-09,Left Winger,Attack,right,182.0,28.555783709787818,32000000.0
399434,2025,34,2743,7,4,6,0,Marcus Tavernier,1999-03-22,Attacking Midfield,Midfield,left,178.0,27.274469541409992,25000000.0
399776,2025,21,1676,0,0,1,0,Pau Torres,1997-01-16,Centre-Back,Defender,left,192.0,29.451060917180012,20000000.0
400536,2025,18,1620,0,1,0,0,Mads Hermansen,2000-07-11,Goalkeeper,Goalkeeper,right,187.0,25.968514715947983,15000000.0
401173,2025,23,873,0,2,0,0,Jadon Sancho,2000-03-25,Left Winger,Attack,right,180.0,26.26420260095825,18000000.0
401922,2025,23,1074,3,4,0,0,Samuel Chukwueze,1999-05-22,Right Winger,Attack,left,172.0,27.107460643394933,18000000.0
403151,2025,35,3041,0,1,3,0,Robert Sánchez,1997-11-18,Goalkeeper,Goalkeeper,right,197.0,28.61327857631759,22000000.0
404842,2025,33,2961,0,1,6,0,Vitaliy Mykolenko,1999-05-29,Left-Back,Defender,left,180.0,27.08829568788501,25000000.0
406634,2025,6,203,1,0,0,0,Matt O'Riley,2000-11-21,Central Midfield,Midfield,left,189.0,25.60438056125941,18000000.0
406635,2025,33,2085,7,5,4,0,Phil Foden,2000-05-28,Attacking Midfield,Midfield,left,171.0,26.088980150581794,70000000.0
410225,2025,28,2177,9,1,2,0,Ismaïla Sarr,1998-02-25,Right Winger,Attack,right,185.0,28.34223134839151,40000000.0
410425,2025,11,605,0,0,4,0,Yves Bissouma,1996-08-30,Defensive Midfield,Midfield,right,182.0,29.831622176591377,10000000.0
410708,2025,34,2937,0,1,5,0,Pascal Struijk,1999-08-11,Centre-Back,Defender,left,190.0,26.885694729637233,22000000.0
411537,2025,29,1776,11,0,5,0,Zian Flemming,1998-08-01,Centre-Forward,Attack,right,185.0,27.912388774811774,12000000.0
413039,2025,33,2625,11,3,4,0,Bryan Mbeumo,1999-08-07,Right Winger,Attack,left,171.0,26.89664613278576,75000000.0
413220,2025,29,1896,2,1,4,0,James Justin,1998-02-23,Right-Back,Defender,both,183.0,28.347707049965777,12000000.0
413403,2025,34,3036,0,0,0,0,Ezri Konsa,1997-10-23,Centre-Back,Defender,right,180.0,28.684462696783026,40000000.0
413507,2025,38,3375,0,0,6,0,Nikola Milenković,1997-10-12,Centre-Back,Defender,right,195.0,28.71457905544148,28000000.0
414908,2025,13,874,1,1,2,0,Marshall Munetsi,1996-06-22,Central Midfield,Midfield,right,188.0,30.02053388090349,15000000.0
415381,2025,26,1908,2,3,8,0,Mats Wieffer,1999-11-16,Right-Back,Defender,right,189.0,26.62012320328542,25000000.0
415912,2025,31,2532,3,0,2,0,Konstantinos Mavropanos,1997-12-11,Centre-Back,Defender,right,194.0,28.550308008213552,18000000.0
415970,2025,11,497,0,0,0,0,Joe Worrall,1997-01-10,Centre-Back,Defender,right,190.0,29.467488021902806,2000000.0
417346,2025,11,263,0,0,0,0,Jack Harrison,1996-11-20,Left Winger,Attack,left,175.0,29.607118412046542,6500000.0
418560,2025,35,2959,27,8,2,0,Erling Haaland,2000-07-21,Centre-Forward,Attack,left,195.0,25.94113620807666,200000000.0
420002,2025,32,2223,12,0,2,0,Jean-Philippe Mateta,1997-06-28,Centre-Forward,Attack,right,192.0,29.00479123887748,30000000.0
420210,2025,28,1685,0,0,2,0,Lutsharel Geertruida,2000-07-18,Right-Back,Defender,right,184.0,25.949349760438057,20000000.0
420243,2025,30,2457,3,6,5,0,Jurriën Timber,2001-06-17,Right-Back,Defender,right,179.0,25.034907597535934,70000000.0
421637,2025,6,88,0,1,0,0,Frank Onyeka,1998-01-01,Central Midfield,Midfield,right,183.0,28.49281314168378,8000000.0
423440,2025,38,3002,5,1,4,0,Martín Zubimendi,1999-02-02,Defensive Midfield,Midfield,right,181.0,27.405886379192335,75000000.0
424015,2025,7,240,0,0,0,0,Nathan Patterson,2001-10-16,Right-Back,Defender,right,183.0,24.70362765229295,10000000.0
425334,2025,35,3022,3,3,9,0,Matty Cash,1997-08-07,Right-Back,Defender,right,185.0,28.895277207392198,22000000.0
425902,2025,22,603,0,2,3,0,Ryan Yates,1997-11-21,Central Midfield,Midfield,right,190.0,28.605065023956193,7000000.0
427568,2025,12,1003,0,0,2,0,Aaron Ramsdale,1998-05-14,Goalkeeper,Goalkeeper,right,190.0,28.128678986995208,12000000.0
429014,2025,37,3113,15,4,1,0,Morgan Gibbs-White,2000-01-27,Attacking Midfield,Midfield,right,171.0,26.42299794661191,70000000.0
429915,2025,30,1414,2,3,2,0,Maxim De Cuyper,2000-12-22,Left-Back,Defender,left,182.0,25.519507186858316,22000000.0
429983,2025,36,2315,4,1,4,0,Jørgen Strand Larsen,2000-02-06,Centre-Forward,Attack,right,193.0,26.39561943874059,40000000.0
430310,2025,7,157,0,0,0,0,Andrew Irving,2000-05-13,Central Midfield,Midfield,left,190.0,26.130047912388775,4500000.0
432164,2025,37,2315,6,4,2,0,Igor Jesus,2001-02-25,Centre-Forward,Attack,right,179.0,25.34154688569473,25000000.0
432914,2025,5,438,0,0,1,0,John Victor,1996-02-13,Goalkeeper,Goalkeeper,right,197.0,30.376454483230663,5000000.0
433177,2025,31,2226,7,7,2,0,Bukayo Saka,2001-09-05,Right Winger,Attack,left,178.0,24.815879534565365,110000000.0
433188,2025,34,1930,1,2,2,0,Curtis Jones,2001-01-30,Central Midfield,Midfield,right,185.0,25.412731006160165,35000000.0
434224,2025,35,3087,1,2,4,0,Maxence Lacroix,2000-04-06,Centre-Back,Defender,right,190.0,26.23134839151266,50000000.0
434675,2025,36,2749,7,5,3,0,Cody Gakpo,1999-05-07,Left Winger,Attack,right,193.0,27.148528405201915,60000000.0
435338,2025,32,2751,3,4,4,0,Gabriel,1997-12-19,Centre-Back,Defender,left,190.0,28.528405201916495,75000000.0
435648,2025,24,609,2,1,3,0,Joshua Zirkzee,2001-05-22,Centre-Forward,Attack,right,193.0,25.10609171800137,20000000.0
438001,2025,29,2553,3,2,4,0,Santiago Bueno,1998-11-09,Centre-Back,Defender,right,191.0,27.638603696098563,10000000.0
442248,2025,4,321,0,0,1,0,Ethan Pinnock,1993-05-29,Centre-Back,Defender,left,194.0,33.086926762491444,3000000.0
444523,2025,18,1522,4,1,5,0,Lucas Paquetá,1997-08-27,Attacking Midfield,Midfield,left,183.0,28.840520191649556,32000000.0
445939,2025,21,699,3,3,3,0,Omar Marmoush,1999-02-07,Centre-Forward,Attack,right,183.0,27.392197125256672,50000000.0
447661,2025,21,922,1,0,3,0,Douglas Luiz,1998-05-09,Central Midfield,Midfield,right,177.0,28.142368240930868,18000000.0
450050,2025,26,1250,1,1,5,0,Jean-Ricner Bellegarde,1998-06-27,Central Midfield,Midfield,right,170.0,28.008213552361397,16000000.0
451276,2025,36,3233,6,7,8,0,Dominik Szoboszlai,2000-10-25,Attacking Midfield,Midfield,right,187.0,25.678302532511978,100000000.0
455661,2025,33,1914,8,3,0,0,Nick Woltemade,2002-02-14,Centre-Forward,Attack,right,198.0,24.372347707049965,55000000.0
460939,2025,28,1636,5,2,2,0,Tijjani Reijnders,1998-07-29,Central Midfield,Midfield,right,178.0,27.920602327173167,50000000.0
461883,2025,30,2532,1,1,5,0,Calvin Bassey,1999-12-31,Centre-Back,Defender,left,185.0,26.496919917864478,28000000.0
463603,2025,8,471,0,0,2,0,Benoît Badiashile,2001-03-26,Centre-Back,Defender,left,194.0,25.2621492128679,15000000.0
463605,2025,18,1275,0,0,1,0,Bafodé Diakité,2001-01-06,Centre-Back,Defender,right,184.0,25.478439425051334,25000000.0
465555,2025,38,3420,0,0,3,0,Djordje Petrovic,1999-10-08,Goalkeeper,Goalkeeper,right,194.0,26.72689938398357,28000000.0
465717,2025,34,2805,1,4,6,0,Jayden Bogle,2000-07-27,Right-Back,Defender,right,178.0,25.924709103353866,15000000.0
466805,2025,25,1567,1,0,6,0,Nico González,2002-01-03,Defensive Midfield,Midfield,right,188.0,24.487337440109513,40000000.0
467623,2025,26,1372,3,2,4,0,Lyle Foster,2000-09-03,Centre-Forward,Attack,right,185.0,25.82067077344285,8000000.0
469050,2025,35,2972,1,2,7,0,Nathan Collins,2001-04-30,Centre-Back,Defender,right,193.0,25.166324435318277,30000000.0
469781,2025,37,3290,0,5,8,0,Marcos Senesi,1997-05-10,Centre-Back,Defender,left,184.0,29.138945927446954,25000000.0
470607,2025,34,1723,2,1,6,0,Brennan Johnson,2001-05-23,Right Winger,Attack,right,186.0,25.10335386721424,30000000.0
472423,2025,29,1960,2,5,4,0,Reece James,1999-12-08,Right-Back,Defender,right,180.0,26.559890485968516,60000000.0
473050,2025,35,2758,8,4,6,0,Kevin Schade,2001-11-27,Left Winger,Attack,right,185.0,24.588637919233403,35000000.0
473169,2025,31,1934,7,1,6,0,Brian Brobbey,2002-02-01,Centre-Forward,Attack,right,181.0,24.407939767282684,30000000.0
474701,2025,31,2484,5,4,6,0,Crysencio Summerville,2001-10-30,Left Winger,Attack,right,172.0,24.6652977412731,35000000.0
475188,2025,31,2638,8,6,6,0,Kiernan Dewsbury-Hall,1998-09-06,Central Midfield,Midfield,left,176.0,27.813826146475016,35000000.0
475411,2025,25,1726,0,1,5,0,Wesley Fofana,2000-12-17,Centre-Back,Defender,right,188.0,25.533196440793976,28000000.0
475959,2025,18,1374,2,2,2,0,Josko Gvardiol,2002-01-23,Centre-Back,Defender,left,185.0,24.432580424366872,70000000.0
476701,2025,22,881,0,0,1,0,Manuel Ugarte,2001-04-11,Defensive Midfield,Midfield,right,182.0,25.218343600273784,25000000.0
477758,2025,25,2084,0,3,4,0,Aaron Wan-Bissaka,1997-11-26,Right-Back,Defender,right,183.0,28.591375770020534,15000000.0
478573,2025,36,2996,5,3,5,0,Ryan Gravenberch,2002-05-16,Defensive Midfield,Midfield,right,190.0,24.123203285420946,80000000.0
479999,2025,33,1900,7,2,1,0,Eberechi Eze,1998-06-29,Attacking Midfield,Midfield,right,178.0,28.00273785078713,65000000.0
480762,2025,18,1231,0,0,0,0,Lisandro Martínez,1998-01-18,Centre-Back,Defender,left,175.0,28.44626967830253,40000000.0
483348,2025,30,2056,0,0,4,0,Djed Spence,2000-08-09,Left-Back,Defender,right,184.0,25.88911704312115,30000000.0
484547,2025,21,1040,0,2,1,0,Jeremie Frimpong,2000-12-10,Right-Back,Defender,right,172.0,25.5523613963039,35000000.0
485583,2025,8,428,0,0,0,0,Ki-Jana Hoever,2002-01-18,Right-Back,Defender,right,183.0,24.44626967830253,3500000.0
485585,2025,30,1599,0,2,2,0,Ian Maatsen,2002-03-10,Left-Back,Defender,left,178.0,24.306639288158795,30000000.0
485706,2025,25,1764,2,0,3,0,Amadou Onana,2001-08-16,Defensive Midfield,Midfield,right,195.0,24.870636550308006,45000000.0
486049,2025,30,1786,5,7,0,0,Jérémy Doku,2002-05-27,Left Winger,Attack,right,173.0,24.093086926762492,75000000.0
487465,2025,34,2643,5,6,2,0,Pedro Neto,2000-03-09,Right Winger,Attack,left,174.0,26.308008213552363,60000000.0
487969,2025,30,1669,1,1,3,0,Randal Kolo Muani,1998-12-05,Centre-Forward,Attack,right,187.0,27.567419575633128,20000000.0
488362,2025,16,1191,1,1,2,0,Conor Gallagher,2000-02-06,Central Midfield,Midfield,right,182.0,26.39561943874059,32000000.0
488935,2025,1,90,0,0,0,0,Hákon Valdimarsson,2001-10-13,Goalkeeper,Goalkeeper,right,195.0,24.711841204654345,2500000.0
489359,2025,28,1318,2,0,1,0,Ao Tanaka,1998-09-10,Central Midfield,Midfield,right,180.0,27.802874743326488,13000000.0
493003,2025,29,2404,4,3,7,0,Daniel Muñoz,1996-05-26,Right-Back,Defender,right,180.0,30.094455852156056,22000000.0
494237,2025,32,1159,6,0,2,0,Wilson Isidor,2000-08-27,Centre-Forward,Attack,right,184.0,25.83983572895277,18000000.0
494880,2025,15,938,0,0,6,0,Jorge Cuenca,1999-11-17,Centre-Back,Defender,left,190.0,26.61738535249829,8000000.0
495666,2025,31,2615,1,0,2,0,William Saliba,2001-03-24,Centre-Back,Defender,right,192.0,25.267624914442163,100000000.0
497291,2025,27,1177,1,1,3,0,Nicolás Domínguez,1998-06-28,Central Midfield,Midfield,right,179.0,28.005475701574266,15000000.0
500689,2025,21,916,1,1,0,0,Evann Guessand,2001-07-01,Right Winger,Attack,right,188.0,24.996577686516083,25000000.0
502676,2025,10,868,0,0,0,0,Giorgi Mamardashvili,2000-09-29,Goalkeeper,Goalkeeper,left,197.0,25.749486652977414,28000000.0
502821,2025,26,1708,1,2,5,0,Riccardo Calafiori,2002-05-19,Left-Back,Defender,left,188.0,24.11498973305955,55000000.0
503680,2025,37,3206,2,3,6,0,Neco Williams,2001-04-13,Left-Back,Defender,right,183.0,25.21286789869952,28000000.0
503686,2025,29,2148,2,2,4,0,Dan Ballard,1999-09-22,Centre-Back,Defender,right,187.0,26.770704996577688,20000000.0
503733,2025,26,1814,6,2,3,0,Anthony Gordon,2001-02-24,Left Winger,Attack,right,183.0,25.34428473648186,65000000.0
503743,2025,37,3285,10,7,7,0,Morgan Rogers,2002-07-26,Attacking Midfield,Midfield,right,187.0,23.928815879534564,90000000.0
503749,2025,28,1445,2,3,3,0,Jacob Ramsey,2001-05-28,Central Midfield,Midfield,right,180.0,25.089664613278575,35000000.0
503883,2025,32,2880,0,0,0,0,Senne Lammens,2002-07-07,Goalkeeper,Goalkeeper,right,193.0,23.980835044490075,35000000.0
503981,2025,17,1328,0,1,1,0,Tino Livramento,2002-11-12,Right-Back,Defender,right,182.0,23.630390143737166,45000000.0
503987,2025,26,1217,3,1,0,0,Noni Madueke,2002-03-10,Right Winger,Attack,left,182.0,24.306639288158795,50000000.0
504849,2025,25,1722,3,1,5,0,Kaoru Mitoma,1997-05-20,Left Winger,Attack,right,178.0,29.111567419575632,22000000.0
505219,2025,38,3414,2,7,12,0,James Garner,2001-03-13,Defensive Midfield,Midfield,right,182.0,25.297741273100616,45000000.0
514285,2025,21,1830,0,5,1,0,Quilindschy Hartman,2001-11-14,Left-Back,Defender,left,183.0,24.62422997946612,16000000.0
515544,2025,38,3039,2,1,9,0,Trai Hume,2002-03-18,Right-Back,Defender,right,180.0,24.28473648186174,22000000.0
517894,2025,33,2503,10,4,4,0,Matheus Cunha,1999-05-27,Centre-Forward,Attack,right,183.0,27.093771389459274,75000000.0
520624,2025,29,2460,9,6,6,0,Bruno Guimarães,1997-11-16,Central Midfield,Midfield,right,182.0,28.618754277891856,70000000.0
521964,2025,35,2964,4,0,4,0,Malick Thiaw,2001-08-08,Centre-Back,Defender,right,194.0,24.892539356605067,45000000.0
522784,2025,18,1396,6,0,6,0,Taty Castellanos,1998-10-03,Centre-Forward,Attack,right,178.0,27.73990417522245,28000000.0
524285,2025,7,355,0,0,0,0,Luca Netz,2003-05-15,Left-Back,Defender,left,184.0,23.12662559890486,8000000.0
525247,2025,21,1558,0,0,4,0,Maximilian Kilman,1997-05-23,Centre-Back,Defender,left,194.0,29.10335386721424,13000000.0
532776,2025,31,1082,3,2,2,0,Amine Adli,2000-05-10,Left Winger,Attack,left,180.0,26.138261464750173,20000000.0
534033,2025,37,2663,2,4,7,0,Alexis Mac Allister,1998-12-24,Central Midfield,Midfield,right,176.0,27.515400410677618,70000000.0
536835,2025,32,2346,2,4,2,0,Amad Diallo,2002-07-11,Right Winger,Attack,left,173.0,23.969883641341546,45000000.0
538977,2025,32,1791,3,4,2,0,Georginio Rutter,2002-04-20,Centre-Forward,Attack,left,182.0,24.194387405886378,30000000.0
540664,2025,14,552,0,2,1,0,Dilane Bakwa,2002-08-26,Right Winger,Attack,left,180.0,23.84394250513347,28000000.0
540941,2025,33,2058,4,4,0,0,Mikkel Damsgaard,2000-07-03,Attacking Midfield,Midfield,right,180.0,25.99041752224504,30000000.0
541231,2025,32,2761,0,2,2,0,Sepp van den Berg,2001-12-20,Centre-Back,Defender,right,192.0,24.525667351129364,32000000.0
541628,2025,7,165,1,0,0,0,Oliver Sonne,2000-11-10,Right-Back,Defender,right,184.0,25.634496919917865,4000000.0
543499,2025,19,1546,2,6,3,0,Mohammed Kudus,2000-08-02,Right Winger,Attack,left,177.0,25.908281998631075,50000000.0
548729,2025,4,69,0,0,0,0,Zeki Amdouni,2000-12-04,Centre-Forward,Attack,right,183.0,25.568788501026695,7000000.0
553875,2025,34,2798,1,2,10,0,Pedro Porro,1999-09-13,Right-Back,Defender,right,173.0,26.795345653661876,35000000.0
556385,2025,20,1342,0,1,4,0,Destiny Udogie,2002-11-28,Left-Back,Defender,left,188.0,23.586584531143053,30000000.0
557459,2025,35,3043,4,1,9,0,Micky van de Ven,2001-04-19,Centre-Back,Defender,left,193.0,25.196440793976727,50000000.0
559263,2025,6,100,1,0,0,0,Fábio Carvalho,2002-08-30,Attacking Midfield,Midfield,right,170.0,23.83299110198494,8000000.0
565093,2025,38,3420,0,0,3,0,Bart Verbruggen,2002-08-18,Goalkeeper,Goalkeeper,right,193.0,23.865845311430526,40000000.0
565822,2025,5,110,0,0,0,0,Harvey Elliott,2003-04-04,Attacking Midfield,Midfield,left,170.0,23.238877481177276,20000000.0
566799,2025,4,360,0,0,0,0,James Trafford,2002-10-10,Goalkeeper,Goalkeeper,right,192.0,23.720739219712527,25000000.0
566931,2025,28,1757,2,5,5,0,Xavi Simons,2003-04-21,Attacking Midfield,Midfield,right,179.0,23.19233401779603,40000000.0
567576,2025,38,3335,4,4,8,0,Elliot Anderson,2002-11-06,Central Midfield,Midfield,right,179.0,23.64681724845996,75000000.0
568006,2025,8,320,0,0,2,0,Dennis Cirkin,2002-04-06,Left-Back,Defender,left,182.0,24.23271731690623,6000000.0
568157,2025,34,2092,2,2,4,0,Yéremy Pino,2002-10-20,Right Winger,Attack,right,174.0,23.693360711841205,30000000.0
568177,2025,26,1965,10,1,5,0,Cole Palmer,2002-05-06,Attacking Midfield,Midfield,left,185.0,24.150581793292265,100000000.0
568559,2025,10,516,0,0,0,0,Radu Drăgușin,2002-02-03,Centre-Back,Defender,right,191.0,24.40246406570842,16000000.0
568693,2025,26,1389,2,4,3,0,Pape Matar Sarr,2002-09-14,Central Midfield,Midfield,right,185.0,23.79192334017796,30000000.0
571743,2025,24,849,1,1,0,0,Armando Broja,2001-09-10,Centre-Forward,Attack,right,191.0,24.802190280629706,5000000.0
572265,2025,4,127,1,0,0,0,Lorenzo Lucca,2000-09-10,Centre-Forward,Attack,right,201.0,25.801505817932924,20000000.0
576314,2025,36,3211,3,3,9,0,Jan Paul van Hecke,2000-06-08,Centre-Back,Defender,right,189.0,26.05886379192334,45000000.0
578391,2025,17,976,0,2,2,0,Rayan Aït-Nouri,2001-06-06,Left-Back,Defender,left,180.0,25.065023956194388,40000000.0
578539,2025,33,2826,1,0,4,0,Chris Richards,2000-03-28,Centre-Back,Defender,right,189.0,26.255989048596852,28000000.0
583189,2025,32,1313,0,1,0,0,Anthony Elanga,2002-04-27,Right Winger,Attack,right,178.0,24.175222450376456,32000000.0
583199,2025,14,289,0,1,1,0,James McAtee,2002-10-18,Attacking Midfield,Midfield,left,180.0,23.698836413415467,18000000.0
583255,2025,37,3205,17,4,7,0,Antoine Semenyo,2000-01-07,Right Winger,Attack,right,185.0,26.477754962354553,80000000.0
584769,2025,22,1169,0,1,1,0,Dwight McNeil,1999-11-22,Left Winger,Attack,left,183.0,26.60369609856263,18000000.0
585323,2025,5,378,0,0,0,0,Filip Jørgensen,2002-04-16,Goalkeeper,Goalkeeper,right,192.0,24.205338809034906,15000000.0
585959,2025,9,88,0,0,0,0,Arnaud Kalimuendo,2002-01-20,Centre-Forward,Attack,right,178.0,24.44079397672827,25000000.0
587002,2025,1,1,0,0,0,0,Myles Peart-Harris,2002-09-18,Attacking Midfield,Midfield,right,187.0,23.78097193702943,900000.0
588989,2025,23,1124,1,0,1,0,Jhon Arias,1997-09-21,Right Winger,Attack,right,168.0,28.772073921971252,15000000.0
591949,2025,21,686,0,0,1,0,Aaron Hickey,2002-06-10,Right-Back,Defender,both,185.0,24.05475701574264,16000000.0
595809,2025,37,1565,9,1,3,0,Beto,1998-01-31,Centre-Forward,Attack,right,194.0,28.410677618069816,18000000.0
598577,2025,33,2390,5,4,1,0,Florian Wirtz,2003-05-03,Attacking Midfield,Midfield,right,177.0,23.159479808350444,100000000.0
601883,2025,34,2865,1,7,5,0,Matheus Nunes,1998-08-27,Right-Back,Defender,right,183.0,27.84120465434634,50000000.0
605184,2025,23,1819,0,1,5,0,Jean-Clair Todibo,1999-12-30,Centre-Back,Defender,right,190.0,26.49965776865161,22000000.0
605426,2025,3,270,0,0,0,0,Melker Ellborg,2003-05-22,Goalkeeper,Goalkeeper,right,191.0,23.107460643394933,3000000.0
606718,2025,19,1427,0,0,2,0,Toti,1999-01-16,Centre-Back,Defender,left,187.0,27.45242984257358,18000000.0
607223,2025,33,1786,4,12,1,0,Rayan Cherki,2003-08-17,Attacking Midfield,Midfield,both,177.0,22.869267624914443,90000000.0
607224,2025,27,1231,1,4,10,0,Hannibal,2003-01-21,Attacking Midfield,Midfield,right,177.0,23.43874058863792,15000000.0
607226,2025,29,1270,2,1,2,0,Loum Tchaouna,2003-09-08,Right Winger,Attack,left,180.0,22.809034907597535,13000000.0
608832,2025,16,678,1,0,0,0,Merlin Röhl,2002-07-05,Attacking Midfield,Midfield,right,192.0,23.98631074606434,16000000.0
609556,2025,24,811,7,0,0,0,William Osula,2003-08-04,Centre-Forward,Attack,right,191.0,22.90485968514716,28000000.0
610849,2025,28,1101,1,1,4,0,Liam Delap,2003-02-08,Centre-Forward,Attack,right,186.0,23.38945927446954,28000000.0
611793,2025,29,2104,0,3,5,0,James Hill,2002-01-10,Centre-Back,Defender,right,184.0,24.468172484599588,23000000.0
612517,2025,20,1578,0,2,6,0,Bashir Humphreys,2003-03-15,Centre-Back,Defender,left,186.0,23.293634496919918,12000000.0
614258,2025,3,225,0,0,0,0,Levi Colwill,2003-02-26,Centre-Back,Defender,left,187.0,23.340177960301162,50000000.0
617755,2025,2,134,0,0,0,0,Jenson Seelt,2003-05-23,Centre-Back,Defender,right,195.0,23.104722792607802,5000000.0
620322,2025,34,2268,2,3,3,0,Malo Gusto,2003-05-19,Right-Back,Defender,right,178.0,23.11567419575633,35000000.0
623570,2025,32,2789,6,3,2,0,Iliman Ndiaye,2000-03-06,Right Winger,Attack,right,180.0,26.316221765913756,55000000.0
624258,2025,15,933,0,2,5,0,Conor Bradley,2003-07-09,Right-Back,Defender,right,181.0,22.976043805612594,25000000.0
626724,2025,35,2674,15,8,5,0,João Pedro,2001-09-26,Centre-Forward,Attack,right,186.0,24.758384668035593,80000000.0
627442,2025,30,1637,11,1,2,0,Benjamin Sesko,2003-05-31,Centre-Forward,Attack,right,195.0,23.082819986310746,75000000.0
627626,2025,23,524,0,3,3,0,Wilfried Gnonto,2003-11-05,Right Winger,Attack,right,170.0,22.650239561943874,16000000.0
628451,2025,12,377,0,0,0,0,Roméo Lavia,2004-01-06,Defensive Midfield,Midfield,right,181.0,22.480492813141684,22000000.0
633992,2025,36,2936,5,6,5,0,Enzo Le Fée,2000-02-03,Central Midfield,Midfield,right,173.0,26.403832991101986,28000000.0
644401,2025,36,1970,3,3,1,0,Keane Lewis-Potter,2001-02-22,Left Midfield,Midfield,right,170.0,25.349760438056126,25000000.0
645686,2025,28,1048,0,0,5,0,Lamare Bogarde,2004-01-05,Defensive Midfield,Midfield,right,185.0,22.483230663928815,18000000.0
646750,2025,20,989,0,0,4,0,Cristhian Mosquera,2004-06-27,Centre-Back,Defender,right,191.0,22.00684462696783,40000000.0
646991,2025,35,3150,0,0,4,0,Robin Roefs,2003-01-17,Goalkeeper,Goalkeeper,left,193.0,23.449691991786448,28000000.0
648195,2025,36,3121,10,4,10,0,Enzo Fernández,2001-01-17,Central Midfield,Midfield,right,178.0,25.44832306639288,90000000.0
654539,2025,38,3380,1,5,5,0,Adrien Truffert,2001-11-20,Left-Back,Defender,left,176.0,24.607802874743328,30000000.0
655488,2025,30,1073,1,4,3,0,Gabriel Martinelli,2001-06-18,Left Winger,Attack,right,178.0,25.032169746748803,45000000.0
658536,2025,14,658,1,1,2,0,Simon Adingra,2002-01-01,Left Winger,Attack,right,175.0,24.49281314168378,22000000.0
659813,2025,25,1792,1,2,2,0,Piero Hincapié,2002-01-09,Centre-Back,Defender,left,183.0,24.470910335386723,50000000.0
660860,2025,5,194,0,0,2,0,Diego Coppola,2003-12-28,Centre-Back,Defender,right,193.0,22.50513347022587,18000000.0
661053,2025,10,681,1,1,1,0,Jarrad Branthwaite,2002-06-27,Centre-Back,Defender,left,195.0,24.008213552361397,40000000.0
661207,2025,23,1037,0,1,1,0,Oscar Bobb,2003-07-12,Right Winger,Attack,left,177.0,22.967830253251197,28000000.0
661427,2025,22,1048,0,2,1,0,David Møller Wolfe,2002-04-23,Left-Back,Defender,left,185.0,24.186173853524984,8000000.0
663244,2025,1,11,0,0,0,0,Jota Silva,1999-08-01,Left Winger,Attack,right,179.0,26.913073237508556,10000000.0
667121,2025,22,958,3,0,0,0,Rodrigo Gomes,2003-07-07,Left Midfield,Midfield,right,175.0,22.981519507186857,15000000.0
667287,2025,29,1925,3,3,1,0,Yasin Ayari,2003-10-06,Central Midfield,Midfield,right,172.0,22.732375085557837,35000000.0
670717,2025,3,26,0,0,2,0,Dário Essugo,2005-03-14,Defensive Midfield,Midfield,right,178.0,21.295003422313485,15000000.0
670858,2025,30,2180,1,1,5,0,Lewis Hall,2004-09-08,Left-Back,Defender,left,179.0,21.806981519507186,40000000.0
670882,2025,16,490,0,2,0,0,Jamie Gittens,2004-08-08,Left Winger,Attack,right,178.0,21.89185489390828,30000000.0
670883,2025,2,7,0,0,0,0,Dane Scarlett,2004-03-24,Centre-Forward,Attack,right,180.0,22.26694045174538,1500000.0
673492,2025,21,1341,1,0,5,0,Morato,2001-06-30,Centre-Back,Defender,left,192.0,24.999315537303218,14000000.0
683571,2025,33,1408,3,1,1,0,Tolu Arokodare,2000-11-23,Centre-Forward,Attack,right,197.0,25.598904859685145,20000000.0
683620,2025,1,45,0,0,0,0,Antoni Milambo,2005-04-03,Attacking Midfield,Midfield,right,179.0,21.240246406570844,15000000.0
683895,2025,14,1101,0,0,1,0,Emmanuel Agbadou,1997-06-17,Centre-Back,Defender,right,185.0,29.034907597535934,16000000.0
684210,2025,37,2735,8,4,4,0,Jaidon Anthony,1999-12-01,Left Winger,Attack,right,183.0,26.579055441478438,20000000.0
687626,2025,33,2802,3,1,11,0,Moisés Caicedo,2001-11-02,Defensive Midfield,Midfield,right,178.0,24.657084188911703,100000000.0
689637,2025,9,554,0,1,2,0,Chadi Riad,2003-06-17,Centre-Back,Defender,left,186.0,23.0362765229295,15000000.0
696181,2025,14,401,0,0,1,0,Romaine Mundle,2003-04-24,Left Winger,Attack,right,172.0,23.184120465434635,7000000.0
696589,2025,29,1486,0,3,9,0,Tim Iroegbunam,2003-06-30,Central Midfield,Midfield,right,183.0,23.000684462696782,18000000.0
697280,2025,1,8,0,0,0,0,George Earthy,2004-09-05,Attacking Midfield,Midfield,right,180.0,21.815195071868583,1000000.0
698164,2025,22,1167,0,1,1,0,Freddie Potts,2003-09-12,Defensive Midfield,Midfield,right,183.0,22.798083504449007,10000000.0
698678,2025,35,2366,1,2,3,0,Hugo Bueno,2002-09-18,Left-Back,Defender,left,180.0,23.78097193702943,12000000.0
700106,2025,18,716,1,1,2,0,Brajan Gruda,2004-05-31,Attacking Midfield,Midfield,left,178.0,22.080766598220396,28000000.0
701057,2025,11,402,0,1,2,0,Rico Lewis,2004-11-21,Right-Back,Defender,right,170.0,21.60438056125941,28000000.0
706889,2025,1,9,0,0,0,0,Jaydon Banel,2004-10-19,Left Winger,Attack,right,173.0,21.694729637234772,1000000.0
708072,2025,14,1026,2,0,2,0,Nicolò Savona,2003-03-19,Right-Back,Defender,right,192.0,23.28268309377139,15000000.0
709726,2025,28,1811,11,4,0,0,Hugo Ekitiké,2002-06-20,Centre-Forward,Attack,right,190.0,24.027378507871322,80000000.0
711337,2025,36,2762,6,3,2,0,Evanilson,1999-10-06,Centre-Forward,Attack,both,183.0,26.732375085557837,35000000.0
711544,2025,37,3124,1,1,6,0,Jake O'Brien,2001-05-15,Right-Back,Defender,right,197.0,25.125256673511295,18000000.0
711999,2025,35,2351,3,2,1,0,Lesley Ugochukwu,2004-03-26,Defensive Midfield,Midfield,right,190.0,22.261464750171115,22000000.0
716276,2025,27,2143,0,0,12,0,Yerson Mosquera,2001-05-02,Centre-Back,Defender,right,188.0,25.16084873374401,12000000.0
717411,2025,37,2667,1,2,7,0,Yegor Yarmolyuk,2004-03-01,Central Midfield,Midfield,right,180.0,22.32991101984942,32000000.0
719673,2025,8,105,0,1,0,0,Ben Gannon-Doak,2005-11-11,Right Winger,Attack,right,173.0,20.632443531827516,15000000.0
724783,2025,2,25,0,0,0,0,Tawanda Chirewa,2003-10-12,Attacking Midfield,Midfield,right,181.0,22.715947980835043,450000.0
725912,2025,7,630,0,0,0,0,Antonín Kinský,2003-03-13,Goalkeeper,Goalkeeper,right,190.0,23.299110198494184,15000000.0
727089,2025,33,2896,0,1,9,0,Noah Sadiki,2004-12-17,Central Midfield,Midfield,right,165.0,21.533196440793976,35000000.0
730861,2025,34,2261,2,1,4,0,Milos Kerkez,2003-11-07,Left-Back,Defender,left,180.0,22.64476386036961,35000000.0
730893,2025,38,3255,1,2,6,0,Tyrick Mitchell,1999-09-01,Left-Back,Defender,left,181.0,26.82819986310746,25000000.0
735570,2025,35,2835,1,1,10,0,João Gomes,2001-02-12,Central Midfield,Midfield,right,176.0,25.377138945927445,40000000.0
735571,2025,21,997,1,1,2,0,Rodrigo Muniz,2001-05-04,Centre-Forward,Attack,right,186.0,25.155373032169745,20000000.0
739443,2025,38,3287,22,1,7,0,Igor Thiago,2001-06-26,Centre-Forward,Attack,right,190.0,25.010266940451746,65000000.0
741238,2025,31,1684,1,7,1,0,Omari Hutchinson,2003-10-30,Attacking Midfield,Midfield,left,174.0,22.666666666666668,30000000.0
741257,2025,31,2327,1,0,10,0,Álex Jiménez,2005-05-08,Right-Back,Defender,right,177.0,21.144421629021217,22000000.0
743384,2025,28,1564,4,2,0,0,Chemsdine Talbi,2005-05-09,Right Winger,Attack,right,175.0,21.141683778234086,25000000.0
743413,2025,34,2649,5,3,5,0,Nico O'Reilly,2005-03-21,Left-Back,Defender,left,193.0,21.27583846680356,70000000.0
743498,2025,24,981,0,2,0,0,Wilson Odobert,2004-11-28,Left Winger,Attack,right,182.0,21.585215605749486,18000000.0
743591,2025,24,821,1,2,2,0,Savinho,2004-04-10,Left Winger,Attack,left,176.0,22.220396988364133,35000000.0
743600,2025,27,1255,1,0,4,0,Andrey Santos,2004-05-03,Central Midfield,Midfield,right,180.0,22.157426420260094,40000000.0
744149,2025,34,2563,1,5,4,0,Adam Wharton,2004-02-06,Defensive Midfield,Midfield,left,182.0,22.39561943874059,70000000.0
745181,2025,22,979,1,0,4,0,Soungoutou Magassa,2003-10-08,Defensive Midfield,Midfield,right,190.0,22.72689938398357,17000000.0
747009,2025,21,789,1,0,0,0,Justin Devenny,2003-10-11,Attacking Midfield,Midfield,left,184.0,22.718685831622178,12000000.0
748319,2025,20,685,0,1,4,0,Carlos Alcaraz,2002-11-30,Central Midfield,Midfield,right,176.0,23.581108829568787,15000000.0
763079,2025,21,1429,0,0,2,0,Abdukodir Khusanov,2004-02-29,Centre-Back,Defender,right,186.0,22.33264887063655,50000000.0
800176,2025,35,2766,1,0,12,0,André,2001-07-16,Defensive Midfield,Midfield,right,176.0,24.955509924709105,25000000.0
801734,2025,31,1342,4,1,1,0,Mathys Tel,2005-04-27,Centre-Forward,Attack,right,183.0,21.17453798767967,22000000.0
811779,2025,24,1268,1,4,2,0,Alejandro Garnacho,2004-07-01,Left Winger,Attack,right,180.0,21.9958932238193,28000000.0
817665,2025,14,828,0,1,0,0,Pablo,2004-01-02,Centre-Forward,Attack,right,184.0,22.491444216290212,18000000.0
820374,2025,28,1654,1,2,2,0,Kobbie Mainoo,2005-04-19,Central Midfield,Midfield,right,184.0,21.196440793976727,70000000.0
823231,2025,32,2282,7,8,5,0,Dango Ouattara,2002-02-11,Right Winger,Attack,left,177.0,24.380561259411362,35000000.0
823486,2025,37,3264,1,1,8,0,Michael Kayode,2004-07-10,Right-Back,Defender,right,179.0,21.971252566735114,40000000.0
829299,2025,3,270,0,0,0,0,Max Weiß,2004-06-15,Goalkeeper,Goalkeeper,right,190.0,22.039698836413415,4000000.0
842341,2025,34,2938,0,0,1,0,Maxime Estève,2002-05-26,Centre-Back,Defender,left,193.0,24.095824777549623,28000000.0
843595,2025,2,135,0,0,0,0,Max Alleyne,2005-07-21,Centre-Back,Defender,both,185.0,20.941820670773442,8000000.0
848509,2025,31,1837,0,1,3,0,Jackson Tchatchoua,2001-09-14,Right-Back,Defender,right,180.0,24.791238877481177,12000000.0
854721,2025,1,6,0,0,0,0,Ben Winterburn,2004-09-04,Defensive Midfield,Midfield,right,185.0,21.817932922655714,450000.0
855256,2025,37,2860,3,1,5,0,Alex Scott,2003-08-21,Central Midfield,Midfield,right,178.0,22.858316221765914,50000000.0
860078,2025,1,3,0,0,0,0,Kaden Rodney,2004-10-07,Defensive Midfield,Midfield,right,189.0,21.727583846680357,200000.0
866246,2025,23,967,1,3,2,0,Lucas Bergvall,2006-02-02,Central Midfield,Midfield,right,187.0,20.40520191649555,35000000.0
866655,2025,14,350,0,0,2,0,Tyler Dibling,2006-02-17,Right Winger,Attack,left,178.0,20.36413415468857,17000000.0
867688,2025,27,1751,4,4,0,0,Jack Hinshelwood,2005-04-11,Defensive Midfield,Midfield,right,182.0,21.218343600273784,28000000.0
876631,2025,20,1409,2,3,6,0,Habib Diarra,2004-01-03,Central Midfield,Midfield,right,178.0,22.48870636550308,35000000.0
880245,2025,36,3026,3,4,6,0,Mateus Fernandes,2004-07-10,Central Midfield,Midfield,right,180.0,21.971252566735114,50000000.0
890719,2025,6,165,0,0,0,0,Ethan Nwaneri,2007-03-21,Attacking Midfield,Midfield,left,176.0,19.277207392197127,35000000.0
890721,2025,20,698,0,0,3,0,Myles Lewis-Skelly,2006-09-26,Left-Back,Defender,left,178.0,19.759069130732374,45000000.0
900195,2025,26,1038,1,2,1,0,Kevin,2003-01-04,Left Winger,Attack,right,176.0,23.485284052019164,25000000.0
900601,2025,2,7,0,0,0,0,Alex Murphy,2004-06-25,Left-Back,Defender,left,188.0,22.012320328542096,1500000.0
903611,2025,8,406,0,0,1,0,Nilson Angulo,2003-06-19,Left Winger,Attack,right,184.0,23.030800821355236,17000000.0
904802,2025,22,1143,0,0,7,0,Jorrel Hato,2006-03-07,Left-Back,Defender,left,182.0,20.314852840520192,40000000.0
910905,2025,3,101,0,0,0,0,Mamadou Sarr,2005-08-29,Centre-Back,Defender,right,194.0,20.83504449007529,22000000.0
911424,2025,1,2,0,0,0,0,Tyler Fredricson,2005-02-23,Centre-Back,Defender,right,188.0,21.347022587268995,3000000.0
922563,2025,13,660,0,1,2,0,Oliver Scarles,2005-12-12,Left-Back,Defender,left,180.0,20.54757015742642,10000000.0
922693,2025,24,1480,2,2,5,0,Archie Gray,2006-03-12,Defensive Midfield,Midfield,right,187.0,20.301163586584533,35000000.0
922769,2025,23,1494,1,4,0,0,Lewis Miley,2006-05-01,Central Midfield,Midfield,right,189.0,20.164271047227928,25000000.0
923831,2025,32,1739,0,2,1,0,Leny Yoro,2005-11-13,Centre-Back,Defender,right,190.0,20.62696783025325,50000000.0
926952,2025,26,1445,4,4,5,0,Patrick Dorgu,2004-10-26,Left Winger,Attack,left,185.0,21.675564681724847,35000000.0
927768,2025,20,1406,0,0,1,0,Lucas Pires,2001-03-24,Left-Back,Defender,left,182.0,25.267624914442163,4000000.0
933017,2025,3,166,0,0,0,0,Zach Abbott,2006-05-13,Centre-Back,Defender,right,180.0,20.13141683778234,4000000.0
933018,2025,6,56,0,0,1,0,Tom Watson,2006-04-08,Left Winger,Attack,right,190.0,20.227241615331966,7000000.0
936874,2025,15,353,0,0,2,0,Tyrique George,2006-02-04,Left Winger,Attack,right,181.0,20.399726214921287,20000000.0
937941,2025,38,1915,8,0,3,0,Thierno Barry,2002-10-21,Centre-Forward,Attack,right,195.0,23.690622861054074,30000000.0
938158,2025,10,266,0,1,1,0,Marc Guiu,2006-01-04,Centre-Forward,Attack,right,187.0,20.484599589322382,12000000.0
947411,2025,18,766,1,1,1,0,Chris Rigg,2007-06-18,Attacking Midfield,Midfield,left,177.0,19.033538672142367,25000000.0
950091,2025,9,132,1,1,0,0,Stefanos Tzimas,2006-01-06,Centre-Forward,Attack,both,186.0,20.479123887748116,18000000.0
953135,2025,2,58,0,0,0,0,Callum Marshall,2004-11-28,Centre-Forward,Attack,left,172.0,21.585215605749486,2000000.0
954105,2025,1,8,0,0,0,0,Jamaldeen Jimoh-Aloba,2006-10-02,Attacking Midfield,Midfield,right,188.0,19.742642026009584,300000.0
955357,2025,33,1683,13,0,5,0,Junior Kroupi,2006-06-23,Centre-Forward,Attack,right,179.0,20.019164955509925,70000000.0
967319,2025,4,40,0,0,0,0,Romain Esse,2005-05-13,Right Winger,Attack,left,178.0,21.130732375085557,10000000.0
967346,2025,20,756,2,0,0,0,Eliezer Mayenda,2005-05-08,Centre-Forward,Attack,left,183.0,21.144421629021217,16000000.0
973085,2025,31,1662,0,0,5,0,Carlos Baleba,2004-01-03,Defensive Midfield,Midfield,left,179.0,22.48870636550308,55000000.0
978668,2025,1,1,0,0,0,0,Joe Knight,2005-09-21,Central Midfield,Midfield,,,20.772073921971252,100000.0
982097,2025,1,1,0,0,0,0,Shumaira Mheuka,2007-10-20,Centre-Forward,Attack,right,185.0,18.694045174537987,800000.0
983989,2025,4,81,0,0,1,0,Facundo Buonanotte,2004-12-23,Attacking Midfield,Midfield,left,174.0,21.516769336071185,12000000.0
984096,2025,9,516,0,0,0,0,Jair Cunha,2005-03-07,Centre-Back,Defender,both,198.0,21.31416837782341,15000000.0
985546,2025,1,14,0,0,0,0,Callum Olusesi,2007-03-11,Central Midfield,Midfield,right,187.0,19.304585900068446,500000.0
989112,2025,7,367,0,0,0,0,Veljko Milosavljevic,2007-06-28,Centre-Back,Defender,right,192.0,19.006160164271048,20000000.0
991800,2025,5,121,0,0,0,0,Luís Guilherme,2006-02-09,Right Winger,Attack,left,175.0,20.386036960985628,12000000.0
996897,2025,32,2139,5,1,9,0,Diego Gómez,2003-03-27,Central Midfield,Midfield,right,183.0,23.260780287474333,25000000.0
998101,2025,9,137,0,0,1,0,Alex Tóth,2005-10-23,Central Midfield,Midfield,right,181.0,20.684462696783026,12000000.0
1004708,2025,17,663,1,0,1,0,Josh Acheampong,2006-05-05,Right-Back,Defender,right,190.0,20.1533196440794,25000000.0
1005583,2025,3,47,0,0,0,0,Alysson,2006-05-05,Right Winger,Attack,left,184.0,20.1533196440794,10000000.0
1005649,2025,25,2133,1,0,5,0,Murillo,2002-07-04,Centre-Back,Defender,left,180.0,23.98904859685147,50000000.0
1006411,2025,20,1334,0,0,3,0,Jaydee Canvot,2006-07-29,Centre-Back,Defender,right,188.0,19.920602327173167,28000000.0
1009658,2025,3,34,0,0,0,0,Julio Soler,2005-02-16,Left-Back,Defender,left,175.0,21.366187542778917,8000000.0
1011131,2025,32,1304,1,2,4,0,Josh King,2007-01-03,Attacking Midfield,Midfield,right,173.0,19.488021902806295,25000000.0
1011140,2025,3,107,0,0,0,0,Jack Fletcher,2007-03-19,Attacking Midfield,Midfield,left,,19.28268309377139,1000000.0
1011936,2025,1,1,0,0,0,0,Kaye Furo,2007-02-06,Centre-Forward,Attack,right,190.0,19.394934976043807,8000000.0
1012534,2025,34,2401,3,4,3,0,Yankuba Minteh,2004-07-22,Right Winger,Attack,left,180.0,21.93839835728953,45000000.0
1012564,2025,15,1120,5,2,1,0,Rayan,2006-08-03,Right Winger,Attack,left,187.0,19.906913073237508,60000000.0
1045123,2025,6,21,0,0,0,0,Trey Nyoni,2007-06-30,Central Midfield,Midfield,right,180.0,19.000684462696782,8000000.0
1047257,2025,1,90,0,0,0,0,Rio Cardines,2006-07-01,Left-Back,Defender,left,175.0,19.99726214921287,300000.0
1056993,2025,22,846,2,2,4,0,Estêvão,2007-04-24,Right Winger,Attack,left,178.0,19.184120465434635,80000000.0
1060087,2025,21,353,2,1,2,0,Charalampos Kostoulas,2007-05-30,Centre-Forward,Attack,right,185.0,19.085557837097877,25000000.0
1063329,2025,6,83,0,0,0,0,Andrés García,2003-02-07,Right-Back,Defender,right,185.0,23.392197125256672,6000000.0
1064471,2025,9,230,0,1,1,0,Fer López,2004-05-24,Attacking Midfield,Midfield,left,188.0,22.099931553730322,16000000.0
1067168,2025,3,93,0,0,0,0,Harry Howell,2008-04-20,Attacking Midfield,Midfield,left,,18.193018480492814,300000.0
1069512,2025,7,49,0,0,1,0,Jonah Kusi-Asare,2007-07-04,Centre-Forward,Attack,right,196.0,18.989733059548254,3000000.0
1078163,2025,17,923,0,1,2,0,Ayden Heaven,2006-09-22,Centre-Back,Defender,left,189.0,19.770020533880903,30000000.0
1081995,2025,11,66,0,0,2,0,Mohamadou Kanté,2005-09-20,Defensive Midfield,Midfield,right,189.0,20.774811772758383,1000000.0
1085591,2025,1,15,0,0,0,0,Bendito Mantato,2008-01-25,Right Winger,Attack,,180.0,18.428473648186174,400000.0
1086258,2025,4,144,0,0,1,0,Souza,2006-06-16,Left-Back,Defender,left,183.0,20.03832991101985,12000000.0
1091562,2025,4,38,0,1,0,0,Romelle Donovan,2006-11-30,Right Winger,Attack,left,171.0,19.581108829568787,3500000.0
1107726,2025,6,113,0,0,0,0,Ezra Mayers,2007-01-16,Centre-Back,Defender,left,183.0,19.45242984257358,2000000.0
1107733,2025,13,528,0,0,0,0,Harrison Armstrong,2007-01-19,Central Midfield,Midfield,right,185.0,19.444216290212182,12000000.0
1108466,2025,19,551,2,1,0,0,Rio Ngumoha,2008-08-29,Left Winger,Attack,right,170.0,17.83436002737851,30000000.0
1111589,2025,32,2711,0,5,6,0,El Hadji Malick Diouf,2004-12-28,Left-Back,Defender,left,177.0,21.503080082135522,28000000.0
1124005,2025,14,159,0,1,0,0,Christantus Uche,2003-05-19,Centre-Forward,Attack,both,190.0,23.11567419575633,12000000.0
1187629,2025,6,153,1,1,0,0,Max Dowman,2009-12-31,Right Winger,Attack,left,183.0,16.49555099247091,30000000.0
1193867,2025,9,259,0,0,0,0,Pedro Lima,2006-07-01,Right-Back,Defender,right,174.0,19.99726214921287,4000000.0
1202361,2025,1,16,0,0,0,0,Bradley Burrowes,2008-03-04,Right Winger,Attack,right,169.0,18.321697467488022,2000000.0
1230661,2025,27,1790,3,2,0,0,Mateus Mané,2007-09-16,Attacking Midfield,Midfield,right,175.0,18.78713210130048,20000000.0
1322090,2025,1,39,0,0,0,0,Jocelin Ta Bi,2005-02-09,Right Winger,Attack,left,175.0,21.385352498288842,2500000.0
